location_prefix,count
龙山区东环路,57
龙城镇仲李村,596
鼓楼新天地,54
鼓楼区魏都路,67
鼓楼区迎宾路金阳光商业广场,54
鼓楼区中山路中段,55
黄淮市场西区,193
黄淮市场,75
黄河路金色龙湾立华公寓,277
黄河路东段,98
黄河路与长庆路西南角,93
麒麟建材城,91
鹿邑县鸣鹿路中段,88
鹿邑县高集乡高集大街,105
鹿邑县马铺镇马南行政村马南,160
鹿邑县金鹿商城,69
鹿邑县邱集乡武平城,60
鹿邑县辛集镇辛兴办事处,124
鹿邑县贾滩乡贾滩集,92
鹿邑县谷阳路西段,64
鹿邑县谷阳路中段,99
鹿邑县谷阳路东段,56
鹿邑县观堂镇观堂集,152
鹿邑县翰正小区,58
鹿邑县紫气大道西段,184
鹿邑县紫气大道明道城,55
鹿邑县紫气大道东段,106
鹿邑县真源大道南段,179
鹿邑县真源大道北段,217
鹿邑县真源大道中段,95
鹿邑县盛世佳苑小区,57
鹿邑县王皮溜镇王皮溜集,94
鹿邑县涡北镇义乌商贸城,64
鹿邑县汽贸城,60
鹿邑县武平路南段,72
鹿邑县武平路北段,82
鹿邑县武平路中段,68
鹿邑县栾台路南段,78
鹿邑县栾台路北段,77
鹿邑县栾台路中段,161
鹿邑县新天地,77
鹿邑县太清宫镇商贸城,56
鹿邑县县府东街,59
鹿邑县卫真路西段,143
鹿邑县卫真路中段,59
鹿邑县卫真路东段,182
鹿邑县博德路中段,69
鹿邑县博德路东段,95
鹿邑县伯阳路东段,110
鹿邑县仙台路西段,52
鹤壁市淇滨区黎阳路,73
鹤壁市淇滨区黄河路,54
鹤壁市淇滨区贸易一区,104
鹤壁市淇滨区淮河路,56
鹤壁市淇滨区淇滨大道,54
鹤壁市淇滨区淇河路,83
鹤壁市淇滨区太行路,92
鹤壁市淇滨区天泰市场,113
鹤壁市淇滨区卫河路,65
鹤壁市淇滨区华山路,94
鹤壁市淇滨区兴鹤大街,53
鹤壁市淇滨区九州路西段四季青农产品批发市场,75
鹤壁市淇滨区,132
鹤壁市山城区长风路中段,63
鹤壁市山城区长风路,98
鹤壁市山城区石林镇时丰村,61
鹤壁市山城区朝霞街,76
鹤壁市山城区朝阳街,83
鹤壁市山城区春雷路,80
鹤壁市山城区前进路,66
鲁山县马楼乡马楼街,154
鲁山县马楼乡马楼村,76
鲁山县马楼乡贾集村,51
鲁山县顺城路中段路南,51
鲁山县辛集乡辛集街,108
鲁山县辛集乡程村,115
鲁山县赵村镇赵村街,55
鲁山县赵村镇中汤街,53
鲁山县赵村乡中汤街,55
鲁山县观音寺乡观音寺街,135
鲁山县董周乡董村街,110
鲁山县花园路南段路东,51
鲁山县背孜乡背孜街,73
鲁山县磙子营乡磙子营街,119
鲁山县磙子营乡磙子营村,93
鲁山县瓦屋镇瓦屋街,74
鲁山县瓦屋乡瓦屋街,136
鲁山县梁洼镇西街村,85
鲁山县梁洼镇梁洼街,82
鲁山县梁洼镇南街村,75
鲁山县张良镇张良街,127
鲁山县张良镇南北街路西,70
鲁山县张良镇南北街路东,82
鲁山县张官营镇营南村,85
鲁山县张官营镇营东村,53
鲁山县张官营镇张官营街,122
鲁山县库区乡婆娑村,58
鲁山县尧山镇想马河村,54
鲁山县尧山镇尧山街,159
鲁山县尧山镇四道河村,69
鲁山县墨子商场内环,113
鲁山县墨公路南段路东,57
鲁山县墨公路中段路西,59
鲁山县向阳路南段路东,63
鲁山县仓头乡仓头街,88
鲁山县人民路东段路北,52
鲁山县下汤镇老街村,183
鲁山县下汤镇新街村,194
魏都路,52
魏都区解放路,108
魏都区西大街中段,60
魏都区袁庄社区,87
魏都区洞上社区,75
魏都区新兴路,75
魏都区文会街,52
魏都区察院西街洋帆服装城,85
魏都区奎楼商业街,58
魏都区天宝社区,60
魏都区向阳路,74
魏都区后刘社区,64
魏都区北关社区,116
魏都区光明路,57
魏都区五一路,126
魏北办事处辛张社区,65
魏北办事处俎庄社区,54
高新区红河批发城C,72
高新区红河批发城B,52
高新区红河批发城A,95
高新区水暖建材市场,60
高新区后营村,103
高新区后营,51
高新区前张村,62
高新区五金交电大世界,130
高平镇高平集,102
驿城区贸易广场,99
驿城区诸市乡,53
驿城区乐山路中段,394
驿城区乐山路,78
驻马店开发区金山,55
驻马店开发区通达路,73
驻马店开发区置地大道,74
驻马店开发区泰山路,68
驻马店开发区文明路北段,52
驻马店开发区学院路,71
驻马店开发区关王庙街,59
驻马店开发区关王庙,69
驻马店市驿城区驿春市场,65
驻马店市驿城区风光路南段,56
驻马店市驿城区风光路北段,61
驻马店市驿城区顺河乡马庄村委,118
驻马店市驿城区贸易广场,147
驻马店市驿城区蚁蜂镇蚁蜂街,266
驻马店市驿城区胡庙乡臧集街,54
驻马店市驿城区胡庙乡胡庙街,65
驻马店市驿城区浙江商贸城,346
驻马店市驿城区水屯镇水屯街,125
驻马店市驿城区水屯镇水屯村,55
驻马店市驿城区板桥镇板桥街,82
驻马店市驿城区富强路北段,173
驻马店市驿城区富强路中段,98
驻马店市驿城区宏源市场,64
驻马店市驿城区天龙市场,92
驻马店市驿城区古城乡古城街,58
驻马店市驿城区刘阁办事处刘阁街,70
驻马店市驿城区众信市场水果区,53
驻马店市驿城区众信市场,435
驻马店市驿城区交通路东段,65
驻马店市驿城区乐山路南段西刘庄市场,148
驻马店市驿城区乐山大道南段路西（西刘庄农贸市场）,93
驻马店市驿城区中华大道东段路北,53
驻马店市金河,189
驻马店市金山,338
驻马店市泰山路,61
驻马店市泌阳县付庄乡开元路,2859
驻马店市正阳县铜钟镇铜钟街,174
驻马店市正阳县大林镇大林街,134
驻马店市开源,85
驻马店市开发区金雀路西段,56
驻马店市开发区金雀路东段,69
驻马店市开发区建业市场,116
驻马店市开发区关王庙乡关王庙街,80
驻马店市开发区关王庙乡,139
驻马店市开发区乐山路北段,106
马蹬镇黄庄街,77
马村乡龙马社区,131
马村乡马村街,75
马家乡科泉村,70
顿岗乡顿岗集,58
顺和乡顺和东街,100
项城市郑郭南街,51
项城市西大街,218
项城市范集街,103
项城市秣陵镇项新路,56
项城市秣陵镇西大街,129
项城市湖滨路欧蓓莎商城,51
项城市江南步行街,69
项城市新桥镇北街,71
项城市张庄大街,59
项城市建材大世界,111
项城市官会镇西街,55
项城市孙店街,64
项城市孙店东街,134
项城市团结南路,51
项城市南大街,132
项城市北大街,71
项城市交通路,59
项城市交通西路,104
项城市交通中路,61
项城市东大街,180
项城市丁集南街,61
韭园镇湾赵街,103
青龙背街,110
青年湖便民点,55
陕州区西站商贸城,129
陕州区张茅乡张茅街,55
陕县西张村镇张村街,124
陕县菜园乡菜园街,96
陕县温塘永乐街,51
陕县张茅乡张茅街,56
陕县商贸城,91
陈淋子镇街道,125
阳邵乡阳邵集,82
长葛市长社路东段北侧（金桥农机商贸市场）,85
长葛市董村镇董村社区,71
长葛市老城镇槐树陈村,72
长葛市老城镇和平社区,250
长葛市老城镇台庙社区,57
长葛市石固镇朝阳村,122
长葛市石固镇南寨西街村,67
长葛市石固镇南寨东街村,55
长葛市市区长社路东段南侧,60
长葛市市区建设路南段,54
长葛市官亭乡尚庄村,77
长葛市官亭乡东岗李村,75
长葛市大周镇赵庄村,123
长葛市大周镇石桥路村,61
长葛市大周镇王皮庙村,56
长葛市大周镇新尚庄村,64
长葛市大周镇庞庄村,51
长葛市大周镇小谢庄村,105
长葛市大周镇大周村,221
长葛市大周镇和尚杨村,118
长葛市大周镇双庙李村,116
长葛市坡胡镇水磨河村,85
长葛市和尚桥镇樊楼村,57
长葛市和尚桥镇于井村,116
长葛市后河镇后河村,165
长葛市古桥镇古桥村,75
长垣市丁栾镇医疗器械回归双创园,52
长垣县蒲东区长城商贸城西区,58
长垣县蒲东区金源市场,54
长垣县苗寨镇苗寨村,64
长垣县武邱乡武邱村,53
长垣县常村镇韦庄村,89
长垣县常村镇常村北街,84
长垣县孟岗镇孟岗村,77
长垣县南蒲区健康产业园创业园C,73
镇平县高丘镇高丘街,99
镇平县马庄乡马庄街,87
镇平县贾宋镇车站路北段,131
镇平县贾宋镇车站路,474
镇平县贾宋镇民族街,88
镇平县贾宋镇桥北村,59
镇平县贾宋镇文化市场,871
镇平县贾宋镇华鑫市场,244
镇平县贾宋镇华星市场,1454
镇平县老庄镇寺庄街,110
镇平县石佛寺镇龙翔路,78
镇平县石佛寺镇贺庄村,91
镇平县石佛寺镇老毕庄新村,88
镇平县石佛寺镇玉雕湾东区,64
镇平县石佛寺镇玉博苑市场,115
镇平县石佛寺镇玉之友商贸城,590
镇平县石佛寺镇榆树庄批发市场,132
镇平县石佛寺镇新民路,130
镇平县石佛寺镇新兴路,59
镇平县石佛寺镇宝玉城,187
镇平县石佛寺镇天下玉源市场北大厅,60
镇平县石佛寺镇天下玉源南大厅,61
镇平县石佛寺镇天下玉源北大厅A－,64
镇平县石佛寺镇国际玉城,117
镇平县石佛寺镇万玉玉雕批发市场,66
镇平县玉都办五里岗,58
镇平县涅阳路西段,74
镇平县涅阳路中段,61
镇平县涅阳路东段,98
镇平县校场路北段,64
镇平县曲屯镇曲屯街,121
镇平县新华路南段,53
镇平县建设大道东段,103
镇平县工业路西段,80
镇平县卢医镇卢医街,84
镇平县华鑫市场,60
镇平县中山街西段,78
镇平县中山街东段,87
镇平县,81
铁门镇铁门村,53
铁门镇沟头村,63
铁门镇庙头村,104
钱江家居广场,64
金鹿商城,66
金水区金水路,126
金水区大石桥街道金水路,65
金水区大石桥街道南阳路,67
金水区大石桥街道优胜南路,66
金水区南阳路,179
金水区健康路,52
金水区优胜南路,117
金桥建材市场,96
金明区黄汴河中街,65
金明区大梁路,86
采桑镇南采桑村,68
鄢陵县马栏镇马栏街,61
鄢陵县陶城镇陶北村,76
鄢陵县陶城乡陶北村,75
鄢陵县望田镇北村,82
鄢陵县彭店乡彭店街,64
鄢陵县张桥镇金桥路,61
鄢陵县大马镇大马村,51
鄢陵县只乐镇西只乐村,101
郾城区龙城镇宁沟刘村,53
郾城区龙城镇大军王村,287
郾城区龙城镇十五里店村,124
郾城区黄河路西段,173
郾城区黄河路中段,1302
郾城区黄河西段,55
郾城区黄河中段,130
郾城区陵园路社区陵园路西,94
郾城区陵园路社区冠生园小区,72
郾城区金牛工贸小区,98
郾城区辽河路西段,478
郾城区辽河路市场,51
郾城区辽河路,259
郾城区裴城镇裴城村,103
郾城区裴城镇苏侯村,190
郾城区裴城镇三丁村,203
郾城区舟山路中段,465
郾城区淞江街道香陈湾村,354
郾城区淞江街道英张社区,415
郾城区淞江街道岷山姜庄,65
郾城区淞江街道小赵村,191
郾城区淞江街道太白山路,54
郾城区海河路西段,173
郾城区海河路中段,216
郾城区海河路,76
郾城区沙北黄河路中段,115
郾城区沙北崂山路中段,107
郾城区李集镇魏李村,120
郾城区李集镇陈西村,150
郾城区李集镇陈东村,120
郾城区李集镇郭东村,101
郾城区李集镇西孟村,91
郾城区李集镇老集村,210
郾城区李集镇白庄村,79
郾城区李集镇田庄村,54
郾城区李集镇潘付刘村,104
郾城区李集镇李集村,418
郾城区李集镇小田庄村,66
郾城区李集镇大宋村,336
郾城区李集镇后李村,100
郾城区李集镇位李村,110
郾城区李集乡李集村,172
郾城区新都市场,156
郾城区新店镇闫李村,250
郾城区新店镇薛庄村,197
郾城区新店镇游庄村,144
郾城区新店镇春庄村,107
郾城区新店镇新店村,484
郾城区新店镇斗王村,84
郾城区新店镇尧河庙村,149
郾城区新店镇周石黄村,237
郾城区新店镇周庄村,71
郾城区新店镇前丁村,210
郾城区建材市场,79
郾城区崂山路中段,104
郾城区孟庙镇马坡村,55
郾城区孟庙镇路堂村,283
郾城区孟庙镇西营村,51
郾城区孟庙镇薛赵村,73
郾城区孟庙镇王店村,51
郾城区孟庙镇潘北村,115
郾城区孟庙镇沈赵村,138
郾城区孟庙镇杜李村,299
郾城区孟庙镇新郑村,226
郾城区孟庙镇张店村,53
郾城区孟庙镇张任庄村,60
郾城区孟庙镇孟庙村,87
郾城区孟庙镇坡陈村,160
郾城区孟庙镇八里村,473
郾城区孟庙镇三周村,176
郾城区商桥镇靳庄村,62
郾城区商桥镇大杨村,101
郾城区商桥镇商西村,70
郾城区商桥镇商南村,356
郾城区商桥镇商东村,147
郾城区商桥镇刘孟村,132
郾城区华山农贸市场,67
郾城区井冈山路西,51
郾城区井冈山路,138
郾城区MOCO新世界,69
郸城县钱店镇胡楼行政村大谷楼一组,98
郸城县钱店镇王楼村,67
郸城县钱店镇王君庄村,293
郸城县钱店镇张寨村,98
郸城县钱店镇张寨,145
郸城县钱店镇孙堂村一组,118
郸城县钱店镇大陈村,82
郸城县钱店镇后胡村一组,56
郸城县钱店镇前杨集一组,128
郸城县钱店镇前杨集,300
郸城县胡集乡胡集村,115
郸城县胡集乡罗屯,153
郸城县胡集乡王瓦房村,77
郸城县胡集乡王楼集,66
郸城县胡集乡武河沟村,165
郸城县胡集乡晋岗村,194
郸城县胡集乡大任庄,490
郸城县胡集乡史桥村,203
郸城县石槽镇,83
郸城县白马镇老牙集,65
郸城县白马镇白马集,641
郸城县白马镇电商产业园D栋第五排,115
郸城县白马镇电商产业园D栋第二排,76
郸城县白马镇电商产业园D栋第三排,94
郸城县白马镇电商产业园D栋第一排,67
郸城县白马镇电商产业园C栋三排,135
郸城县白马镇电商产业园C栋,184
郸城县白马镇电商产业园B栋第,160
郸城县白马镇电商产业园B栋三排,150
郸城县白马镇电商产业园B栋一排,66
郸城县白马镇电商产业园B栋,52
郸城县白马镇电商产业园A栋第,458
郸城县白马镇电商产业园A栋二排,63
郸城县白马镇电商产业园A栋一排,79
郸城县白马镇电商产业园A-,66
郸城县白马镇刘楼行政村刘楼村,254
郸城县汲冢镇郑集村,122
郸城县汲冢镇蒋寺村一组,68
郸城县汲冢镇徐洼村,131
郸城县汲冢镇孙庄村,107
郸城县汲冢镇喻寨村一组,85
郸城县汲冢镇史庄村,201
郸城县汲冢镇南街路西,56
郸城县汲冢镇南街路东,61
郸城县汲冢镇刘庄村,97
郸城县汲冢镇东街路南,68
郸城县汲冢镇东街路北,66
郸城县汲冢镇丁寨村,67
郸城县汲冢镇,239
郸城县李楼乡南街路西,100
郸城县李楼乡南街路东,68
郸城县新城区科技大道,70
郸城县新华路西段路南,51
郸城县新华路西段,83
郸城县新华路中段,65
郸城县新华路东段,97
郸城县支农路北段,70
郸城县巴集乡中心街,55
郸城县宜路镇高庄村一组,63
郸城县宜路镇王康楼村一组,216
郸城县宜路镇牛庄村一组,185
郸城县宜路镇段庄村一组,478
郸城县宜路镇左庄村一组,240
郸城县宜路镇北头村二组,79
郸城县宜路镇北头村一组,69
郸城县宜路镇前陈村一组,138
郸城县宜路镇刘老庄村一组,112
郸城县宜路镇党庄村一组,84
郸城县宜路镇东街,95
郸城县宜路镇三里村一组,183
郸城县宁平镇西街路南,51
郸城县宁平镇白水村,58
郸城县宁平镇梁崔村,200
郸城县宁平镇杨中楼村,214
郸城县城郊乡,408
郸城县城关镇石化街,95
郸城县城关镇支农路,233
郸城县城关镇幸福路,61
郸城县城关镇南英街,66
郸城县城丹成大道,165
郸城县吴台集南街路西,66
郸城县吴台镇河湾村,59
郸城县吴台镇段岭集,118
郸城县吴台镇杨老家村,85
郸城县吴台镇杨河湾村,118
郸城县吴台镇晋菜园,193
郸城县吴台镇孙楼村,216
郸城县吴台镇大张村,63
郸城县吴台镇大吴庄村一组,78
郸城县吴台镇吴台村,52
郸城县南丰镇宋庄村,263
郸城县南丰镇商贸城三组,95
郸城县南丰镇商贸城,163
郸城县南丰镇南丰西街,96
郸城县南丰镇南丰中心街,61
郸城县南丰镇南丰东街,53
郸城县人民路南段,69
郸城县久鸿农贸物流城西区A,59
郸城县久鸿农贸物流城东区,60
郸城县久鸿农贸市场西区,202
郸城县东风乡北街,55
郸城县世纪大道北段,62
郸城县万洋魅力广场,158
郸城县丁村乡丁村北街,65
郑州高新技术产业开发区须水河东路,79
郑州高新技术产业开发区长椿路,663
郑州高新技术产业开发区银屏路,163
郑州高新技术产业开发区金菊街,53
郑州高新技术产业开发区金梭路,483
郑州高新技术产业开发区迎春街,85
郑州高新技术产业开发区西四环,125
郑州高新技术产业开发区西三环路,406
郑州高新技术产业开发区西三环,145
郑州高新技术产业开发区莲花街,664
郑州高新技术产业开发区翠竹街,572
郑州高新技术产业开发区红松路,97
郑州高新技术产业开发区红叶路,109
郑州高新技术产业开发区科学大道,820
郑州高新技术产业开发区碧桃路,92
郑州高新技术产业开发区电厂路,422
郑州高新技术产业开发区瑞达路,486
郑州高新技术产业开发区玉兰街,231
郑州高新技术产业开发区牡丹路,55
郑州高新技术产业开发区梧桐街,187
郑州高新技术产业开发区枫杨街,116
郑州高新技术产业开发区木兰里,78
郑州高新技术产业开发区化工路,88
郑州高新技术产业开发区冬青街,377
郑州高新技术产业开发区五龙口南路,122
郑州高新开发区银屏路,65
郑州高新开发区瑞达路,77
郑州高新区黄兰路,54
郑州高新区雪松路,53
郑州高新区长椿路,618
郑州高新区银屏路,277
郑州高新区金菊街,117
郑州高新区金梭路,335
郑州高新区郁香路,115
郑州高新区迎春街,242
郑州高新区西四环,56
郑州高新区西三环路,68
郑州高新区莲花街,340
郑州高新区翠竹街,416
郑州高新区红叶路,179
郑州高新区紫竹路,51
郑州高新区科学大道南红叶路,64
郑州高新区科学大道与绕城高速交叉口西建材大世界,67
郑州高新区科学大道,408
郑州高新区碧桃路,51
郑州高新区石楠路,55
郑州高新区白桦街,64
郑州高新区电厂路,487
郑州高新区瑞达路,564
郑州高新区玉兰街,290
郑州高新区牡丹路,114
郑州高新区漳河路,106
郑州高新区樱花街,58
郑州高新区梧桐街,106
郑州高新区桂花西街,68
郑州高新区枫香街,56
郑州高新区枫杨街,271
郑州高新区朗悦公园茂U-,107
郑州高新区月桂路,57
郑州高新区师新庄社区,92
郑州高新区师新庄,97
郑州高新区山桃路,58
郑州高新区国槐街,239
郑州高新区合欢街,168
郑州高新区化工路,63
郑州高新区冬青街,248
郑州高新区公园道,55
郑州高新区五龙口南路,136
郑州高新区万达广场室内步行街,130
郑州高新区丁香里,67
郑州高新区丁楼庄园,95
郑州航空港区龙王办龙王村,74
郑州航空港区龙王办龙安社区,80
郑州航空港区龙王办铁李村,52
郑州航空港区龙港办事处八岗村,427
郑州航空港区龙港办事处万通路南段,64
郑州航空港区长安路,53
郑州航空港区锦荣悦汇城,83
郑州航空港区锦荣商城,78
郑州航空港区锦绣荷园,90
郑州航空港区锦绣翠园,56
郑州航空港区锦绣枣园,53
郑州航空港区银河办事处,69
郑州航空港区鑫荣中央金地A,222
郑州航空港区豫康新城,399
郑州航空港区裕鸿世界港,94
郑州航空港区绿苑市场,52
郑州航空港区港城,83
郑州航空港区润丰锦尚,53
郑州航空港区润丰悦尚,64
郑州航空港区沃金商业广场负一层,54
郑州航空港区沃金商业广场商业,108
郑州航空港区沃金商业广场,290
郑州航空港区新港办事处航南新城,118
郑州航空港区新港办事处南街,74
郑州航空港区新港办事处三号安置区,51
郑州航空港区张庄办事处张庄西街,55
郑州航空港区张庄办事处张庄村西街,190
郑州航空港区张庄办事处张庄村南街,461
郑州航空港区张庄办事处张庄村北街,170
郑州航空港区张庄办事处张庄村东街,157
郑州航空港区张庄办事处张庄村,343
郑州航空港区张庄办事处张庄南街,121
郑州航空港区康平湖农贸市场,67
郑州航空港区山顶公寓,73
郑州航空港区富鑫小区商业,61
郑州航空港区富鑫公寓,202
郑州航空港区富康商业广场,66
郑州航空港区华鸿小区,196
郑州航空港区北港商业中心,116
郑州航空港区冯堂办事处冯堂村,131
郑州航空港区八岗办事处高陈村,54
郑州航空港区八岗办事处蔡庄坡村,56
郑州航空港区八岗办事处庙后村,63
郑州航空港区八岗办事处前吕村,81
郑州航空港区八千办君赵村,53
郑州航空港区三官庙办事处三官庙村,397
郑州航空港区,207
郑州经济技术开发区航海东路华丰红连天家具博览中心,80
郑州经济技术开发区航海东路,2183
郑州经济技术开发区经南四路,60
郑州经济技术开发区经南五路,51
郑州经济技术开发区经南二路,124
郑州经济技术开发区经南九路,121
郑州经济技术开发区经南三路,99
郑州经济技术开发区经北二路,770
郑州经济技术开发区经北一路,181
郑州经济技术开发区第六大街,77
郑州经济技术开发区第八大街与经北六路长盛广场,56
郑州经济技术开发区第八大街,224
郑州经济技术开发区第五大街,203
郑州经济技术开发区第二大街,104
郑州经济技术开发区第三大街,188
郑州经济技术开发区第七大街与经北六路长盛广场,97
郑州经济技术开发区第七大街,142
郑州经济技术开发区第一大街,89
郑州经济技术开发区祥云办事处祥符卢村,89
郑州经济技术开发区祥云办事处祥付卢村,59
郑州经济技术开发区祥云办事处祥云寺村,68
郑州经济技术开发区祥云办事处席庄村,68
郑州经济技术开发区潮河办事处第十四大街,149
郑州经济技术开发区潮河办事处第十五大街,149
郑州经济技术开发区潮河办事处第十三大街,163
郑州经济技术开发区正商经开广场,135
郑州经济技术开发区朝凤路亚太明珠,56
郑州经济技术开发区朝凤路,287
郑州经济技术开发区商英街,169
郑州经济技术开发区前程大道,77
郑州经济技术开发区京航办事处蒋冲村,191
郑州经济技术开发区京航办事处大孙庄村,142
郑州经济技术开发区京航办事处吴庄村,64
郑州经济技术开发区京航办事处任楼村,82
郑州经济技术开发区九龙办事处芦医庙大街,132
郑州经济技术开发区九龙办事处新亚社区芦医庙大街,155
郑州经济技术开发区,85
郑州经济技术发开区潮河办事处十八大街,62
郑州市高新区长椿路,83
郑州市高新区银屏路,71
郑州市高新区莲花街,55
郑州市高新区翠竹街,75
郑州市高新区红叶路,54
郑州市高新区科学大道,119
郑州市高新区瑞达路,96
郑州市高新区玉兰街,84
郑州市高新区梧桐街,75
郑州市高新区合欢街,79
郑州市高新区冬青街,83
郑州市金水路,67
郑州市金水区黄河路服装市场,69
郑州市金水区黄河路服装商场,65
郑州市金水区黄河路,2134
郑州市金水区黄河北街,75
郑州市金水区魏河南路,52
郑州市金水区顺河路,592
郑州市金水区青年路张庄社区,462
郑州市金水区青年路,307
郑州市金水区陈砦蔬菜市场,83
郑州市金水区陈砦菜市场,71
郑州市金水区陈砦花卉市场盆花区,113
郑州市金水区陈砦花卉市场工艺品区,59
郑州市金水区鑫苑路,560
郑州市金水区鑫苑西路,305
郑州市金水区金水路,2294
郑州市金水区金杯路,108
郑州市金水区金明路,94
郑州市金水区金成时代广场,59
郑州市金水区郑花路,3072
郑州市金水区郑汴路陈砦花卉商场,122
郑州市金水区郑汴路东建材灯饰广场精品区,65
郑州市金水区郑汴路,855
郑州市金水区跃进路,80
郑州市金水区贾鲁河南路,396
郑州市金水区贾鲁河北路,175
郑州市金水区西里路,137
郑州市金水区西太康路,489
郑州市金水区西关虎屯村,53
郑州市金水区英协路,369
郑州市金水区花园路西、农科路北,108
郑州市金水区花园路与天伦路交叉口花园茶城,121
郑州市金水区花园路,3938
郑州市金水区花园北路,353
郑州市金水区翠花路,406
郑州市金水区群英路,275
郑州市金水区群办路,109
郑州市金水区经六路,135
郑州市金水区经八路,464
郑州市金水区经五路,852
郑州市金水区经二路,135
郑州市金水区经三路北段,196
郑州市金水区经三路北,1355
郑州市金水区经三路,1422
郑州市金水区经三北路,243
郑州市金水区经七路,656
郑州市金水区经一路北,183
郑州市金水区经一路,124
郑州市金水区纬四路服装市场,100
郑州市金水区纬四路东段,58
郑州市金水区纬四路东,69
郑州市金水区纬四路,280
郑州市金水区纬五路,722
郑州市金水区纬二路,173
郑州市金水区纬三路,103
郑州市金水区纬一路,162
郑州市金水区红旗路,555
郑州市金水区红专路,1107
郑州市金水区紫荆山路,616
郑州市金水区索凌路,944
郑州市金水区科源路,100
郑州市金水区科技市场百脑汇,148
郑州市金水区科技市场电子大厦,152
郑州市金水区科技市场数码港,63
郑州市金水区科技市场中关大厦,55
郑州市金水区福彩路,424
郑州市金水区福元路,187
郑州市金水区祭城镇张庄村,72
郑州市金水区玉凤路,379
郑州市金水区渠东路与水科路交叉口向东,127
郑州市金水区渠东路,52
郑州市金水区海滩街,155
郑州市金水区沙门西路,62
郑州市金水区沙口路,1435
郑州市金水区水科路,142
郑州市金水区民航路,295
郑州市金水区林科路,268
郑州市金水区杨金路,179
郑州市金水区杜岭中街,85
郑州市金水区机场路,80
郑州市金水区未来路,250
郑州市金水区未来大道,162
郑州市金水区朝阳路,135
郑州市金水区普庆路,392
郑州市金水区晨旭路,400
郑州市金水区明达路,60
郑州市金水区文博西路白庙小区,53
郑州市金水区文博西路,361
郑州市金水区文博东路东、东风路南,132
郑州市金水区文博东路,286
郑州市金水区文化路北段,86
郑州市金水区文化路,4623
郑州市金水区文化北路,1213
郑州市金水区文劳路,69
郑州市金水区政四街,97
郑州市金水区政六街,314
郑州市金水区政七街,439
郑州市金水区建业路建业城市花园,101
郑州市金水区建业路,140
郑州市金水区庙李镇国基路,87
郑州市金水区广电南路,259
郑州市金水区市民新村北街,67
郑州市金水区工人新村,90
郑州市金水区工三街,73
郑州市金水区工一街,51
郑州市金水区嵩山北路,112
郑州市金水区岗杜街,135
郑州市金水区岗杜北街,140
郑州市金水区宏达路宏达国际车业广场,280
郑州市金水区宏达路,129
郑州市金水区宏达街,496
郑州市金水区宏祥路,148
郑州市金水区宏泰路,150
郑州市金水区宏康路,361
郑州市金水区宋砦小区,373
郑州市金水区孟砦北街,101
郑州市金水区姚砦路,459
郑州市金水区姚寨路,84
郑州市金水区天明路,1250
郑州市金水区天伦路,439
郑州市金水区城北路,152
郑州市金水区城东路,260
郑州市金水区国基路,3712
郑州市金水区园田路,821
郑州市金水区商城东路,96
郑州市金水区同乐路,169
郑州市金水区双铺路,149
郑州市金水区卫生路,705
郑州市金水区博颂路,807
郑州市金水区博远路,58
郑州市金水区南阳路,3846
郑州市金水区南丰街,173
郑州市金水区北环路,2104
郑州市金水区北二七路,210
郑州市金水区北三环路,58
郑州市金水区北三环,778
郑州市金水区勤工路,503
郑州市金水区凤鸣路,73
郑州市金水区凤台路,239
郑州市金水区农科路北、科明路东,181
郑州市金水区农科路,1244
郑州市金水区农业路东段,51
郑州市金水区农业路东,1040
郑州市金水区农业路,1673
郑州市金水区兴达路,189
郑州市金水区健康路商贸不夜区,128
郑州市金水区健康路,392
郑州市金水区俭学街,173
郑州市金水区信息学院路,116
郑州市金水区信基黄河生活广场新,55
郑州市金水区信基路,54
郑州市金水区信基建材家具城,110
郑州市金水区优胜南路,293
郑州市金水区优胜北路,226
郑州市金水区任砦北街,173
郑州市金水区人民路,635
郑州市金水区二环路,60
郑州市金水区二环支路京沙新生活广场,64
郑州市金水区二环支路,161
郑州市金水区二七路丹尼斯大卫城,109
郑州市金水区二七路,71
郑州市金水区丰庆路,2716
郑州市金水区丰产路,1154
郑州市金水区丰乐路,648
郑州市金水区丰乐五金机电城,61
郑州市金水区中方园路,653
郑州市金水区中州大道西、农业路北苏荷公寓,51
郑州市金水区中州大道,663
郑州市金水区东风路街道索凌路,442
郑州市金水区东风路街道文化路,1602
郑州市金水区东风路街道文劳路,82
郑州市金水区东风路街道天明路,684
郑州市金水区东风路街道园田路,215
郑州市金水区东风路街道博颂路宋砦小区,146
郑州市金水区东风路街道博颂路北段宋砦小区,76
郑州市金水区东风路街道博颂路,860
郑州市金水区东风路街道南阳路,95
郑州市金水区东风路街道勤工路,232
郑州市金水区东风路街道信息学院路,162
郑州市金水区东风路街道丰庆路,331
郑州市金水区东风路街道东风路,3106
郑州市金水区东风路南、文博东路东,102
郑州市金水区东风路东段,198
郑州市金水区东风路东,239
郑州市金水区东风路,3841
郑州市金水区东里路,356
郑州市金水区东明路北,244
郑州市金水区东明路,317
郑州市金水区东三街北段,178
郑州市金水区东三街信基黄河生活广场新,99
郑州市金水区东三街信基生活广场,148
郑州市金水区东三街,203
郑州市金水区三全路,1912
郑州市金水区,96
郑州市郑东新区龙湖外环南路,62
郑州市郑东新区龙子湖街道木华广场B座,114
郑州市郑东新区龙子湖办事处龙湖花园,55
郑州市郑东新区龙子湖办事处陈三桥社区,146
郑州市郑东新区龙子湖办事处薛岗社区,125
郑州市郑东新区龙子湖办事处薛夏南街,169
郑州市郑东新区龙子湖办事处薛夏北街,104
郑州市郑东新区龙子湖办事处育翔路,51
郑州市郑东新区龙子湖办事处磨李社区,286
郑州市郑东新区龙子湖办事处汇艺悦公馆,139
郑州市郑东新区龙子湖办事处正商学府广场B座,80
郑州市郑东新区龙子湖办事处正商学府广场A座,51
郑州市郑东新区龙子湖办事处正商学府广场,70
郑州市郑东新区龙子湖办事处杨兑桥社区,68
郑州市郑东新区龙子湖办事处木华广场,278
郑州市郑东新区龙子湖办事处时埂社区东门,55
郑州市郑东新区龙子湖办事处时埂社区,199
郑州市郑东新区龙子湖办事处文化创意大厦,60
郑州市郑东新区龙子湖办事处德惠街,92
郑州市郑东新区龙子湖办事处小孟庄社区,110
郑州市郑东新区龙子湖办事处学府广场,68
郑州市郑东新区龙子湖办事处姚桥农贸市场,56
郑州市郑东新区龙子湖办事处太格茂,93
郑州市郑东新区龙子湖办事处夏庄社区,139
郑州市郑东新区龙子湖办事处博学路,197
郑州市郑东新区龙子湖办事处前牛岗社区,193
郑州市郑东新区黄河南路东祥盛街南,107
郑州市郑东新区黄河南路,91
郑州市郑东新区黄河东路,219
郑州市郑东新区雅宝东方国际广场,68
郑州市郑东新区金水路,59
郑州市郑东新区金水东路,2092
郑州市郑东新区金庄社区,156
郑州市郑东新区金庄,89
郑州市郑东新区金光路办事处郑东海鲜市场A馆,53
郑州市郑东新区金光路办事处郑东海鲜市场,53
郑州市郑东新区通泰路龙杰苑,58
郑州市郑东新区通泰路蓝天空港,108
郑州市郑东新区通泰路,646
郑州市郑东新区豫兴路办事处岗赵村,89
郑州市郑东新区豫兴路办事处刘集村,51
郑州市郑东新区聚源路,86
郑州市郑东新区绿地原盛国际,63
郑州市郑东新区第十街东,141
郑州市郑东新区第八大街与经北六路交叉口文博城西,56
郑州市郑东新区第八大街与经北六路交叉口文博城东,60
郑州市郑东新区福禄路,106
郑州市郑东新区福禄街,190
郑州市郑东新区祭城集贸市场,77
郑州市郑东新区祭城社区,268
郑州市郑东新区祭城小区,79
郑州市郑东新区祭城办事处金水东路,53
郑州市郑东新区祭城办事处祭城社区心怡路,133
郑州市郑东新区祭城办事处盛和街,65
郑州市郑东新区祭城办事处正光路,151
郑州市郑东新区祭城办事处心怡路祭城社区,85
郑州市郑东新区祭城办事处崔庄社区北院,85
郑州市郑东新区祭城,64
郑州市郑东新区祥盛街,841
郑州市郑东新区相济路,76
郑州市郑东新区盛和街,352
郑州市郑东新区白沙镇康庄村,72
郑州市郑东新区白庄社区,268
郑州市郑东新区熊儿河路,121
郑州市郑东新区永平路北、康平路东,91
郑州市郑东新区永平路,471
郑州市郑东新区民生路,142
郑州市郑东新区正光路,234
郑州市郑东新区正光北街,147
郑州市郑东新区榆林南路,83
郑州市郑东新区榆林北路,68
郑州市郑东新区杨桥办事处万滩村,99
郑州市郑东新区普惠路,481
郑州市郑东新区明理路,74
郑州市郑东新区心怡路盛和街交叉口,54
郑州市郑东新区心怡路,199
郑州市郑东新区康平路,519
郑州市郑东新区庙张街,76
郑州市郑东新区庙张南院,53
郑州市郑东新区平安大道,135
郑州市郑东新区崔庄社区,152
郑州市郑东新区崔庄村东海市场,60
郑州市郑东新区宏图街,148
郑州市郑东新区安平路,75
郑州市郑东新区如意湖办事处如意湖海逸名门,79
郑州市郑东新区如意湖办事处商务外环路,273
郑州市郑东新区如意湖办事处商务内环路,391
郑州市郑东新区如意湖办事处商务内环,128
郑州市郑东新区天赋路,750
郑州市郑东新区地润路,420
郑州市郑东新区地德街,66
郑州市郑东新区地坤街,62
郑州市郑东新区圃田乡圃卫一路,84
郑州市郑东新区商鼎路,756
郑州市郑东新区商都路北、站南路西,60
郑州市郑东新区商都路办事处郑东商业中心A区,75
郑州市郑东新区商都路办事处商都路,94
郑州市郑东新区商都路,4927
郑州市郑东新区商务外环路,781
郑州市郑东新区商务外环,201
郑州市郑东新区商务内环路,848
郑州市郑东新区商务内环,168
郑州市郑东新区商务中央公园,65
郑州市郑东新区和光街,98
郑州市郑东新区博学路,142
郑州市郑东新区千宁街,55
郑州市郑东新区十里铺街,292
郑州市郑东新区农业南路,198
郑州市郑东新区农业东路,889
郑州市郑东新区兴荣街,195
郑州市郑东新区八里庙南五社区,64
郑州市郑东新区五洲小区,250
郑州市郑东新区九如东路,90
郑州市郑东新区东四环金光农民花卉创业园C馆,88
郑州市郑东新区万通路郑东商业中心B区,51
郑州市郑东新区万通街,51
郑州市郑东新区七里河南路,283
郑州市郑东新区CBD商务外环路,52
郑州市航空港区营河社区,65
郑州市航空港区新港办事处航南新城,138
郑州市航空港区华鸿小区,66
郑州市管城回族区陇海东路,60
郑州市管城回族区郑汴路,112
郑州市管城回族区西大街,96
郑州市管城回族区航海东路,95
郑州市管城回族区紫荆山路,356
郑州市管城回族区新郑路,59
郑州市管城回族区城南路,51
郑州市管城回族区城东路,95
郑州市管城回族区商城路,79
郑州市管城回族区商城东路,104
郑州市管城回族区东明路,77
郑州市管城回族区东大街,83
郑州市管城区鼎尚街,60
郑州市管城区青年路,150
郑州市管城区陇海路通讯新天地商场,66
郑州市管城区陇海路,268
郑州市管城区陇海南里,83
郑州市管城区陇海东路,890
郑州市管城区锦荣商贸城中区二层,129
郑州市管城区锦荣商贸城中区一层,111
郑州市管城区锦荣商贸城东区二层陇海,56
郑州市管城区锦荣商贸城东区一层,111
郑州市管城区银基广场负一楼F,224
郑州市管城区银基广场C,747
郑州市管城区银基广场B,75
郑州市管城区银基广场A,92
郑州市管城区银基广场,366
郑州市管城区银基商贸城C,71
郑州市管城区金城街菜市场,70
郑州市管城区金城街,194
郑州市管城区郑汴路,1638
郑州市管城区货站街,188
郑州市管城区货站北街,87
郑州市管城区货栈街,294
郑州市管城区货栈北街,273
郑州市管城区豫英路,148
郑州市管城区豫泰商厦三楼,104
郑州市管城区豫泰商厦一楼,184
郑州市管城区豫丰街,112
郑州市管城区西大街,341
郑州市管城区西三马路,57
郑州市管城区裴昌庙街,66
郑州市管城区花寨路,135
郑州市管城区航海路,72
郑州市管城区航海东路,2293
郑州市管城区腾飞路西、七里河路南,52
郑州市管城区腾飞路,208
郑州市管城区紫辰路,219
郑州市管城区紫荆山路西、法院东街南兴达国贸,80
郑州市管城区紫荆山路,1644
郑州市管城区紫荆山南路,58
郑州市管城区紫东路与银莺路交叉口东南角,68
郑州市管城区紫东路,167
郑州市管城区管城西街,79
郑州市管城区管城街,55
郑州市管城区石化路,372
郑州市管城区百荣世贸商城D座四层D,101
郑州市管城区百荣世贸商城D座六层D,51
郑州市管城区百荣世贸商城D座五层D,74
郑州市管城区百荣世贸商城D座二层D,102
郑州市管城区百荣世贸商城D座三层D,94
郑州市管城区百荣世贸商城D座一层D,141
郑州市管城区百荣世贸商城C,312
郑州市管城区百荣世贸商城B座负一层B,56
郑州市管城区百荣世贸商城B座一层,73
郑州市管城区百荣世贸商城A座负一层B,51
郑州市管城区百荣世贸商城A座三层,63
郑州市管城区百荣世贸商城A座一层,66
郑州市管城区玉凤路,88
郑州市管城区港湾路,593
郑州市管城区清真寺街,72
郑州市管城区法院东街,82
郑州市管城区果园路,74
郑州市管城区未来路,344
郑州市管城区新郑路,500
郑州市管城区文治路与姚庄南路交叉口紫东钢铁企业园,297
郑州市管城区文治路,214
郑州市管城区文德路,77
郑州市管城区文兴路,104
郑州市管城区弓背街,69
郑州市管城区布厂街,92
郑州市管城区尚德路,70
郑州市管城区城南路,139
郑州市管城区城东路,454
郑州市管城区城东南路,718
郑州市管城区商城路,389
郑州市管城区商城东路,305
郑州市管城区南曹乡姚庄村宽广洁具区,63
郑州市管城区南曹乡南曹村,125
郑州市管城区南学街,76
郑州市管城区南大街,63
郑州市管城区南四环百荣世贸商城C,70
郑州市管城区南四环与京广路交叉口西南角百荣世贸商城C,102
郑州市管城区南关街,248
郑州市管城区南三环东路,52
郑州市管城区华盛街,83
郑州市管城区十八里河镇王垌村,71
郑州市管城区十八里河镇大王庄村,102
郑州市管城区十八里河镇南小李庄农贸市场,103
郑州市管城区十八里河镇刘湾村,107
郑州市管城区十八里河办事处刘湾村,83
郑州市管城区北下街,66
郑州市管城区凤凰路农贸市场,83
郑州市管城区凤凰路,111
郑州市管城区人民路,73
郑州市管城区二里岗街,61
郑州市管城区二里岗南街,177
郑州市管城区乔家门,151
郑州市管城区中州大道,302
郑州市管城区东明路东、郑汴路北绿都广场办公楼,71
郑州市管城区东明路,479
郑州市管城区东太康路,135
郑州市管城区东大街,525
郑州市管城区东三马路,364
郑州市管城区三益街,52
郑州市火车站地区郑州国际小商品城B座,66
郑州市火车站地区郑州国际小商品城A座,86
郑州市惠济区香山路,56
郑州市惠济区长兴路,346
郑州市惠济区金杯路,108
郑州市惠济区迎宾路,219
郑州市惠济区英才街,218
郑州市惠济区花园口家具城,190
郑州市惠济区艺茂国际仓A,51
郑州市惠济区绿源路,119
郑州市惠济区电厂路,124
郑州市惠济区生产路怡丰新都汇,99
郑州市惠济区生产路,245
郑州市惠济区江山路,70
郑州市惠济区怡丰新都汇,116
郑州市惠济区彩虹农贸综合市场,62
郑州市惠济区开元路,154
郑州市惠济区常青路,84
郑州市惠济区天河路,119
郑州市惠济区双桥花卉基地B区,57
郑州市惠济区双桥花卉基地A区,100
郑州市惠济区双桥弘泰商贸城B区,93
郑州市惠济区南阳路,1367
郑州市惠济区升龙汇金广场,67
郑州市惠济区升龙汇金,89
郑州市惠济区兴隆铺路,247
郑州市惠济区兴南街,77
郑州市惠济区八堡万佳养殖物流园,51
郑州市惠济区信基调味食品城冻品鲜活交易中心,120
郑州市惠济区信基调味食品城,455
郑州市惠济区信基调味品城,53
郑州市惠济区信基冻品大世界,82
郑州市惠济区中部两岸海鲜港A,126
郑州市惠济区中原物流港交易大厅,117
郑州市惠济区中原物流港,156
郑州市惠济区三全路,140
郑州市大同路,53
郑州市二七区鼎盛大道南、青铜西路西,87
郑州市二七区马寨镇学院路,80
郑州市二七区马寨镇同兴街,85
郑州市二七区马寨镇东方路,136
郑州市二七区陇海路,52
郑州市二七区陇海中路,537
郑州市二七区陇海东路,444
郑州市二七区长江路,202
郑州市二七区长江西路,88
郑州市二七区长江中路,938
郑州市二七区长江东路,132
郑州市二七区铭功路,955
郑州市二七区铁英街,194
郑州市二七区钱塘衣城,508
郑州市二七区金海大道,81
郑州市二七区金林商场A区,65
郑州市二七区金城服饰广场负,104
郑州市二七区金城服饰广场,235
郑州市二七区郑航街,124
郑州市二七区郑密路中段,70
郑州市二七区郑密路,489
郑州市二七区连云路佛岗新居,79
郑州市二七区连云路,305
郑州市二七区贺江路,113
郑州市二七区解放路街道二七路,55
郑州市二七区解放路,183
郑州市二七区西陈庄后街,116
郑州市二七区西陈庄前街,147
郑州市二七区西大街,52
郑州市二七区行云路,79
郑州市二七区苗圃街,88
郑州市二七区苑陵街,627
郑州市二七区航海路南、祥云路东,68
郑州市二七区航海路,221
郑州市二七区航海北街,64
郑州市二七区航海中路,870
郑州市二七区福寿街,1017
郑州市二七区祥云路,130
郑州市二七区碧云路,310
郑州市二七区盈合万货城,80
郑州市二七区百荣路南、大学南路西,52
郑州市二七区煤厂北拐,133
郑州市二七区漓江路,78
郑州市二七区淮河路,135
郑州市二七区淮河东路,126
郑州市二七区淮南街,223
郑州市二七区淮北街,101
郑州市二七区沿河路,64
郑州市二七区河南盈合万货城,56
郑州市二七区汝河路,193
郑州市二七区永安街,263
郑州市二七区民安路,121
郑州市二七区民主路,272
郑州市二七区棉纺东路,371
郑州市二七区桃源路,183
郑州市二七区新圃西街,102
郑州市二七区新圃东街,52
郑州市二七区政通路,840
郑州市二七区恒泰服饰广场,241
郑州市二七区德化街,363
郑州市二七区建设东路,95
郑州市二七区建新街,75
郑州市二七区建云街,78
郑州市二七区康复前街,200
郑州市二七区庆丰街,321
郑州市二七区幸福路,116
郑州市二七区市场南街,64
郑州市二七区工人路,137
郑州市二七区嵩山路,65
郑州市二七区嵩山南路,1193
郑州市二七区嵩山北路,81
郑州市二七区安康路,74
郑州市二七区天隆服装城,275
郑州市二七区大学路,1076
郑州市二七区大学南路锦荣轻纺城,203
郑州市二七区大学南路,1478
郑州市二七区大学北路,156
郑州市二七区大学中路,379
郑州市二七区大同路,213
郑州市二七区合作路,95
郑州市二七区南屏路,94
郑州市二七区勤劳街,176
郑州市二七区兴隆街,101
郑州市二七区兴华南街兴华雅苑,57
郑州市二七区兴华南街,719
郑州市二七区兴华北街,157
郑州市二七区保全街,131
郑州市二七区侯寨乡郑密路中段,107
郑州市二七区侯寨乡郑密路中原第一城B区,207
郑州市二七区侯寨乡郑密路中原第一城A区,101
郑州市二七区侯寨乡西胡垌村,58
郑州市二七区侯寨乡曹洼村,59
郑州市二七区侯寨乡尖岗村,65
郑州市二七区侯寨乡侯寨街,74
郑州市二七区侯寨乡中原粮油市场,102
郑州市二七区侯寨乡中原第一城B区,69
郑州市二七区人和路东、大学路西、航海路南、汉江路北,57
郑州市二七区京广鞋城特区,73
郑州市二七区京广鞋城特二区,86
郑州市二七区京广鞋城,154
郑州市二七区京广路西、张魏寨路南,56
郑州市二七区京广路,121
郑州市二七区京广南路,592
郑州市二七区京广北路,91
郑州市二七区京广中路,160
郑州市二七区交通路,416
郑州市二七区二马路东、福寿街西,76
郑州市二七区二马路,293
郑州市二七区二道街,236
郑州市二七区二环支路,54
郑州市二七区二七路,510
郑州市二七区中陆机电城M,89
郑州市二七区中原路,156
郑州市二七区中原国际鞋城二楼,55
郑州市二七区中原国际鞋城,167
郑州市二七区中原东路,174
郑州市二七区世贸购物中心M,206
郑州市二七区世贸购物中心B,165
郑州市二七区世纪联华长江店,62
郑州市二七区一马路,140
郑州市中牟县刘集镇创智中心,3613
郑州市中原区颖河路,138
郑州市中原区陇海路南、桐柏路东、文化宫路西,53
郑州市中原区陇海西路,359
郑州市中原区金龙路南、玉轩路西,71
郑州市中原区金水西路,63
郑州市中原区郑密路,72
郑州市中原区郑上路中段,131
郑州市中原区郑上路,381
郑州市中原区西站路,109
郑州市中原区西四环,65
郑州市中原区航海西路街道闫垌村,95
郑州市中原区航海西路,127
郑州市中原区秦岭路,485
郑州市中原区百花路,92
郑州市中原区电厂路,216
郑州市中原区煤机路,101
郑州市中原区煤仓北路,118
郑州市中原区煤仓北街,67
郑州市中原区淮河路,208
郑州市中原区汝河路,343
郑州市中原区汝河西路,86
郑州市中原区汝河小区,132
郑州市中原区棉纺路锦艺城B区负一层世纪联华超市外围-,60
郑州市中原区棉纺路锦艺城B区负一层世纪联华超市-,94
郑州市中原区棉纺西路,867
郑州市中原区桐柏路,574
郑州市中原区桐柏南路,460
郑州市中原区桐柏北路,277
郑州市中原区昆仑路,54
郑州市中原区文化宫路,59
郑州市中原区建设路,82
郑州市中原区建设西路,850
郑州市中原区市场街,54
郑州市中原区工农路,104
郑州市中原区工人路,323
郑州市中原区嵩山北路,137
郑州市中原区岗坡路,152
郑州市中原区啟福社区,52
郑州市中原区友爱路,126
郑州市中原区华山路,310
郑州市中原区前进路,283
郑州市中原区农业路,61
郑州市中原区冉屯路,148
郑州市中原区冉屯北路,100
郑州市中原区六厂前街,114
郑州市中原区元通纺织城,112
郑州市中原区伏牛路,218
郑州市中原区伏牛南路,96
郑州市中原区伊河路,147
郑州市中原区中原西路,597
郑州市中原区中原中路,1188
郑州市上街区许昌路,90
郑州市上街区淮阳路南段,52
郑州市上街区济源路,144
郑州市上街区汝南路,94
郑州市上街区新安东路,65
郑州市上街区新乡路新农贸市场C,66
郑州市上街区新乡路新农贸市场A,153
郑州市上街区工业路,66
郑州市上街区中心路,174
郑州国际小商品城B座,90
郑州国际小商品城A座,82
郑东新区豫兴路办事处刘集村,72
郑东新区白沙镇康庄村（世合物流园）,51
郑东新区杨桥办事处万滩村,51
郏县黄道镇黄南村,113
郏县长桥镇豆堂村,92
郏县薛店镇薛店街,63
郏县王集乡雨霖头村,51
郏县王集乡辛庄村,80
郏县文化路东段,68
郏县安良镇环镇路,52
郏县姚庄乡三郎庙村,87
郏县堂街镇堂西村,228
郏县城神路市场,86
郏县城小西湖市场,88
郏县城大坑市场,51
郏县城关镇神路市场,78
郏县城关镇小西湖市场,77
郏县城关镇东大街,59
郏县冢头镇西寨村,122
郏县冢头镇北街村,62
郏县冢头镇东街村,95
郏县东城街道四里营社区,88
郎中乡郎中集,119
郎中乡坝头集,90
邓州市高集街,72
邓州市陶营乡陶营街,56
邓州市都司镇都司街,66
邓州市腰店乡腰店街,62
邓州市罗庄镇罗庄街,56
邓州市穰东镇香港路,71
邓州市穰东镇金鸡路,56
邓州市穰东镇团结路,65
邓州市穰东镇北京路,69
邓州市穰东镇冠豪商贸城,88
邓州市穰东镇仲景路,120
邓州市穰东镇五一街,61
邓州市穰东镇中心街,70
邓州市穰东镇东街,145
邓州市穰东镇三市场,137
邓州市白牛镇白牛街,247
邓州市白牛乡白牛街,101
邓州市汲滩镇元庄街,251
邓州市桑庄镇桑庄街,59
邓州市新风市场,167
邓州市小杨营乡小杨营街,66
邓州市夏集乡夏集街,72
邓州市团结社区交通南路,63
邓州市十林街,69
邓州市农机市场,54
邓州市人民路中段,58
遂平县阳丰街,83
遂平县阳丰乡阳丰街,74
遂平县车站街,80
遂平县褚堂街,73
遂平县花庄镇花庄街,59
遂平县花庄街,144
遂平县石寨铺街,266
遂平县玉山镇玉山街,265
遂平县沈寨镇沈寨街,68
遂平县沈寨街,60
遂平县槐树街,64
遂平县槐树乡槐树街,219
遂平县文城街,156
遂平县文城乡文城街,181
遂平县常庄镇龙泉村,59
遂平县常庄镇蒋庄村,55
遂平县嵖岈山镇,182
遂平县嵖岈山商贸城,81
遂平县国际商城内,260
遂平县商贸城内,267
遂平县商贸城,132
遂平县和兴镇和兴街,85
遂平县凤鸣谷风景区张台街,267
遂平县 国际商城内,121
遂平县 商贸城内,263
遂平县,53
通许县长智镇长智街,76
通许县金达商贸城,123
通许县邸阁乡邸阁街,97
通许县迎宾路,70
通许县解放路中段,52
通许县解放路,248
通许县西环路,51
通许县行政路西段,71
通许县行政路东段南侧,53
通许县行政路,228
通许县练城乡练城街,97
通许县竖岗镇竖岗村,215
通许县玉皇庙镇玉皇庙街,125
通许县水利路,60
通许县朱砂镇朱砂街,120
通许县朱砂镇朱砂村,62
通许县文卫路西段,64
通许县文卫路东段,52
通许县文卫路,342
通许县康力路,86
通许县幸福路,108
通许县孙营乡北孙营村,51
通许县四所楼镇四所楼街,271
通许县商业路西段,58
通许县商业路,92
通许县咸平市场,188
通许县咸平商场,85
通许县南环路,81
通许县华保市场,116
通许县北阁路,203
通许县北开发区,240
通许县冯庄乡冯庄街,63
通许县人民路,191
通许县东开发区,348
辛集镇,79
辛村镇辛村集,92
辛村镇南辛村,107
辉县市高庄乡高庄村,61
辉县市瑞成时代广场,57
辉县市文昌大道,69
辉县市张村乡裴寨村,1383
辉县市张村乡张村,54
辉县市常村镇常西村,63
辉县市常村镇常北村,53
辉县市家天下建材家居大世界,55
辉县市孟庄镇孟庄村,92
辉县市城南农贸市场,336
辉县市和谐路,67
辉县市吴村镇三街村,68
辉县市共和路,51
辉县市亨泰家居建材城,66
赵集镇赵集街,160
赵村乡人民路,661
贸易广场便民点,99
豫北家具大世界,61
谷金楼乡谷金楼集,89
许昌市龙翔路与北环路交叉口,53
许昌市魏都区解放路中段,55
许昌市魏都区解放路,140
许昌市魏都区华佗路,122
许昌市魏都区劳动路,81
许昌市魏都区八一路,82
许昌市魏都区五一路,78
许昌市邓庄乡万洲大都汇家居建材城,107
许昌市许都路,65
许昌市许由路中段,63
许昌市解放路魏都农贸市场,103
许昌市解放路南段,144
许昌市解放路,115
许昌市新兴路西段,73
许昌市新兴路,113
许昌市文峰路,91
许昌市建安区苏桥镇南村,120
许昌市建安区苏桥镇丈地村,79
许昌市建安区育新路,54
许昌市建安区灵井镇灵南村,90
许昌市建安区河街乡柏树李村,51
许昌市建安区河街乡南岸村,54
许昌市建安区文苑路,63
许昌市建安区文兴路,52
许昌市建安区恒达路,60
许昌市建安区张潘镇张三社区,115
许昌市建安区张潘镇张三村,106
许昌市建安区小召乡南寨村,94
许昌市建安区小召乡北寨村,65
许昌市建安区城南纺织品城,120
许昌市建安区兴昌路,80
许昌市建安区五女店镇商业街,55
许昌市建安区五女店镇北街村,110
许昌市延安路南段,97
许昌市城乡一体化示范区尚集镇西街,91
许昌市南关大街,61
许昌市八一路,57
许昌市仓库路,74
许昌市东城区许都路,138
许昌市东城区莲城大道,59
许昌市东城区徐湾社区,92
许昌市东城区建安大道健发御园,51
许昌市东城区学府街三里桥小区,56
许昌市七一路,77
许昌县苏桥镇南村,57
许昌县灵井镇灵南村,83
许昌县灵井镇泉店村,81
许昌县城南纺织品城,88
詹店镇马营桥,60
解放路西段张西市场,58
解放路,81
解放大道,53
西陵寺镇榆北村,94
西邵乡西邵集,85
西站商贸城,52
西环路北段,56
西平县重渠乡重渠街,55
西平县芦庙乡芦庙街,114
西平县盆尧镇中心大道,62
西平县焦庄乡金刚街,88
西平县焦庄乡焦庄街,52
西平县杨庄乡杨庄街,83
西平县杨庄乡仪封街,64
西平县服装城,176
西平县护城河路北段路东,57
西平县师灵镇师灵街,112
西平县嫘祖镇吕店街,56
西平县国际商贸城C,70
西平县吕店乡吕店街,74
西平县出山镇出山街,100
西平县二郎乡二郎街,81
西平县专探乡专探街,122
西平县,134
西峡县龙乡路,300
西峡县阳城镇阳城村,162
西峡县西坪镇西坪街,157
西峡县莲花街道莲花路,75
西峡县莲花街道莲花北路,192
西峡县莲花街道白羽路,54
西峡县莲花街道白羽北路,86
西峡县莲花街道电厂路,104
西峡县莲花街道水电路,58
西峡县莲花街道建设路,101
西峡县莲花街道古城路,54
西峡县莲花街道人民路,86
西峡县莲花街道,61
西峡县紫金街道西环路,61
西峡县紫金街道紫金路,116
西峡县紫金街道礼堂路,79
西峡县紫金街道白羽路,163
西峡县紫金街道电厂路,91
西峡县紫金街道步行街,80
西峡县紫金街道桃园路,118
西峡县紫金街道建设路,98
西峡县紫金街道广场东路,94
西峡县紫金街道师范路,103
西峡县紫金街道吊桥街,73
西峡县紫金街道北大街,317
西峡县紫金街道伏牛路,132
西峡县紫金街道人民路,172
西峡县紫金街道五里桥街,56
西峡县紫金街道二道河路,57
西峡县紫金街道七一路,89
西峡县稻香路,299
西峡县白羽街道莲花南路,261
西峡县白羽街道白羽南路,387
西峡县白羽街道建设路,410
西峡县白羽街道南大街,284
西峡县白羽街道农贸市场二区,70
西峡县白羽街道农贸市场一区,132
西峡县白羽街道农贸市场,227
西峡县白羽街道仲景路,413
西峡县白羽街道东湖路,81
西峡县白羽北路,118
西峡县田关乡田关街,57
西峡县桑坪镇桑坪村,71
西峡县工业大道,347
西峡县封湾村,212
西峡县太平镇中街,67
西峡县回车镇老庙岗,66
西峡县回车镇红石桥村四组,61
西峡县回车镇杜店村,75
西峡县双龙镇双龙街,99
西峡县五里桥镇葛营村,184
西峡县五里桥镇封湾村,67
西峡县五里桥镇土槽村,58
西峡县五里桥街,323
西峡县丹水镇菊潭街,55
西峡县丹水镇交通街,133
西峡县世纪大道,307
西峡县丁河镇丁河村,85
西坪镇西坪街,95
西坪镇东官庄村,78
西华县逍遥镇交通路,74
西华县迟营乡街道,103
西华县艾岗乡街道,71
西华县红花镇街道,64
西华县奉母镇奉母三村,64
襄城县麦岭镇麦岭街,115
襄城县首山市场,124
襄城县首山大道北段,51
襄城县迎宾路东段,61
襄城县虹桥市场,86
襄城县范湖乡范西村,138
襄城县紫云镇张村,67
襄城县紫云镇孙祠堂村,106
襄城县王洛镇西村,77
襄城县湛北乡七里店村,55
襄城县汾陈乡汾陈村,101
襄城县姜庄乡姜庄村,60
襄城县姜庄乡任庄村,77
襄城县回族镇东街,66
襄城县双庙乡新村,52
襄城县中心路东段,73
襄城县丁营乡柏宁岗,76
襄城县丁营乡丁营街,61
裴营乡裴营街,76
裴城镇苏侯村,193
裴城镇三丁村,102
虞城县黄冢乡西街路南,55
虞城县黄冢乡西街村,194
虞城县黄冢乡西街,130
虞城县黄冢乡富民路,53
虞城县黄冢乡人民路路东,112
虞城县黄冢乡人民路,228
虞城县闻集乡闻集街,99
虞城县闻集乡闻集村,185
虞城县闻集乡郭老家村,91
虞城县闻集乡赵庄村,59
虞城县闻集乡八里井村,53
虞城县镇里固乡早子营村,60
虞城县镇里固乡常洼村,56
虞城县镇里固乡大街,112
虞城县镇里固乡丁楼村,68
虞城县郑集乡郑集村,97
虞城县谷熟镇南头村,107
虞城县谷熟镇北头村,161
虞城县谷熟镇中街村,148
虞城县谷熟镇中街,93
虞城县谷熟镇东头村,63
虞城县芒种桥乡芒种桥村,507
虞城县芒种桥乡大李庄村,98
虞城县站集镇麦仁村,58
虞城县站集镇西南街,69
虞城县站集镇西北街,65
虞城县站集镇沙岗村,79
虞城县站集镇曙光西村,216
虞城县站集乡曙光西村,80
虞城县稍岗镇黑刘村,71
虞城县稍岗镇范庄村,86
虞城县稍岗镇稍岗村,318
虞城县稍岗镇南庄村,81
虞城县稍岗镇刘寨村,68
虞城县稍岗镇冯庄村,59
虞城县稍岗镇佟庄村,87
虞城县稍岗镇五金大道,57
虞城县稍岗乡黑刘村,51
虞城县稍岗乡范庄村,67
虞城县稍岗乡稍岗村,173
虞城县稍岗乡南庄村,76
虞城县界沟镇范庄,234
虞城县田庙乡金郭村,59
虞城县田庙乡田庙街虞单路西侧,93
虞城县田庙乡田庙街虞单路东侧,64
虞城县田庙乡田庙街,111
虞城县田庙乡田庙村,82
虞城县田庙乡崔庄村,64
虞城县田庙乡寓贤村,76
虞城县田庙乡刘杨庄村,59
虞城县王集乡南街,71
虞城县滨河路中段北侧,60
虞城县沙集乡马楼村,52
虞城县沙集乡沙集村,51
虞城县杨集镇银河寺,56
虞城县杨集镇谢庄村,192
虞城县杨集镇楚庄村,223
虞城县杨集镇杨集村,148
虞城县杨集镇朱屯村,153
虞城县杜集镇粮店商贸城,93
虞城县杜集镇北街村,192
虞城县李老家乡马庙村,65
虞城县李老家乡蒯庄村,70
虞城县李老家乡张关庙村,286
虞城县李老家乡张关庙市场,183
虞城县李老家乡张关庙,163
虞城县木兰镇肖庄村,126
虞城县木兰镇大高楼村,198
虞城县木兰镇周庄村,103
虞城县木兰镇北街路西,53
虞城县木兰大道中段路北,52
虞城县张集镇韩集村,85
虞城县张集镇林堂村,58
虞城县张集镇张集村,543
虞城县张集镇大街,192
虞城县张集镇卢庙村,69
虞城县店集乡西刘村,126
虞城县店集乡店集村,251
虞城县店集乡宋火神庙村,62
虞城县嵩山路西段北侧,175
虞城县大侯镇营盘村,165
虞城县大侯镇花寺村,126
虞城县大侯乡营盘村,94
虞城县城郊乡米庄村,54
虞城县城郊乡木兰大道中段南侧,51
虞城县城郊乡木兰大道中段北侧,110
虞城县城郊乡木兰大道东段南侧,112
虞城县城关镇胜利路西段南侧,123
虞城县城关镇胜利路西段北侧,128
虞城县城关镇胜利路中段北侧,126
虞城县城关镇胜利路东段南侧,72
虞城县城关镇胜利路东段北侧,175
虞城县城关镇漓江路中段东侧,65
虞城县城关镇小学路西段南侧,70
虞城县城关镇小学路西段北侧,103
虞城县城关镇小学路中段北侧,86
虞城县城关镇小学路东段南侧,52
虞城县城关镇大同路西段南侧,111
虞城县城关镇大同路西段北侧,174
虞城县城关镇大同路中段南侧,116
虞城县城关镇大同路中段北侧,119
虞城县城关镇大同路东段南侧,56
虞城县城关镇大同路东段北侧,54
虞城县城关镇健康路西段北侧,62
虞城县城关镇健康路东段南侧,59
虞城县城关镇人民路南段西侧,130
虞城县城关镇人民路南段东侧,141
虞城县城关镇人民路南段,68
虞城县城关镇人民路北段东侧,63
虞城县城关镇人民路中段西侧,62
虞城县城关镇人民路中段东侧,80
虞城县城关镇人民路中段,59
虞城县城关镇人民路,62
虞城县城关镇东环路中段西侧,69
虞城县城关镇东环路中段东侧,77
虞城县古王集乡西村十字街路南,58
虞城县古王集乡虞贾路东侧,97
虞城县古王集乡探花路西侧,214
虞城县古王集乡振兴路北侧,54
虞城县古王集乡南街路北,1118
虞城县古王集乡南街,62
虞城县古王集乡南祝庄村,101
虞城县古王集乡北街,68
虞城县古王集乡东街路北,233
虞城县利民镇老庄村虞单路东侧,51
虞城县利民镇东明路西侧,55
虞城县利民镇东明路东侧,59
虞城县利民镇三里井村虞单路西侧,92
虞城县利民镇三里井村虞单路东侧,90
虞城县刘集乡大街,165
虞城县刘集乡刘集村,64
虞城县刘集乡刘集大街,62
虞城县刘店乡张庄村,58
虞城县刘店乡小侯村,51
虞城县刘店乡大刘楼村,70
虞城县刘店乡刘楼村,109
虞城县刘店乡刘店村,210
虞城县刘店乡,99
虞城县乔集乡大街,445
虞城县乔集乡六庄村,54
虞城县乔集乡乔集大街,173
虞城县乔集乡乔楼村,62
虞城县乔集乡乔北村,54
蔡州商城四区,82
蔡州商城二区,110
蓼堤镇蓼北村,66
董村镇董村村,56
董村镇口王村,85
获嘉县新华街,56
获嘉县太山乡太山村,69
获嘉县南关专业市场,92
获嘉县冯庄镇冯庄村,108
获嘉县亢村镇亢西村,73
获嘉县亢村镇亢北村,74
莲花街道水电路,58
荥阳市高村乡高村街,228
荥阳市金寨乡金寨村,79
荥阳市郑上路与荥泽大道交叉口西北角(吾悦广场,52
荥阳市贾峪镇马沟村,74
荥阳市贾峪镇楚村,115
荥阳市贾峪新区,61
荥阳市豫龙镇陈庄村,57
荥阳市豫龙镇清华大溪地,59
荥阳市豫龙镇五洲城二期D,58
荥阳市豫龙镇五洲城一期A,56
荥阳市老城钢材市场,58
荥阳市王村镇金滩,82
荥阳市河阴路北段路西,52
荥阳市汜水镇汜水街,67
荥阳市杨五楼市场,110
荥阳市成皋路北段,60
荥阳市广武镇大师姑村,91
荥阳市广武镇中山路路西,76
荥阳市广武镇中山路路东,69
荥阳市城关乡西史村,56
荥阳市城关乡李克寨,135
荥阳市城关乡东史村,70
荥阳市兴华市场,80
荥阳市京城农贸市场,105
荥阳市五洲城D,64
荥阳市五洲城A,325
荥阳市五洲城,62
荥阳市乔楼镇乔楼街,106
荥阳市中原西路五洲城A,87
荥阳市万山路北段路西,64
荥阳市,53
范县杨集乡杨庄村,53
范县杨集乡刘辛店,62
范县新区黄河路西段路南,52
范县新区中原菜市场,69
范县城关镇北大街路西,95
舞阳县马村乡马村街,253
舞阳县马村乡马南村,62
舞阳县青岛路工业园,114
舞阳县辛安镇辛安街路北,115
舞阳县辛安镇辛安街为民路,57
舞阳县舞泉镇贾湖广场,53
舞阳县舞泉镇解放路南段,72
舞阳县舞泉镇商贸城,153
舞阳县舞泉镇北京路北段路西,54
舞阳县舞泉镇上海路南段,65
舞阳县舞泉镇上海路北段,67
舞阳县章化乡朱左村一组,220
舞阳县章化乡军李村一组,204
舞阳县曹孟村,144
舞阳县孟寨镇周马庄村,62
舞阳县北舞渡镇尚庄村,84
舞阳县北舞渡镇二村,57
舞阳县北舞渡镇三村,115
舞阳县保和乡卸西村,53
舞阳县侯集镇侯苏路,414
舞阳县侯集镇侯安路,201
舞阳县侯集乡和谐路,119
舞钢市寺坡秀甲中原,52
自由路中段,68
自由路东段,56
胜利菜市,137
老城区西大街,61
老城区环城西路,137
老城区定鼎北路,51
老城区唐宫东路,103
老城区中州中路,79
老城区中州东路,53
老君庵五金电料大市场,110
罗庄镇罗庄街,63
罗山县青山镇双桥街,150
罗山县灵山镇南街,83
罗山县潘新镇潘新街,85
罗山县朱堂乡朱堂街,124
罗山县彭新镇彭新街,54
罗山县山店乡山店街,116
罗山县定远乡定远街,188
罗山县子路镇子路街,87
罗山县城关淮南市场,84
罗山县周党镇周党街,145
罗山县周党镇中心街,54
练村镇练村集,67
练寺镇南北街,101
红星社区,97
红旗区洪门大学城市场,166
红旗区平原路,113
紫气大道中段,59
紫气大道东段,70
米坪镇大庄村,71
管城回族区陇海路,62
管城回族区乔家门路,76
管城回族区乔家门,161
管城回族区东三马路,80
站集镇曙光西村,56
立华公寓,617
禹州市鸿畅镇鸿南村,238
禹州市鸿畅镇鸿北村,202
禹州市鸠山镇唐庄村,162
禹州市颍河大街,192
禹州市颍川街道钧州大街,63
禹州市颍川街道金坡社区府西路,62
禹州市颍川街道金坡社区府东路,200
禹州市颍川街道裕华大街,51
禹州市颍川街道行政北路,51
禹州市颍川街道药城路,72
禹州市颍川街道柏山路,95
禹州市颍川街道朱坡社区,85
禹州市颍川街道朱坡,63
禹州市颍川街道时代广场B座,51
禹州市颍川街道建设路,90
禹州市颍川街道府东路,90
禹州市颍川街道尹庄社区颖顺路,54
禹州市颍川街道尹庄社区颍顺路,61
禹州市颍川街道尹庄社区和谐大道,56
禹州市颍川街道大同路,140
禹州市颍川街道塔湾街,52
禹州市颍川街道十里社区长社路,97
禹州市颍川街道中华药城南,60
禹州市颍川街道中华药城北,97
禹州市颍川街道东商贸南外,54
禹州市颍川街道东商贸南,142
禹州市颍川街道东商贸北外,55
禹州市颍川街道东商贸北,68
禹州市颍川街道东商贸,122
禹州市颍川街道东关社区东关,112
禹州市顺店镇高门楼村,51
禹州市顺店镇顺西村,52
禹州市顺店镇顺南村,91
禹州市顺店镇顺北村,76
禹州市顺店镇顺东社区,152
禹州市顺店镇顺东村,174
禹州市顺店镇柳林村,58
禹州市顺店镇康城村,96
禹州市顺店镇尹岗村,55
禹州市顺店镇南袁庄村,65
禹州市韩城街道韩城路,72
禹州市韩城街道辉煌路,90
禹州市韩城街道聂政台路,79
禹州市韩城街道滨河大道西段,57
禹州市韩城街道昌盛路,65
禹州市韩城办焦寨村,56
禹州市陈家坊街,63
禹州市钧州大街,164
禹州市钧官窑路,67
禹州市钧台街道陈家坊街,76
禹州市钧台街道钧州大街,102
禹州市钧台街道钧官窑路,80
禹州市钧台街道逍遥路,72
禹州市钧台街道花园村,101
禹州市钧台街道泰山庙街,71
禹州市钧台街道建设北路,112
禹州市钧台街道八里营社区,53
禹州市钧台街道八里营村,62
禹州市钧台街道三里村,56
禹州市郭连镇郭西村,173
禹州市郭连镇郭东村,57
禹州市郭连镇张涧村,63
禹州市郭连镇商博城,122
禹州市郭连镇党楼村,83
禹州市远航路中段,62
禹州市远航路,131
禹州市迎宾路东段,55
禹州市迎宾西路,96
禹州市西大街,64
禹州市西商贸,55
禹州市褚河镇阁街村,59
禹州市褚河镇褚河村,81
禹州市褚河镇蔡庄村,88
禹州市褚河镇蒋庄村,59
禹州市褚河镇张桥村,69
禹州市褚河镇化庄村,70
禹州市范坡镇范坡村,189
禹州市范坡镇张刘村,87
禹州市苌庄乡苌庄村,244
禹州市花石镇花南村,152
禹州市花石镇花北村,114
禹州市花石镇白北村,115
禹州市花石乡花南村,90
禹州市花石乡花北村,58
禹州市禹王大道,71
禹州市神垕镇钧都南路,75
禹州市神垕镇解放路,327
禹州市神垕镇文昌阁路,66
禹州市神垕镇建设路,58
禹州市神垕镇市场街,71
禹州市神垕镇南大街,79
禹州市神垕镇乾鸣大道,55
禹州市神垕镇东环路,117
禹州市磨街乡磨街村,113
禹州市画圣路,68
禹州市火龙镇西王庄村,76
禹州市火龙镇葛村,70
禹州市火龙镇瓦店村,52
禹州市火龙镇火龙村,216
禹州市火龙镇扇刘村,103
禹州市火龙镇太和村,68
禹州市浅井镇浅井村,180
禹州市浅井镇扒村,144
禹州市浅井乡浅井村,121
禹州市浅井乡扒村,92
禹州市梁北镇郭村,94
禹州市梁北镇苏王口村,82
禹州市梁北镇罗坡村,94
禹州市梁北镇梁北村,103
禹州市朱阁乡朱阁村,54
禹州市朱阁乡大墙王村,68
禹州市朱阁乡下宋村,66
禹州市无梁镇郭庄村,75
禹州市无梁镇路口村,141
禹州市无梁镇无梁村,131
禹州市方岗镇方东村,54
禹州市方岗乡方东村,61
禹州市方山镇邹湾村,57
禹州市方山镇程庄村,58
禹州市方山镇申垌村,99
禹州市方山镇方山村,119
禹州市方山镇坡村,164
禹州市文殊镇文殊村,177
禹州市张得镇大槐树赵村,133
禹州市张得乡大槐村,55
禹州市小吕镇岗马村,54
禹州市小吕乡黄榆店村,63
禹州市小吕乡岗马村,81
禹州市大市场,214
禹州市夏都街道颍河大街,195
禹州市夏都街道阳翟大道与颍河大街交叉口西北约,57
禹州市夏都街道远航路,63
禹州市夏都街道迎宾西路,54
禹州市夏都街道禹王广场F,275
禹州市夏都街道画圣路,51
禹州市夏都街道夏都路,65
禹州市商博城,75
禹州市古城镇龙屯村,190
禹州市古城镇小集村,56
禹州市古城镇大北村,58
禹州市古城镇唐凹村,58
禹州市古城镇古城村,160
禹州市古城镇刘楼村,74
禹州市中药材专业市场南,102
禹州市中药材专业市场北外,90
禹州市中药材专业市场北,139
禹州市东环路农贸市场,120
福堪镇福堪街,71
祥符区县府南街,74
社旗县陌陂镇陌陂街,132
社旗县陌陂镇关庄村,52
社旗县陌陂乡陌陂街,71
社旗县郝寨镇郝寨街,75
社旗县郝寨镇石桥村,72
社旗县郝寨镇李洼村,81
社旗县赵河街道长江路中段路北,58
社旗县赵河街道酒香小镇,143
社旗县赵河街道酒乡小镇,140
社旗县苗店镇苗店街,149
社旗县苗店镇曹岗村,58
社旗县李店镇青台街,78
社旗县李店镇李店街,139
社旗县朱集镇田庄街,69
社旗县朱集镇朱集街,245
社旗县太和镇太和街,102
社旗县兴隆镇兴隆街,74
社旗县下洼镇酒店村酒店,89
社旗县下洼镇下洼街,191
社旗县下洼镇下洼中心街,58
示范区晋安路,58
示范区大梁路,62
示范区土城新街,59
示范区东陈新街,95
确山县联播大道,69
确山县竹沟镇竹沟街,210
确山县石滚河镇石滚河街,60
确山县盘龙街道龙山大道,230
确山县盘龙街道解放路,182
确山县盘龙街道生产街,267
确山县盘龙街道爱民路,57
确山县盘龙街道朗陵大道,259
确山县盘龙街道新生街,193
确山县盘龙街道新民路,94
确山县盘龙街道护城河路,131
确山县盘龙街道和平街,107
确山县盘龙街道一高路,51
确山县留庄镇留庄街,430
确山县瓦岗镇瓦岗街,172
确山县李新店镇李新店街,138
确山县新安店镇新安店街,142
确山县新安店镇八四集,142
确山县双河镇双河街,54
确山县任店镇任店街,474
确山县三里河街道秀山社区智慧农商城,68
石桥镇幸福路,525
睢县长岗镇回民村,62
睢县长岗镇东村,60
睢县西陵寺镇西陵集,100
睢县蓼堤镇蓼南村,57
睢县蓼堤镇蓼北村,58
睢县蓼堤镇新社区,89
睢县蓼堤镇孙吉屯村,82
睢县董店工业园区,180
睢县胡堂乡胡堂村,131
睢县白楼乡君临社区,228
睢县白庙乡白庙村,74
睢县潮庄镇潮庄集,129
睢县潮庄镇北村,99
睢县涧岗乡涧岗集,126
睢县涧岗乡涧岗村,157
睢县河集乡河集村,100
睢县河堤乡河西村,115
睢县河堤乡河堤集,51
睢县河堤乡河东村,257
睢县水口路,479
睢县文化路,256
睢县平岗镇平岗集,96
睢县平岗镇平东村,108
睢县尤吉屯电商产业园D栋一排,53
睢县尤吉屯乡黑西村,107
睢县尤吉屯乡马东村,364
睢县尤吉屯乡电商产业园E栋,52
睢县尤吉屯乡电商产业园D栋,53
睢县尤吉屯乡电商产业园B-,179
睢县尤吉屯乡电商产业园A栋,58
睢县尤吉屯乡尤吉屯集,150
睢县尤吉屯乡尤吉屯村,69
睢县尤吉屯乡尤东村,59
睢县尤吉屯乡刘营村,57
睢县尤吉屯乡冯关屯村,106
睢县尚屯镇梁庄村,53
睢县尚屯镇尚屯村,52
睢县尚屯镇付庄村,92
睢县孙聚寨乡孙聚寨集,68
睢县城郊乡北关新村,53
睢县城郊乡凤城大道,102
睢县城郊乡,77
睢县周堂镇周堂集,78
睢县周堂镇周堂村,74
睢县后台乡后台村,66
睢县匡城乡范洼村,75
睢县匡城乡匡城村,71
睢县凤城大道,613
真源大道南段,99
真源大道北段,64
真源大道中段,60
真源办事处鹿邑县真源大道,84
相国寺市场大棚,93
相国寺市场二马道街,56
相国寺市场三厅二楼,76
相国寺市场三厅一楼,62
白羽街道白羽北路,85
白潭镇白潭街,75
白庙乡白庙集,131
登封市颍阳镇南街市场,237
登封市送表市场,85
登封市石道市场,109
登封市白坪乡送表市场,93
登封市白坪乡白坪街,141
登封市徐庄镇徐庄村,80
登封市市区豫鑫苑商贸城（颖河路居委会）,61
登封市市区西商埠街（文庙街居委会）,57
登封市市区洧河路,87
登封市市区嵩阳路,75
登封市市区嵩山路南段（苹果园居委会）,51
登封市市区嵩山路南段（文庙街居委会）,54
登封市市区嵩山路北段（七星街居委会）,51
登封市市区嵩山路,116
登封市市区崇高路,72
登封市市区少室路中段（民族路居委会）,55
登封市市区少室路,78
登封市市区亿邦国际商贸城,95
登封市市区中岳购物广场（鸡鸣街居委会）,55
登封市市区中岳大街,88
登封市市区中大家居建材城,88
登封市市区东关街,113
登封市嵩阳街道西关街,55
登封市嵩阳街道洧河路,60
登封市嵩阳街道嵩阳路,141
登封市嵩阳街道嵩山路与中岳大街交叉口南,65
登封市嵩阳街道嵩山路,136
登封市嵩阳街道崇高路,118
登封市嵩阳街道少室路北段,52
登封市嵩阳街道少室路,146
登封市嵩阳街道大禹路,70
登封市嵩阳街道中岳大街,109
登封市嵩阳街道中天广场,82
登封市嵩阳街道东关街,104
登封市少林办耿庄村,77
登封市少林办耿庄农贸市场,76
登封市宣化镇王村市场,75
登封市宣化镇市场,91
登封市大金店镇金西村,220
登封市大冶镇新市场,325
登封市大冶镇川口村,65
登封市大冶镇塔庙,78
登封市大冶镇南环路,101
登封市大冶镇东刘碑村,102
登封市唐庄乡唐东村,61
登封市告成镇阳城大道,70
登封市告成镇石淙街,71
登封市告成镇告成大街,90
登封市君召乡胥店市场,83
登封市君召乡君召市场,77
登封市卢店镇迎宾大道,89
登封市卢店镇老街,71
登封市卢店镇振兴路,63
登封市卢店镇广场,130
登封市东华镇东华大道西段,61
瓦店乡瓦店集,107
王集乡王集街,79
王称堌乡王称堌集,72
王庄寨镇,109
物资城,53
物交会流动经营,278
牧野区宏力大道,58
牧野区中原路,63
焦作市青年路,73
焦作市车站街,112
焦作市解放区解放中路,92
焦作市解放区西环路新发地市场,89
焦作市解放区站前路,146
焦作市解放区民主路,54
焦作市解放区民主南路,200
焦作市解放区民主中路,57
焦作市解放区朝阳路,123
焦作市解放区映湖路,66
焦作市解放区政二街,59
焦作市解放区建设路,67
焦作市解放区建设西路,60
焦作市解放区工业路中州市场,57
焦作市解放区工业路,227
焦作市解放区友谊路,89
焦作市解放区南通路,114
焦作市解放区人民路,126
焦作市解放区丰收路温州商贸城,97
焦作市解放区丰收路,103
焦作市解放区上白作村村民委员会院内附,309
焦作市解放中路,74
焦作市示范区芦堡村,53
焦作市示范区芦堡批发市场内,52
焦作市示范区南李万村,74
焦作市山阳区塔南路,53
焦作市塔北路农贸市场C,72
焦作市城乡一体化示范区阳庙镇阳庙市场,71
焦作市城乡一体化示范区苏家作乡苏家作村,124
焦作市城乡一体化示范区宁郭镇宁郭村,74
焦作市城乡一体化示范区万鑫商城,172
焦作市和平街市场服装区,93
焦作市和平街市场,71
焦作市华融大厦,163
焦作市中站区西部工业原料城B,62
灵宝市黄河路南段,59
灵宝市黄河路北段,73
灵宝市黄河路,52
灵宝市阳店镇小河市场,117
灵宝市长安路西段,84
灵宝市长安路中段,74
灵宝市长安路,99
灵宝市车站路,164
灵宝市豫灵镇金山路,67
灵宝市豫灵镇西街,55
灵宝市豫灵镇新西街,90
灵宝市豫灵镇坡底街,90
灵宝市豫灵镇中州路,97
灵宝市解放菜市场,87
灵宝市西闫乡西闫街,140
灵宝市焦村镇焦村街,126
灵宝市步行街,111
灵宝市桃林街,77
灵宝市朱阳镇银河路,81
灵宝市朱阳镇金屏路,51
灵宝市新灵西街,82
灵宝市新灵街,70
灵宝市新华路,89
灵宝市故县镇故县街,152
灵宝市故县镇安底,122
灵宝市弘农路南段,60
灵宝市弘农路北段,85
灵宝市弘农路中段,58
灵宝市弘农路,168
灵宝市开元大道,61
灵宝市康乐市场,213
灵宝市康乐商城,127
灵宝市川口乡科里街,103
灵宝市尹溪路中段,54
灵宝市尹富市场,98
灵宝市大王镇干店街,56
灵宝市大王镇,59
灵宝市商贸建材城,104
灵宝市八一路,53
灵宝市中心商业区,103
瀍河区恒大绿洲,59
瀍河区启明东路,93
瀍河区中州东路恒大绿洲,79
瀍河区,253
濮阳市黄河路,53
濮阳市金堤中路,82
濮阳市苏北路玉兰花园,62
濮阳市胜利路,67
濮阳市益民路,53
濮阳市滨湖湾商业街,57
濮阳市昆吾中路,55
濮阳市政和二路,57
濮阳市建设路,63
濮阳市古城路,69
濮阳市华龙区任丘路街道大庆中路,62
濮阳市华龙区中原路与玉门路交叉口向北,53
濮阳市华龙区,143
濮阳市劳动市场商贸街,57
濮阳市京开道银街,116
濮阳市京开道,59
濮阳市中原路与安凯路交叉口电子商务产业园,83
濮阳市中原路与安凯路交叉口南,67
濮阳市中原路与,76
濮阳市东建材,80
濮阳市,232
濮阳工业园区韩昌湖村,70
濮阳县鲁河镇鲁河集,56
濮阳县铁丘路西段,101
濮阳县解放路南段,70
濮阳县解放路北段,109
濮阳县解放路中段,113
濮阳县胡状镇胡状集,129
濮阳县红旗路西段,60
濮阳县红旗路上亿广场,125
濮阳县王称堌镇王称堌集,72
濮阳县渠村乡渠村集,85
濮阳县清河头乡兴隆国际建材城,67
濮阳县海通乡两门集,70
濮阳县海通乡两门村,81
濮阳县柳屯镇柳兴电商产业园D-,626
濮阳县柳屯镇柳兴电商产业园C-,5119
濮阳县柳屯镇柳兴电商产业园A-,3729
濮阳县柳屯镇什八郎,54
濮阳县文留镇文留集,116
濮阳县徐镇镇徐镇集,54
濮阳县庆祖镇庆南村,138
濮阳县安澜小镇远阳电子商务产业园C-,314
濮阳县安澜小镇远阳电子商务产业园A-,56
濮阳县安澜小镇远阳电子商务产业园,2726
濮阳县安澜小镇远洋电子商务产业园,74
濮阳县国庆路西段路南,153
濮阳县国庆路西段,95
濮阳县国庆路东段,83
濮阳县云龙街,56
濮阳县上亿广场,100
潢川县黄国商贸城西街,76
潢川县黄国商贸城东街,80
潢川县黄国商贸城,89
潢川县弋阳办事处建国新村大展经济技术产业小区,74
潢川县定城街道方店新村,128
潢川县定城街道北苑社区方店新村,78
潢川县定城街道先锋社区先锋新农村,130
潢川县双柳树镇长兴路,58
潢川县华英商贸城批发市场,79
潢川县华英商贸城,111
漯河经济技术开发区解放路南段,56
漯河市郾城区龙城镇郭湾村,156
漯河市郾城区龙城镇西刘村,72
漯河市郾城区龙城镇白庄村,51
漯河市郾城区龙城镇栗庄村,257
漯河市郾城区龙城镇李湾村,157
漯河市郾城区龙城镇徐庄村,67
漯河市郾城区龙城镇庙赵村,169
漯河市郾城区龙城镇幸福村,108
漯河市郾城区龙城镇常湾村,130
漯河市郾城区龙城镇孔沈邓村,163
漯河市郾城区龙城镇大军王村,79
漯河市郾城区龙城镇后黄村,76
漯河市郾城区龙城镇十五里店村,96
漯河市郾城区龙城镇前黄村,104
漯河市郾城区龙城镇冢马村,131
漯河市郾城区龙城镇仲李村,102
漯河市郾城区黄河龙与邙山路交汇处往南,63
漯河市郾城区黄河路与邙山路交汇处路南,176
漯河市郾城区黄河路与邙山路交汇处往南,972
漯河市郾城区黄河路与邙山路交汇处南,53
漯河市郾城区黄河路与邙山路交汇处,75
漯河市郾城区黄河路与芒山路交汇处往南,85
漯河市郾城区黄河路,1027
漯河市郾城区辽河路,65
漯河市郾城区裴城镇三丁村,101
漯河市郾城区淞江街道下坡杨村,72
漯河市郾城区淞江街道,68
漯河市郾城区海河路,71
漯河市郾城区沙北街道黄河路与邙山路交汇处往南,236
漯河市郾城区沙北街道海河小区,66
漯河市郾城区沙北街道,54
漯河市郾城区李集镇郭东村,201
漯河市郾城区李集镇大王村,150
漯河市郾城区新店镇闫李村,298
漯河市郾城区新店镇郭寺村,70
漯河市郾城区新店镇新店村店村,98
漯河市郾城区新店镇周庄村,164
漯河市郾城区新店镇台王村,68
漯河市郾城区新店镇前丁村,344
漯河市郾城区新店镇三赵村,72
漯河市郾城区嵩山路舒曼大厦,83
漯河市郾城区孟庙镇嫩江路工商联大厦,92
漯河市郾城区孟庙镇,152
漯河市郾城区天泰大厦,210
漯河市郾城区城关镇黄河路西段北侧华山美食城,1262
漯河市郾城区城关镇,94
漯河市郾城区商桥镇胡庄村,178
漯河市郾城区商桥镇申明铺村,158
漯河市郾城区商桥镇湖湾村,85
漯河市郾城区商桥镇沟张村,58
漯河市郾城区商桥镇大闫村,313
漯河市郾城区商桥镇后甄村,56
漯河市郾城区商桥镇刘孟村,55
漯河市郾城区华山美食城,89
漯河市郾城区,88
漯河市西城区汉江路与翠华山路口中王奥特莱斯,72
漯河市西城区汉江路与太白山路交叉口世界港二楼,547
漯河市舞阳县马村乡王徐村一组,284
漯河市舞阳县马村乡岗寺村一组,110
漯河市舞阳县马村乡小寨村一组,80
漯河市舞阳县马村乡华店村一组,82
漯河市舞阳县马村乡前姚村一组,137
漯河市舞阳县辛安镇郭窑村一组,415
漯河市舞阳县辛安镇电商产业园,178
漯河市舞阳县辛安镇河西杨村一组,173
漯河市舞阳县辛安镇周庄村一组,328
漯河市舞阳县章华乡韩庄村,66
漯河市舞阳县章华乡绳刘村,79
漯河市舞阳县章华乡朱左村,57
漯河市舞阳县章华乡大路孙村,84
漯河市舞阳县章华乡军李村,53
漯河市舞阳县章化乡任寨村,71
漯河市舞阳县康庄村,62
漯河市舞阳县孟寨镇黄庄村一组,181
漯河市舞阳县孟寨镇赵马村一组,64
漯河市舞阳县孟寨镇曹孟村一组,171
漯河市舞阳县南京路北段,56
漯河市舞阳县北舞渡镇黄庄村二组,54
漯河市舞阳县北舞渡镇鹿店村一组,106
漯河市舞阳县北舞渡镇郑李村一组,124
漯河市舞阳县北舞渡镇田庄村五组,64
漯河市舞阳县北舞渡镇田庄村二组,159
漯河市舞阳县北舞渡镇左沟村一组,160
漯河市舞阳县北舞渡镇坡杜庄村,80
漯河市舞阳县北舞渡镇中山街村四组,52
漯河市舞阳县北舞渡镇中山街村二组,58
漯河市舞阳县北舞渡镇中山街村三组,200
漯河市舞阳县北舞渡镇中山街村一组,397
漯河市舞阳县保和乡黄庄村,151
漯河市舞阳县保和乡二郎庙村二组,101
漯河市舞阳县保和乡二郎庙村一组,73
漯河市舞阳县九街乡王岗村,80
漯河市舞阳县九街乡前扁担赵村,116
漯河市舞阳县九街乡九街村一组,422
漯河市舞阳县九街乡九包庄村一组,69
漯河市源汇区骊山路丽水康城,294
漯河市源汇区马路街街道昌建写字楼,59
漯河市源汇区马路街街道人民路昌建广场SOHO写字楼,1343
漯河市源汇区问十乡陶桥村一组,93
漯河市源汇区问十乡问十村,85
漯河市源汇区问十乡董庄村,130
漯河市源汇区问十乡武庄村,75
漯河市源汇区问十乡曹店村二组,144
漯河市源汇区问十乡宋庄村,112
漯河市源汇区问十乡后李村,63
漯河市源汇区问十乡前李村二组,55
漯河市源汇区问十乡前李村一组,59
漯河市源汇区问十乡前李村,68
漯河市源汇区长江路泰盈紫禁城,123
漯河市源汇区长江路东段,55
漯河市源汇区长江路,63
漯河市源汇区空冢郭镇空冢郭村,51
漯河市源汇区湘江西路与丹霞山路西南角,51
漯河市源汇区汉江路龙祥花园三单元一号楼,63
漯河市源汇区汉江路龙祥花园三单元,105
漯河市源汇区汉江路龙祥花园,76
漯河市源汇区汉江路阳光福苑售楼部,2820
漯河市源汇区汉江路恒大御景,1890
漯河市源汇区柳江路文萃江南,322
漯河市源汇区干河陈街道柳江路文萃江南,71
漯河市源汇区干河陈街道,68
漯河市源汇区嵩山路北段,56
漯河市源汇区嵩山路五金机电市场,77
漯河市源汇区嵩山路中段,67
漯河市源汇区大学路南段,57
漯河市源汇区大学路中段,80
漯河市源汇区大学路,61
漯河市源汇区大刘镇大刘村,183
漯河市源汇区吉顺生态电商产业园,77
漯河市源汇区人民路昌建广场SOHO写字楼,128
漯河市源汇区人民路昌建写字楼,543
漯河市源汇区井冈山路南段,64
漯河市源汇区井冈山路中段,60
漯河市源汇区,118
漯河市市辖区西城区汉江路与太白山路交叉口世界港二楼,397
漯河市召陵区黄河路金色龙湾立华公寓,205
漯河市召陵区金色龙湾,336
漯河市召陵区天桥街道创业中心,137
漯河市召陵区天桥创业中心,2263
漯河市召陵区人民东路,105
漯河市召陵区东城办东兴电子产业园区,4605
漯河市召陵区东城办东兴电子产业园,912
漯河市召陵区东城产业集聚区桃园路北侧,854
漯河市受降路市场,83
滑县高平镇高平集,51
滑县赵营镇政通路,58
滑县老庙乡老庙集,84
滑县老店镇马兰村,64
滑县白道口镇白道口村,198
滑县瓦岗寨乡瓦岗村,127
滑县王庄镇莫洼集,116
滑县牛屯镇南街村,311
滑县牛屯镇东街村,90
滑县牛屯镇东街,81
滑县桑村乡桑村集,122
滑县枣村乡枣村集,81
滑县新区尚街B段,65
滑县新区尚街A段,53
滑县新区尚街,70
滑县新区五洲新时代广场,241
滑县慈周寨乡慈四村,61
滑县小铺乡小铺村,86
滑县小铺乡姜庄村,51
滑县大寨乡大寨村,62
滑县四间房镇四间房村,113
滑县四间房乡四间房集,92
滑县四间房乡四间房村,54
滑县半坡店乡黄塔村,96
滑县八里营镇八里营集村,54
滑县万古镇把里开发区,68
滑县万古镇万古集,110
滍阳镇薛东村路南,52
源汇区问十乡武庄村一组,177
源汇区问十乡曹店村一组,179
源汇区问十乡宋庄村,73
源汇区问十乡宁庄村一组,211
源汇区问十乡周庄村五组,281
源汇区问十乡周庄村三组,64
源汇区问十乡周庄村一组,64
源汇区空冢郭镇指挥寨村,69
源汇区湘江路湘江小镇,115
源汇区湘江西路,845
源汇区柳江路柳江小区,584
源汇区柳江路柳江东苑,76
源汇区柳江路文萃江南,262
源汇区太行山路南端,108
源汇区太行山路与桂江路交叉口汇成商务中心,3763
源汇区吉顺生态产业园,126
源汇区五一路南段,191
源汇区中华市场四区,52
湖东街道五星社区便民点,57
温县古温大街北段,54
渑池县黄花建材市场,124
渑池县黄花市场,130
渑池县黄河路,114
渑池县解放大街,85
渑池县英豪镇英豪街,74
渑池县海露大街,54
渑池县果园乡赵庄村,61
渑池县新市场,64
渑池县新华街,156
渑池县新华北路,52
渑池县新兴街,95
渑池县文化街,153
渑池县张村镇张村街,57
渑池县双拥路,62
渑池县会盟路,144
渑池县仰韶西路,157
渑池县仰韶西街,101
渑池县仰韶市场,89
渑池县仰韶大街,167
渑池县仰韶东街,85
渑池县人民后街,68
渑池县人民前街,70
渑池县中心市场,104
渑池县万洋商贸城,120
清丰县马村乡南街,97
清丰县韩村乡韩村集,70
淮阳县陈州商城,56
淮阳县郑集乡郑集街,85
淮阳县西城区淮周路,72
淮阳县羲皇大道与五彩路交汇处西北角广商建材城,66
淮阳县曹河乡王楼街,82
淮阳县新站镇新站街,53
淮阳县新站镇新站村,51
淮阳县城内大同街,62
淮阳县四通镇,91
淮滨县马集镇街道,60
淮滨县马集镇南街,54
淮滨县顺河街道,69
淮滨县防胡镇街道,211
淮滨县邓湾乡街道,187
淮滨县赵集镇街道,194
淮滨县谷堆乡街道,97
淮滨县西城街道,51
淮滨县西城建材城,77
淮滨县西城信淮路中段,73
淮滨县芦集乡街道,67
淮滨县芦集乡吉庙街道,70
淮滨县王店乡街道,101
淮滨县王家岗乡街道,98
淮滨县滨湖街道办事处正义街,63
淮滨县滨湖街道办事处乌龙大道中段,89
淮滨县滨湖街道办事处乌龙大道,101
淮滨县栏杆镇街道,110
淮滨县期思镇街道,125
淮滨县新里镇街道,183
淮滨县张里乡街道,149
淮滨县张庄乡街道,52
淮滨县城关防洪通道,80
淮滨县城关金谷春大道中段,90
淮滨县城关豫东南商贸城,83
淮滨县城关滨城商业中心,238
淮滨县城关新市街,55
淮滨县城关南大街西段,152
淮滨县城关南大街中段,116
淮滨县城关南大街,51
淮滨县城关北大街,58
淮滨县城关公安街,115
淮滨县固城乡街道,142
淮滨县台头乡街道,78
淮滨县北城金谷春大道东段,89
淮滨县北城桂花路中段,147
淮滨县三空桥乡街道,119
淞江街道王堂村,93
淘宝：https：//shop,61
淘宝网店:https://shop,88
淘宝网:shop,59
淘宝网:https://www.taobao.com;,266
淘宝网:https://www.taobao.com/;,210
淘宝网:https://shop,1335
淘宝网:http://shop,136
淘宝平台:https://shop,478
淘宝:www.taobao.com;,162
淘宝:shop,111
淘宝:https://shop,2097
淘宝:https://,54
淘宝:http://shop,154
淇滨区黎阳路,65
淇滨区黄河路,87
淇滨区淮河路,97
淇滨区淇河路,79
淇滨区华山路,80
淇滨区上峪乡桑园村,51
淇县西岗镇西岗村,83
淇县朝歌镇,109
淇县,210
淅川县龙城街道红旗路,142
淅川县龙城街道灌河路,305
淅川县龙城街道人民路,103
淅川县马蹬镇黄庄街,72
淅川县马蹬镇黄庄村,67
淅川县马蹬镇新建路,56
淅川县香花镇香南村,60
淅川县香花镇香北村,213
淅川县香花镇邓荆路,227
淅川县香花镇老街,115
淅川县香花镇宋岗,65
淅川县香花镇凤凰街,63
淅川县金河镇金榜路,66
淅川县金河镇金政路,52
淅川县金河镇,899
淅川县盛湾镇盛湾街,256
淅川县滔河乡新街,92
淅川县商圣街道狮子路社区,51
淅川县县城红旗路,52
淅川县县城灌河路南段,70
淅川县县城灌河路,127
淅川县县城新建路,87
淅川县县城人民路,81
淅川县县城丹江大道,55
淅川县厚坡镇后街村,56
淅川县厚坡镇东大街,182
淅川县仓房镇磨沟村,63
淅川县九重镇交通路,118
淅川县上集镇罗池贯,132
涧西区长春路街道珠江新村,178
涧西区长春路街道建设路,97
涧西区西苑路,132
涧西区联盟路,80
涧西区武汉路,66
涧西区景华路,159
涧西区建设路,152
涧西区延安路,51
涧西区天津路,63
涧西区同乐建材市场A区,53
涧西区南昌路,89
涧西区中州西路,140
涧西区,167
涧南农贸批发市场,62
浚县白寺乡白寺集,78
浚县白寺乡白寺村,104
浚县白寺乡左洼村,58
浚县屯子镇屯子集,154
浚县小河镇小河村,115
浚县善堂镇人民路,121
浚县卫贤镇卫贤村,78
浙江淘宝网络有限公司:https://shop,114
济源市轵城镇西轵城村,238
济源市轵城镇东轵城村,91
济源市轵城镇东天江村,57
济源市王屋镇王屋街,118
济源市王屋镇愚公村,60
济源市济水大街,98
济源市济水周园路,57
济源市济水八仙街,53
济源市济水东街二巷,101
济源市济水东街一巷,121
济源市河合流动,310
济源市梨林镇梨林大街,66
济源市文昌中路,81
济源市思礼镇思礼村,65
济源市御驾流动,149
济源市御驾小吃街,160
济源市宣化街西段,606
济源市宣化街中段,138
济源市天坛路中段,51
济源市商业城,96
济源市周园路,186
济源市南街集贸市场,154
济源市南街二巷,51
济源市北海办事处济渎路商务内街东,67
济源市关帝街,81
济源市八仙街,293
济源市五龙口镇辛庄村,53
济源市五龙口镇辛庄大街,67
济源市五龙口镇尚庄大街,131
济源市中原国际商贸城A,171
浉河区金牛山街道十里河社区(流动货摊),68
流动（豫ADT,53
流动经营,130
流动(豫ADT,66
流动,98
洛龙区长夏门街关林综合批发市场,101
洛龙区牡丹大道,100
洛龙区开元大道,71
洛龙区希真街与洛宜路交叉口向北,80
洛龙区定鼎门街,51
洛龙区关林翠云东路,154
洛龙区关林皂角树村第二市场,56
洛龙区关林市场西,58
洛龙区关林市场,360
洛龙区关林南方服装城一楼B-,58
洛阳高新技术产业开发区丰李镇丰李村,58
洛阳市西工区金谷园路,179
洛阳市西工区金谷园村,97
洛阳市西工区道南路,221
洛阳市西工区解放路,539
洛阳市西工区西下池村,51
洛阳市西工区衡山路,87
洛阳市西工区行署路,436
洛阳市西工区纱厂西路,163
洛阳市西工区纱厂南路,410
洛阳市西工区纱厂北路,96
洛阳市西工区纱厂东路,99
洛阳市西工区石油路,72
洛阳市西工区王城路,133
洛阳市西工区王城大道升龙广场C区,54
洛阳市西工区王城大道,634
洛阳市西工区涧东路,343
洛阳市西工区洛浦路,91
洛阳市西工区汉屯路,81
洛阳市西工区汉宫路,107
洛阳市西工区唐宫路,82
洛阳市西工区唐宫西路,510
洛阳市西工区唐宫中路,76
洛阳市西工区升龙广场E区,94
洛阳市西工区升龙广场C区,87
洛阳市西工区升龙广场B区第,407
洛阳市西工区升龙广场A区,74
洛阳市西工区凯旋路,74
洛阳市西工区凯旋西路,294
洛阳市西工区凯旋东路,226
洛阳市西工区八一路,124
洛阳市西工区健康路,58
洛阳市西工区健康西路,116
洛阳市西工区体育场路,124
洛阳市西工区人民西路,58
洛阳市西工区五洲国际,104
洛阳市西工区九都路,505
洛阳市西工区临涧路,77
洛阳市西工区中州中路,1296
洛阳市西工区七一路,113
洛阳市西工区,68
洛阳市老城区环城西路,72
洛阳市老城区王城大道,89
洛阳市老城区春都路,379
洛阳市老城区宏进市场C区,170
洛阳市老城区宏进市场A区,122
洛阳市老城区唐宫东路,116
洛阳市老城区中州中路,94
洛阳市老城区中州东路,91
洛阳市老城区,118
洛阳市经济技术开发区长夏门街,56
洛阳市瀍河回族区启明南路,164
洛阳市瀍河区,94
洛阳市涧西区西苑路,126
洛阳市涧西区联盟路,127
洛阳市涧西区景华路,111
洛阳市涧西区建设路,206
洛阳市涧西区安徽路,54
洛阳市涧西区天津路,57
洛阳市涧西区南昌路六街坊,55
洛阳市涧西区南昌路,194
洛阳市涧西区丽新路世纪华阳花园,82
洛阳市涧西区中州西路,151
洛阳市涧西区,136
洛阳市洛龙区龙门大道,263
洛阳市洛龙区龙腾小区,51
洛阳市洛龙区龙祥街,73
洛阳市洛龙区龙祥商业街门面房,54
洛阳市洛龙区龙祥商业街B,53
洛阳市洛龙区长兴街与政和路交叉口东北角S,215
洛阳市洛龙区长兴街,155
洛阳市洛龙区长兴尚街,166
洛阳市洛龙区金城寨街,103
洛阳市洛龙区英才路中泰华庭,51
洛阳市洛龙区英才路,144
洛阳市洛龙区美茵街,91
洛阳市洛龙区盛唐至尊,66
洛阳市洛龙区牡丹大道,438
洛阳市洛龙区滨河南路,422
洛阳市洛龙区永泰街,65
洛阳市洛龙区政和路,131
洛阳市洛龙区开元大道,573
洛阳市洛龙区建业龙城,53
洛阳市洛龙区定鼎门街道新村,69
洛阳市洛龙区安乐镇西岗村,55
洛阳市洛龙区学子街理工学院西区商业街,59
洛阳市洛龙区太康路,111
洛阳市洛龙区古城路盛唐至尊,86
洛阳市洛龙区古城路,580
洛阳市洛龙区关林路,95
洛阳市洛龙区关林翠云东路,72
洛阳市洛龙区关林东宸家纺城,71
洛阳市洛龙区二郎庙夜市街,107
洛阳市洛龙区丰李镇丰李村,231
洛阳市栾川县栾川乡七里坪村,57
洛阳市栾川县城君山东路,65
洛阳市春都路,151
洛阳市偃师区槐新街道洛神路,171
洛阳市偃师区槐新街道民主路,58
洛阳市偃师区大口镇大口村,190
洛阳市伊滨区诸葛镇诸葛村,250
洛阳市伊滨区诸葛镇,113
洛阳市伊滨区李村镇吉庆嘉苑,54
洛阳市伊滨区李村镇南寨村,72
洛阳市伊滨区李村镇兰台嘉苑,66
洛阳市伊滨区新源路,53
洛阳市伊滨区庞村镇赵屯村,141
洛阳市伊滨区庞村镇西庞村,164
洛阳市伊滨区庞村镇窑沟村,113
洛阳市伊滨区庞村镇白草坡村,57
洛阳市伊滨区庞村镇掘山村,89
洛阳市伊滨区庞村镇东庞村,298
洛阳市伊滨区寇店镇李家村,79
洛阳市伊滨区寇店镇寇店村,281
洛阳市伊川县鸦岭乡鸦岭村,52
洛阳市伊川县鸣皋镇鸣皋村,248
洛阳市伊川县鸣皋镇中溪村,109
洛阳市伊川县高山镇高山市场,51
洛阳市伊川县酒后乡酒后村,85
洛阳市伊川县葛寨乡烟涧村,85
洛阳市伊川县白沙镇白沙村,83
洛阳市伊川县白元镇白元村,59
洛阳市伊川县水寨镇水寨村,103
洛阳市伊川县彭婆镇彭婆村,64
洛阳市伊川县彭婆市场,135
洛阳市伊川县平等乡平等村,118
洛阳市伊川县平等乡古城村,88
洛阳市伊川县城关镇鹤鸣路,51
洛阳市伊川县城关镇顺城街西段,55
洛阳市伊川县城关镇顺城街,115
洛阳市伊川县城关镇酒城南路,54
洛阳市伊川县城关镇酒城北路,109
洛阳市伊川县城关镇豫港大道,55
洛阳市伊川县城关镇荆山路,94
洛阳市伊川县城关镇罗村,56
洛阳市伊川县城关镇瑶湾村,79
洛阳市伊川县城关镇杜康大道南段,82
洛阳市伊川县城关镇杜康大道北段,79
洛阳市伊川县城关镇杜康大道,66
洛阳市伊川县城关镇文化北路,107
洛阳市伊川县城关镇商都路,86
洛阳市伊川县城关镇周村,115
洛阳市伊川县城关镇古城寨村,62
洛阳市伊川县城关镇兴华街,59
洛阳市伊川县城关镇人民东路,60
洛阳市伊川县吕店镇吕店村,56
洛阳市伊川县吕店市场,63
洛宁县马店镇马店街,79
洛宁县陈吴乡陈吴街,82
洛宁县陈吴乡大原街,291
洛宁县陈吴乡上亿广场,96
洛宁县长水街,82
洛宁县长水乡长水街,93
洛宁县赵村镇土桥村,125
洛宁县赵村镇,57
洛宁县罗岭乡罗岭街,51
洛宁县涧口乡涧口街,128
洛宁县洛浦路,90
洛宁县河底镇河底街,152
洛宁县河底镇杨坡街,112
洛宁县文昌路,59
洛宁县政通路,170
洛宁县建设路,77
洛宁县延滨市场西区,52
洛宁县延滨市场东区,58
洛宁县城郊乡崛山街,117
洛宁县城区(城市管理局指定的时间和地点),219
洛宁县兴宁东路老城教堂西,154
洛宁县兴华镇兴华街,192
洛宁县公园壹号,85
洛宁县京宁路路西,107
洛宁县中扩路,58
洛宁县东宋镇东宋街,83
洛宁县下峪镇下峪街,52
洛宁县上戈镇上戈街,57
波头集商贸城,60
泌阳县高店街,64
泌阳县高店乡高店街,56
泌阳县铜山乡铜山街,65
泌阳县贾楼乡贾楼街,76
泌阳县象河乡象河街,103
泌阳县花园办事处懿丰小区,97
泌阳县花园办事处尚东第一城,67
泌阳县花园办事处中州国际商城,80
泌阳县盘古乡盘古街,83
泌阳县盘古乡富强路盘古乡政府院内二楼,54
泌阳县春水镇春水街,190
泌阳县春水镇文化路,60
泌阳县懿丰小区,68
泌阳县付庄乡开元路,226
泌阳县付庄乡付庄街,92
河南自贸试验区郑州片区（金水）柳东路,321
河南自贸试验区郑州片区（郑东）金水东路,2983
河南自贸试验区郑州片区（郑东）福禄路,85
河南自贸试验区郑州片区（郑东）福禄街,112
河南自贸试验区郑州片区（郑东）祥盛街,227
河南自贸试验区郑州片区（郑东）正光路,129
河南自贸试验区郑州片区（郑东）正光北街,85
河南自贸试验区郑州片区（郑东）榆林北路,233
河南自贸试验区郑州片区（郑东）普济路,117
河南自贸试验区郑州片区（郑东）普惠路,702
河南自贸试验区郑州片区（郑东）心怡路,233
河南自贸试验区郑州片区（郑东）康宁街,150
河南自贸试验区郑州片区（郑东）寿丰街,195
河南自贸试验区郑州片区（郑东）地润路,222
河南自贸试验区郑州片区（郑东）商鼎路,784
河南自贸试验区郑州片区（郑东）商都路,559
河南自贸试验区郑州片区（郑东）商务外环路,1134
河南自贸试验区郑州片区（郑东）商务外环,88
河南自贸试验区郑州片区（郑东）商务内环路,774
河南自贸试验区郑州片区（郑东）商务内环,125
河南自贸试验区郑州片区（郑东）商务中央公园,59
河南自贸试验区郑州片区（郑东）和光街,84
河南自贸试验区郑州片区（郑东）创业路,159
河南自贸试验区郑州片区（郑东）农业东路,121
河南自贸试验区郑州片区（郑东）众旺路,54
河南自贸试验区郑州片区（郑东）中兴路,80
河南自贸试验区郑州片区（郑东）东风南路商鼎路龙宇国际,139
河南自贸试验区郑州片区（郑东）万通街,85
河南自贸试验区郑州片区（经开）航海东路,1155
河南自贸试验区郑州片区（经开）经南五路,68
河南自贸试验区郑州片区（经开）经南三路,57
河南自贸试验区郑州片区（经开）经北二路,165
河南自贸试验区郑州片区（经开）经北一路,150
河南自贸试验区郑州片区（经开）第八大街第,51
河南自贸试验区郑州片区（经开）第八大街,210
河南自贸试验区郑州片区（经开）第五大街,78
河南自贸试验区郑州片区（经开）第二大街,107
河南自贸试验区郑州片区（经开）第三大街,72
河南自贸试验区郑州片区（经开）第七大街,97
河南自贸试验区郑州片区（经开）朝凤路,79
河南自贸试验区郑州片区（经开）商英街,72
河南自贸试验区郑州片区(金水)花园北路,60
河南自贸试验区郑州片区(金水)柳东路,512
河南自贸试验区郑州片区(郑东)黄河东路,86
河南自贸试验区郑州片区(郑东)金水东路绿地新都会,55
河南自贸试验区郑州片区(郑东)金水东路,4115
河南自贸试验区郑州片区(郑东)福禄路,108
河南自贸试验区郑州片区(郑东)福禄街,117
河南自贸试验区郑州片区(郑东)祥盛街,364
河南自贸试验区郑州片区(郑东)民生路,70
河南自贸试验区郑州片区(郑东)正光路,258
河南自贸试验区郑州片区(郑东)正光北街,189
河南自贸试验区郑州片区(郑东)榆林北路,260
河南自贸试验区郑州片区(郑东)普济路,113
河南自贸试验区郑州片区(郑东)普惠路,960
河南自贸试验区郑州片区(郑东)才高街,58
河南自贸试验区郑州片区(郑东)心怡路,247
河南自贸试验区郑州片区(郑东)德厚街,54
河南自贸试验区郑州片区(郑东)康宁街,218
河南自贸试验区郑州片区(郑东)寿丰街,229
河南自贸试验区郑州片区(郑东)地润路,227
河南自贸试验区郑州片区(郑东)商鼎路,741
河南自贸试验区郑州片区(郑东)商都路,863
河南自贸试验区郑州片区(郑东)商务外环路,1815
河南自贸试验区郑州片区(郑东)商务外环,164
河南自贸试验区郑州片区(郑东)商务内环路,1449
河南自贸试验区郑州片区(郑东)商务内环,228
河南自贸试验区郑州片区(郑东)商务中央公园,124
河南自贸试验区郑州片区(郑东)和光街,170
河南自贸试验区郑州片区(郑东)创业路,94
河南自贸试验区郑州片区(郑东)农业南路,51
河南自贸试验区郑州片区(郑东)农业东路,184
河南自贸试验区郑州片区(郑东)众旺路,107
河南自贸试验区郑州片区(郑东)东风南路商鼎路龙宇国际,158
河南自贸试验区郑州片区(郑东)东风南路与商鼎路交叉口升龙广场,53
河南自贸试验区郑州片区(郑东)万通街,91
河南自贸试验区郑州片区(郑东)七里河南路,51
河南自贸试验区郑州片区(郑东)CBD商务外环路,80
河南自贸试验区郑州片区(经开)航海东路,1374
河南自贸试验区郑州片区(经开)经南四路,74
河南自贸试验区郑州片区(经开)经南五路,60
河南自贸试验区郑州片区(经开)经南二路,70
河南自贸试验区郑州片区(经开)经南三路,85
河南自贸试验区郑州片区(经开)经北四路,101
河南自贸试验区郑州片区(经开)经北二路,328
河南自贸试验区郑州片区(经开)经北一路,206
河南自贸试验区郑州片区(经开)第八大街第,51
河南自贸试验区郑州片区(经开)第八大街,241
河南自贸试验区郑州片区(经开)第五大街,119
河南自贸试验区郑州片区(经开)第二大街,184
河南自贸试验区郑州片区(经开)第三大街,100
河南自贸试验区郑州片区(经开)第七大街,161
河南自贸试验区郑州片区(经开)第一大街,73
河南自贸试验区郑州片区(经开)朝凤路,126
河南自贸试验区郑州片区(经开)商英街,99
河南自贸试验区开封片区郑开大道,1360
河南自贸试验区开封片区恒大未来城,82
河南自贸试验区开封片区幸福二街,105
河南自贸试验区开封片区宋城路宋城雅居,125
河南自贸试验区开封片区回龙庙新村,219
河南自贸试验区开封片区八大街晋河花园,61
河南自贸试验区开封片区五大街CBD总商会大厦,60
河南自贸试验区开封片区七大街绿地中部创客天地,59
河南自贸试验区开封片区七大街晋河花园,61
河南省鹿邑县观堂乡木庙行政村木庙村何洼村,78
河南省鹿邑县生铁冢乡邱庄行政村郭菜园,60
河南省鹤壁市鹤山区姬家山乡土门村电商园区,94
河南省鹤壁市淇滨区黎阳路街道黎阳路,151
河南省鹤壁市淇滨区黎阳路街道淇河路与嵩山路交叉口东,72
河南省鹤壁市淇滨区黎阳路街道淇河路,165
河南省鹤壁市淇滨区黎阳路街道桐花巷,73
河南省鹤壁市淇滨区黎阳路街道卫河路,130
河南省鹤壁市淇滨区黎阳路街道华山路,86
河南省鹤壁市淇滨区黎阳路,99
河南省鹤壁市淇滨区黄河路,59
河南省鹤壁市淇滨区长江路街道桃园社区居委会办公楼,73
河南省鹤壁市淇滨区钜桥镇钜桥村,51
河南省鹤壁市淇滨区湘江路与钜新路交叉口东南角创业创新园,93
河南省鹤壁市淇滨区淇河路与嵩山路交叉口东,56
河南省鹤壁市淇滨区淇河路,134
河南省鹤壁市淇滨区淇水大道观景大厦,51
河南省鹤壁市淇滨区淇水大道,80
河南省鹤壁市淇滨区泰山办事处衡山路,106
河南省鹤壁市淇滨区泰山办事处淮河路,57
河南省鹤壁市淇滨区泰山办事处淇滨大道,54
河南省鹤壁市淇滨区太行路,93
河南省鹤壁市淇滨区天山办事处淇水大道观景大厦,60
河南省鹤壁市淇滨区天山办事处淇水大道,51
河南省鹤壁市淇滨区天山办事处柳江路与天山路交叉口天山路街道新经济产业园,117
河南省鹤壁市淇滨区大河涧乡人民政府总部经济产业园,75
河南省鹤壁市淇滨区卫河路,52
河南省鹤壁市淇滨区华山路,93
河南省鹤壁市淇滨区兴鹤大街,101
河南省鹤壁市淇滨区九州路街道黄河路,78
河南省鹤壁市淇滨区九州路街道黄山路,138
河南省鹤壁市淇滨区九州路街道淮河路,94
河南省鹤壁市淇滨区九州路街道正阳商业街,82
河南省鹤壁市淇滨区九州路街道新闻巷,132
河南省鹤壁市淇滨区九州路街道华山路,59
河南省鹤壁市淇滨区九州路街道兴鹤大街中凯,56
河南省鹤壁市淇滨区九州路街道九州路,60
河南省鹤壁市淇滨区九州路街道中凯商业街,95
河南省鹤壁市淇滨区九州路街道,53
河南省鹤壁市淇滨区,147
河南省鹤壁市淇县桥盟街道办事处,55
河南省鹤壁市淇县朝歌镇,58
河南省鹤壁市浚县白寺镇白寺村,78
河南省鹤壁市浚县白寺乡张寨村,55
河南省鹤壁市浚县白寺乡刘裴洼村村委会院里,77
河南省鹤壁市浚县屯子镇屯子村,61
河南省鹤壁市浚县小河镇小河村,53
河南省鹤壁市浚县卫贤镇卫贤村,55
河南省鹤壁市浚县卫溪街道黎阳路宏基教育楼四楼,112
河南省鹤壁市浚县卫溪街道晏庄村,65
河南省鹤壁市浚县卫溪街道东街,82
河南省鹤壁市泰伯北大街东杨花园,56
河南省鹤壁市山城区鹿楼街道鹤电小区,70
河南省鹤壁市山城区鹿楼街道馨苑八区,86
河南省鹤壁市山城区鹿楼街道服务公司,63
河南省鹤壁市山城区鹿楼乡鹿楼村,65
河南省鹤壁市山城区鹿楼乡西鹿楼村东,107
河南省鹤壁市山城区鹿楼乡大胡社区玉兰巷,93
河南省鹤壁市山城区鹿楼乡大胡社区,517
河南省鹤壁市山城区鹿楼乡大峪村,59
河南省鹤壁市山城区鹿楼乡后营村,136
河南省鹤壁市山城区鹿楼乡东扒厂村,113
河南省鹤壁市山城区鹿楼乡东扒厂,64
河南省鹤壁市山城区鹤壁市山城区陶源一区,537
河南省鹤壁市山城区鹤壁市山城区东石林村豫兴煤机培训基地对面门面,135
河南省鹤壁市山城区馨苑九区,63
河南省鹤壁市山城区陶瓷大道工业园区,70
河南省鹤壁市山城区陶源一区,73
河南省鹤壁市山城区长风路中段,89
河南省鹤壁市山城区长风南路,254
河南省鹤壁市山城区长风中路街道长风路,438
河南省鹤壁市山城区长风中路街道奔流街,51
河南省鹤壁市山城区长风中路街道前进路,94
河南省鹤壁市山城区长风中路街道,197
河南省鹤壁市山城区长风中路,72
河南省鹤壁市山城区金融科技产业园A区-,60
河南省鹤壁市山城区绿源农贸市场C区-,268
河南省鹤壁市山城区红旗街道红旗街中段,56
河南省鹤壁市山城区红旗街道红旗街东段,172
河南省鹤壁市山城区红旗街道红旗街东建材市场园内,379
河南省鹤壁市山城区红旗街道红旗街,58
河南省鹤壁市山城区红旗街道红四巷,96
河南省鹤壁市山城区红旗街道红五巷,165
河南省鹤壁市山城区红旗街道红七,79
河南省鹤壁市山城区红旗街道朝霞街南,103
河南省鹤壁市山城区红旗街道朝阳街,79
河南省鹤壁市山城区红旗街道春雷路,96
河南省鹤壁市山城区红旗街道建设街,93
河南省鹤壁市山城区红旗街道山城路,213
河南省鹤壁市山城区红旗街道南七胡同,83
河南省鹤壁市山城区红旗街道,90
河南省鹤壁市山城区石林镇石林大街,363
河南省鹤壁市山城区石林村陶源一区,250
河南省鹤壁市山城区石林乡北唐宋村,63
河南省鹤壁市山城区石林乡中石林村,65
河南省鹤壁市山城区石林乡东寺望台村,84
河南省鹤壁市山城区石林乡三家村,62
河南省鹤壁市山城区泗滨街,73
河南省鹤壁市山城区汤河街街道陈家湾,118
河南省鹤壁市山城区汤河街街道汤河街,61
河南省鹤壁市山城区汤河街街道汤河便民点,206
河南省鹤壁市山城区汤河街街道卫星街,332
河南省鹤壁市山城区汤河街街道,62
河南省鹤壁市山城区桃源一区,244
河南省鹤壁市山城区朝霞街,91
河南省鹤壁市山城区朝阳街,81
河南省鹤壁市山城区春雷路中段,87
河南省鹤壁市山城区春雷路,99
河南省鹤壁市山城区山城路街道汤河街,356
河南省鹤壁市山城区山城路街道无线电研究所,329
河南省鹤壁市山城区山城路街道北天元院内,100
河南省鹤壁市山城区山城路,76
河南省鹤壁市山城区人民路,60
河南省鹤壁市山城区丰泽园B区-,313
河南省鹤壁市山城区东石林村豫兴煤机培训基地对面门面,467
河南省鹤壁市城乡一体化示范区朝歌里人文小镇B区,52
河南省鹤壁市城乡一体化示范区嘉陵江路与井冈山路交叉口京东智能制造产业新城,66
河南省鹤壁市城乡一体化示范区万泉河路浙商欧式步行街C,56
河南省驻马店市驿城区香山街道玉兰路皇家驿站(文化产业园)-,84
河南省驻马店市驿城区诸市乡,91
河南省驻马店市驿城区皇家驿站首开区A,67
河南省驻马店市驿城区南海路南段,98
河南省驻马店市驿城区光明路南段,53
河南省驻马店市驿城区东风街道贸易广场,57
河南省驻马店市重阳大道与兴业大道交叉口北国际农产品加工产业园,72
河南省驻马店市遂平县瞿阳镇国槐路美食广场,76
河南省驻马店市遂平县凤鸣谷景区张台街,60
河南省驻马店市西平县柏城解放路顶品百货,439
河南省驻马店市西平县柏亭国际商贸城B,55
河南省驻马店市西平县,103
河南省驻马店市确山县李新店乡李新店街,92
河南省驻马店市确山县新安店镇新安店街,72
河南省驻马店市确山县新安店镇八四集,113
河南省驻马店市泌阳县高店乡政府院内金源园区服务管理办公室,65
河南省驻马店市汝南县老君庙镇富康路,63
河南省驻马店市汝南县老君庙镇光明路,70
河南省驻马店市汝南县汝宁镇农商智慧城,112
河南省驻马店市汝南县古塔街道中驰城市广场,84
河南省驻马店市正阳县陡沟镇中心街,142
河南省驻马店市正阳县熊寨镇增益社区,61
河南省驻马店市开发区关王庙乡关公路,57
河南省驻马店市上蔡县重阳办事处中部礼品城,215
河南省驻马店市上蔡县蔡都办事处李斯步行街,84
河南省驻马店市上蔡县芦岗办事处农商城,73
河南省驻马店市上蔡县杨集镇杨集村,68
河南省项城市官会镇官北村,154
河南省项城市孙店街,65
河南省长葛市和尚桥镇秦公庙村,133
河南省郸城县汲水乡赵楼村,100
河南省郸城县新城区交通路西段,82
河南省郸城县东风乡中心街,67
河南省郑州市高新技术开发区长椿路,75
河南省郑州市高新技术开发区金梭路,56
河南省郑州市高新技术开发区郁香路,88
河南省郑州市高新技术开发区莲花街,88
河南省郑州市高新技术开发区红松路,51
河南省郑州市高新技术开发区科学大道,127
河南省郑州市高新技术开发区电厂路,73
河南省郑州市高新技术开发区瑞达路,53
河南省郑州市高新技术开发区冬青街,82
河南省郑州市高新技术产业开发区黄兰路,69
河南省郑州市高新技术产业开发区须水河东路,98
河南省郑州市高新技术产业开发区雪兰路,98
河南省郑州市高新技术产业开发区长椿路,658
河南省郑州市高新技术产业开发区银屏路,239
河南省郑州市高新技术产业开发区金菊街,81
河南省郑州市高新技术产业开发区金梭路,636
河南省郑州市高新技术产业开发区郁香路,84
河南省郑州市高新技术产业开发区迎春街,168
河南省郑州市高新技术产业开发区西四环,388
河南省郑州市高新技术产业开发区西三环路,401
河南省郑州市高新技术产业开发区西三环,101
河南省郑州市高新技术产业开发区莲花街,658
河南省郑州市高新技术产业开发区药厂街,67
河南省郑州市高新技术产业开发区翠竹街,287
河南省郑州市高新技术产业开发区红松路,70
河南省郑州市高新技术产业开发区红叶路,221
河南省郑州市高新技术产业开发区科学大道银兰路高新SOHO,100
河南省郑州市高新技术产业开发区科学大道,1006
河南省郑州市高新技术产业开发区碧桃路,93
河南省郑州市高新技术产业开发区白杨路,52
河南省郑州市高新技术产业开发区电厂路,610
河南省郑州市高新技术产业开发区瑞达路,565
河南省郑州市高新技术产业开发区玉兰街,206
河南省郑州市高新技术产业开发区牡丹路,84
河南省郑州市高新技术产业开发区漳河路,83
河南省郑州市高新技术产业开发区梧桐街,158
河南省郑州市高新技术产业开发区枫香街,96
河南省郑州市高新技术产业开发区枫杨街,105
河南省郑州市高新技术产业开发区木兰里,138
河南省郑州市高新技术产业开发区月桂路,77
河南省郑州市高新技术产业开发区国槐街,197
河南省郑州市高新技术产业开发区冬青街,542
河南省郑州市高新技术产业开发区五龙口南路,72
河南省郑州市高新技术产业开发区丁香里,75
河南省郑州市高新区长椿路,313
河南省郑州市高新区银屏路,85
河南省郑州市高新区金梭路,144
河南省郑州市高新区郁香路,51
河南省郑州市高新区迎春街,51
河南省郑州市高新区西四环,54
河南省郑州市高新区西三环路,56
河南省郑州市高新区莲花街,175
河南省郑州市高新区翠竹街,76
河南省郑州市高新区科学大道,322
河南省郑州市高新区电厂路,206
河南省郑州市高新区瑞达路,123
河南省郑州市高新区玉兰街,78
河南省郑州市高新区漳河路,66
河南省郑州市高新区梧桐街,58
河南省郑州市高新区枫杨街,58
河南省郑州市高新区国槐街,89
河南省郑州市高新区冬青街,218
河南省郑州市金水区黑朱庄路未来滨河小区,116
河南省郑州市金水区黑朱庄路,299
河南省郑州市金水区黄河路,1865
河南省郑州市金水区鸿苑路,205
河南省郑州市金水区魏河南路,63
河南省郑州市金水区魏河北路,59
河南省郑州市金水区香山路香山市集南区B,56
河南省郑州市金水区顺河路,297
河南省郑州市金水区青年路张庄社区,65
河南省郑州市金水区青年路,1035
河南省郑州市金水区鑫苑路,421
河南省郑州市金水区鑫苑西路,202
河南省郑州市金水区金水路,3104
河南省郑州市金水区金明路,146
河南省郑州市金水区金成时代广场,58
河南省郑州市金水区郑花路,2717
河南省郑州市金水区郑汴路,1790
河南省郑州市金水区贾鲁河南路,74
河南省郑州市金水区贾鲁河北路,59
河南省郑州市金水区货站街,64
河南省郑州市金水区英协路,940
河南省郑州市金水区花园路街道花园路,76
河南省郑州市金水区花园路街道纬四路,85
河南省郑州市金水区花园路街道纬五路,96
河南省郑州市金水区花园路,4721
河南省郑州市金水区花园北路,1557
河南省郑州市金水区翠花路,65
河南省郑州市金水区经六路,131
河南省郑州市金水区经八路街道黄河路,76
河南省郑州市金水区经八路街道经七路,56
河南省郑州市金水区经八路街道文化路,72
河南省郑州市金水区经八路,495
河南省郑州市金水区经五路,520
河南省郑州市金水区经二路,63
河南省郑州市金水区经三路北段,119
河南省郑州市金水区经三路北,1268
河南省郑州市金水区经三路,1061
河南省郑州市金水区经三北路,351
河南省郑州市金水区经七路,412
河南省郑州市金水区经一路北,106
河南省郑州市金水区经一路,83
河南省郑州市金水区纬四路东,96
河南省郑州市金水区纬四路,337
河南省郑州市金水区纬五路,566
河南省郑州市金水区纬二路,238
河南省郑州市金水区纬三路,77
河南省郑州市金水区纬一路,86
河南省郑州市金水区红旗路,575
河南省郑州市金水区红专路,858
河南省郑州市金水区紫荆山路,94
河南省郑州市金水区索凌路,141
河南省郑州市金水区科源路,179
河南省郑州市金水区福彩路,263
河南省郑州市金水区福元路,389
河南省郑州市金水区玉凤路,728
河南省郑州市金水区燕庄一街,61
河南省郑州市金水区沙口路,205
河南省郑州市金水区水科路市场,68
河南省郑州市金水区水科路,121
河南省郑州市金水区民航路,362
河南省郑州市金水区林科路,296
河南省郑州市金水区杨金路,405
河南省郑州市金水区机场路,77
河南省郑州市金水区未来路街道黑朱庄路未来滨河小区,157
河南省郑州市金水区未来路街道黑朱庄路,548
河南省郑州市金水区未来路街道黄河路,499
河南省郑州市金水区未来路街道顺河路,284
河南省郑州市金水区未来路街道金水路,1033
河南省郑州市金水区未来路街道英协路,505
河南省郑州市金水区未来路街道纬二路,79
河南省郑州市金水区未来路街道福元路,216
河南省郑州市金水区未来路街道玉凤路,842
河南省郑州市金水区未来路街道燕黑路,88
河南省郑州市金水区未来路街道民航路,235
河南省郑州市金水区未来路街道未来路,627
河南省郑州市金水区未来路街道商城东路,197
河南省郑州市金水区未来路,1004
河南省郑州市金水区未来大道,83
河南省郑州市金水区朝阳路,131
河南省郑州市金水区晨旭路,311
河南省郑州市金水区文博西路,195
河南省郑州市金水区文博东路,259
河南省郑州市金水区文化路街道花园路,236
河南省郑州市金水区文化路街道经五路,66
河南省郑州市金水区文化路街道文化路,113
河南省郑州市金水区文化路街道农科路,169
河南省郑州市金水区文化路街道农业路,109
河南省郑州市金水区文化路街道丰产路,74
河南省郑州市金水区文化路街道东风路,83
河南省郑州市金水区文化路,1770
河南省郑州市金水区文化北路,175
河南省郑州市金水区政四街,93
河南省郑州市金水区政六街,237
河南省郑州市金水区政三街,62
河南省郑州市金水区政七街,311
河南省郑州市金水区建业路建业城市花园,92
河南省郑州市金水区建业路,343
河南省郑州市金水区广电南路,261
河南省郑州市金水区嵩山北路,60
河南省郑州市金水区宝瑞路,165
河南省郑州市金水区宏达街,68
河南省郑州市金水区宏祥路,358
河南省郑州市金水区宏明路,67
河南省郑州市金水区宏康路,1422
河南省郑州市金水区宏安路,96
河南省郑州市金水区姚砦路,1226
河南省郑州市金水区姚寨路,170
河南省郑州市金水区天明路,382
河南省郑州市金水区天伦路,837
河南省郑州市金水区大石桥街道金水路,169
河南省郑州市金水区大石桥街道同乐路,58
河南省郑州市金水区大石桥街道南阳路,183
河南省郑州市金水区大石桥街道健康路,118
河南省郑州市金水区大石桥街道优胜南路,91
河南省郑州市金水区大石桥街道优胜北路,63
河南省郑州市金水区国基路街道宏康路,54
河南省郑州市金水区国基路街道国基路,99
河南省郑州市金水区国基路,2563
河南省郑州市金水区园田路,138
河南省郑州市金水区商城东路,443
河南省郑州市金水区同乐路,110
河南省郑州市金水区双铺路,115
河南省郑州市金水区卫生路,67
河南省郑州市金水区博颂路,163
河南省郑州市金水区南阳路,959
河南省郑州市金水区南阳新村街道翠花路,56
河南省郑州市金水区南阳新村街道沙口路,80
河南省郑州市金水区南阳新村街道天明路,88
河南省郑州市金水区南阳新村街道南阳路,609
河南省郑州市金水区南阳新村街道农业路,105
河南省郑州市金水区南阳新村街道丰乐路,92
河南省郑州市金水区北环路,515
河南省郑州市金水区北林路街道鑫苑路,260
河南省郑州市金水区北林路街道鑫苑西路,59
河南省郑州市金水区北林路街道花园路,197
河南省郑州市金水区北林路街道经三路北,82
河南省郑州市金水区北林路街道经三路,105
河南省郑州市金水区北林路街道福彩路,63
河南省郑州市金水区北林路街道朝阳路,57
河南省郑州市金水区北林路街道晨旭路,75
河南省郑州市金水区北林路街道广电南路,66
河南省郑州市金水区北林路街道北环路,73
河南省郑州市金水区北三环,347
河南省郑州市金水区勤工路,68
河南省郑州市金水区凤鸣路,111
河南省郑州市金水区凤台路,266
河南省郑州市金水区凤凰台街道青年路,1029
河南省郑州市金水区凤凰台街道郑汴路,1309
河南省郑州市金水区凤凰台街道英协路,180
河南省郑州市金水区凤凰台街道玉凤路,100
河南省郑州市金水区凤凰台街道未来路,446
河南省郑州市金水区凤凰台街道张庄社区,72
河南省郑州市金水区凤凰台街道建业路,341
河南省郑州市金水区凤凰台街道凤鸣路,93
河南省郑州市金水区凤凰台街道凤台路,252
河南省郑州市金水区凤凰台街道中州大道,378
河南省郑州市金水区农科路,1732
河南省郑州市金水区农业路东,1643
河南省郑州市金水区农业路,1875
河南省郑州市金水区兴达路街道鸿苑路,143
河南省郑州市金水区兴达路街道鸿宝路,51
河南省郑州市金水区兴达路街道马渡村,56
河南省郑州市金水区兴达路街道花李庄社区,131
河南省郑州市金水区兴达路街道小金庄社区,226
河南省郑州市金水区兴达路街道姚店堤社区,168
河南省郑州市金水区兴达路街道大郭村社区,100
河南省郑州市金水区兴达路街道北录庄社区,128
河南省郑州市金水区兴达路街道任庄社区,223
河南省郑州市金水区兴达路办事处马渡村,66
河南省郑州市金水区兴达路,604
河南省郑州市金水区健康路商贸不夜区,64
河南省郑州市金水区健康路,328
河南省郑州市金水区俭学街,262
河南省郑州市金水区优胜南路,248
河南省郑州市金水区优胜北路,216
河南省郑州市金水区任砦北街,102
河南省郑州市金水区任寨北街,84
河南省郑州市金水区丰庆路,438
河南省郑州市金水区丰产路街道黄河路,261
河南省郑州市金水区丰产路街道花园路,71
河南省郑州市金水区丰产路街道经三路北,300
河南省郑州市金水区丰产路街道经一路北,92
河南省郑州市金水区丰产路街道经一路,56
河南省郑州市金水区丰产路街道纬五路,59
河南省郑州市金水区丰产路街道红旗路,114
河南省郑州市金水区丰产路街道红专路,316
河南省郑州市金水区丰产路街道林科路,105
河南省郑州市金水区丰产路街道政六街,109
河南省郑州市金水区丰产路街道政七街,191
河南省郑州市金水区丰产路街道姚砦路,909
河南省郑州市金水区丰产路街道农业路东,413
河南省郑州市金水区丰产路街道丰产路,314
河南省郑州市金水区丰产路街道东风路,145
河南省郑州市金水区丰产路街道东明路北,106
河南省郑州市金水区丰产路街道东明路,63
河南省郑州市金水区丰产路,1101
河南省郑州市金水区丰乐路,114
河南省郑州市金水区中方园路,109
河南省郑州市金水区中州大道,885
河南省郑州市金水区东风路街道文化路,245
河南省郑州市金水区东风路街道天明路,56
河南省郑州市金水区东风路街道博颂路,86
河南省郑州市金水区东风路街道东风路,238
河南省郑州市金水区东风路东,218
河南省郑州市金水区东风路,2064
河南省郑州市金水区东明路北,184
河南省郑州市金水区东明路,334
河南省郑州市金水区三全路,1130
河南省郑州市金水区,68
河南省郑州市郑东新区龙湖办事处龙翔嘉苑,54
河南省郑州市郑东新区龙湖中环南路,51
河南省郑州市郑东新区龙泽东路,67
河南省郑州市郑东新区龙子湖办事处磨李社区,60
河南省郑州市郑东新区黄河东路,69
河南省郑州市郑东新区马庄街,80
河南省郑州市郑东新区金水东路,620
河南省郑州市郑东新区金光路办事处象湖南路中建翰林院,178
河南省郑州市郑东新区金光路办事处尚景锦园,99
河南省郑州市郑东新区金光路办事处尚景秀园一号楼二单元,53
河南省郑州市郑东新区金光路办事处尚景秀园,96
河南省郑州市郑东新区金光路办事处尚景佳园,214
河南省郑州市郑东新区郑开大道,161
河南省郑州市郑东新区郑东商业中心C区,62
河南省郑州市郑东新区郑东商业中心B区,61
河南省郑州市郑东新区通泰路,349
河南省郑州市郑东新区豫兴路办事处豫兴家苑,80
河南省郑州市郑东新区豫兴路办事处前程路鲲鹏软件小镇,60
河南省郑州市郑东新区豫兴路办事处前程大道,96
河南省郑州市郑东新区豫兴办事处豫兴家苑,154
河南省郑州市郑东新区象湖南路,156
河南省郑州市郑东新区聚源路,140
河南省郑州市郑东新区经北六路富康步行街,66
河南省郑州市郑东新区第十街东城前街北,181
河南省郑州市郑东新区第十街东,51
河南省郑州市郑东新区第八大街与经北六路交叉口文博城西六楼二层,98
河南省郑州市郑东新区第八大街与经北六路交叉口文博城内西七楼,99
河南省郑州市郑东新区第八大街与经北六路交叉口文博城内东,80
河南省郑州市郑东新区第八大街与经北六路交叉口文博城东,64
河南省郑州市郑东新区福禄路,149
河南省郑州市郑东新区福禄街,451
河南省郑州市郑东新区祭城办事处金水东路,182
河南省郑州市郑东新区祭城办事处祭城,69
河南省郑州市郑东新区祭城办事处盛和街,58
河南省郑州市郑东新区祭城办事处商都路,126
河南省郑州市郑东新区祥盛街,294
河南省郑州市郑东新区相济路,62
河南省郑州市郑东新区盛和街,166
河南省郑州市郑东新区白沙镇郑开大道,76
河南省郑州市郑东新区白沙镇象湖南路与永顺路交叉口岗李农贸市场蔬菜区,81
河南省郑州市郑东新区白沙镇象湖南路与永顺路交叉口岗李农贸市场,167
河南省郑州市郑东新区白沙镇象湖南路,89
河南省郑州市郑东新区白沙镇艺君生活广场,232
河南省郑州市郑东新区白沙镇白沙农贸市场A,73
河南省郑州市郑东新区白沙镇白沙农贸市场,106
河南省郑州市郑东新区白沙镇康庄村,81
河南省郑州市郑东新区白沙镇复兴路,66
河南省郑州市郑东新区白沙镇商都路,96
河南省郑州市郑东新区白沙镇原圃路,57
河南省郑州市郑东新区白沙镇前程大道与商都路交叉口向北,102
河南省郑州市郑东新区熊儿河路,94
河南省郑州市郑东新区永平路与农业南路交叉口万通国际大厦,78
河南省郑州市郑东新区永平路,433
河南省郑州市郑东新区永嘉街,86
河南省郑州市郑东新区正商书香名筑,86
河南省郑州市郑东新区榆林南路,58
河南省郑州市郑东新区榆林北路,53
河南省郑州市郑东新区杨桥办事处万滩村,75
河南省郑州市郑东新区普济路与福禄路交叉口连邦大厦,63
河南省郑州市郑东新区普惠路与福禄街交叉口向东,64
河南省郑州市郑东新区普惠路,472
河南省郑州市郑东新区明理路,276
河南省郑州市郑东新区心怡路,401
河南省郑州市郑东新区康平路,1608
河南省郑州市郑东新区康宁街,105
河南省郑州市郑东新区平安大道,796
河南省郑州市郑东新区尚贤街,88
河南省郑州市郑东新区宏图街,132
河南省郑州市郑东新区安平路,96
河南省郑州市郑东新区如意湖办事处如意湖海逸名门,110
河南省郑州市郑东新区如意湖办事处天赋路,73
河南省郑州市郑东新区如意湖办事处商务外环路,57
河南省郑州市郑东新区如意湖办事处商务内环路,72
河南省郑州市郑东新区如意湖办事处商务内环,57
河南省郑州市郑东新区如意湖办事处农业东路,94
河南省郑州市郑东新区天韵街,60
河南省郑州市郑东新区天赋路,516
河南省郑州市郑东新区天时路,71
河南省郑州市郑东新区地润路,214
河南省郑州市郑东新区地坤街,95
河南省郑州市郑东新区商鼎路,535
河南省郑州市郑东新区商都路办事处郑东商业中心C区,57
河南省郑州市郑东新区商都路办事处郑东商业中心B区,146
河南省郑州市郑东新区商都路办事处郑东商业中心A区,72
河南省郑州市郑东新区商都路办事处福禄街,61
河南省郑州市郑东新区商都路办事处永平路,63
河南省郑州市郑东新区商都路办事处普惠路,84
河南省郑州市郑东新区商都路办事处康平路,206
河南省郑州市郑东新区商都路办事处康宁街,101
河南省郑州市郑东新区商都路办事处商鼎路,70
河南省郑州市郑东新区商都路办事处商都路,277
河南省郑州市郑东新区商都路办事处升龙广场,104
河南省郑州市郑东新区商都路办事处农业东路,53
河南省郑州市郑东新区商都路办事处五洲小区,79
河南省郑州市郑东新区商都路办事处,70
河南省郑州市郑东新区商都路,3468
河南省郑州市郑东新区商务外环路,110
河南省郑州市郑东新区商务内环路,96
河南省郑州市郑东新区商务中央公园,110
河南省郑州市郑东新区博学路办事处贾岗社区,85
河南省郑州市郑东新区博学路办事处平安大道,101
河南省郑州市郑东新区博学路办事处博雅广场,75
河南省郑州市郑东新区博学路修业街龙子湖微时代B座,76
河南省郑州市郑东新区博学路,257
河南省郑州市郑东新区十里铺街,147
河南省郑州市郑东新区利农市场,188
河南省郑州市郑东新区创业路,69
河南省郑州市郑东新区农业南路,114
河南省郑州市郑东新区农业东路,483
河南省郑州市郑东新区九如路,61
河南省郑州市郑东新区九如东路,93
河南省郑州市郑东新区中道东路,105
河南省郑州市郑东新区中州大道,134
河南省郑州市郑东新区万通路郑东商业中心A区,63
河南省郑州市郑东新区万通街,56
河南省郑州市郑东新区七里河南路,289
河南省郑州市荥阳市高村街,65
河南省郑州市荥阳市高村乡高村街,97
河南省郑州市荥阳市贾峪镇马沟村,65
河南省郑州市荥阳市豫龙镇清华大溪地,64
河南省郑州市荥阳市豫龙镇五洲城一期A,67
河南省郑州市荥阳市荥泽大道吾悦广场石榴街,81
河南省郑州市荥阳市清华大溪地,55
河南省郑州市荥阳市广武镇农产品批发大市场F区F,51
河南省郑州市荥阳市京城办曹李村,54
河南省郑州市荥阳市五洲城三期B,72
河南省郑州市荥阳市五洲城一期A,73
河南省郑州市荥阳市五洲城A,67
河南省郑州市荥阳市中原西路五洲城一期A,62
河南省郑州市荥阳市中原西路五洲城A,78
河南省郑州市荥阳市,111
河南省郑州市航空港区岗李乡临港大道,62
河南省郑州市经济技术开发区潮河办事处经南九路与十八大街交汇处亚新海棠公馆,88
河南省郑州市经济技术开发区明湖办事处航海东路,75
河南省郑州市经济技术开发区明湖办事处经北二路,52
河南省郑州市管城回族区鼎盛街,130
河南省郑州市管城回族区鼎瑞街,173
河南省郑州市管城回族区鼎文街,197
河南省郑州市管城回族区鼎尚街,206
河南省郑州市管城回族区黄玉街,152
河南省郑州市管城回族区魏庄西街西、紫东路北,55
河南省郑州市管城回族区青翠南路,79
河南省郑州市管城回族区青年路,59
河南省郑州市管城回族区陇海路街道陇海东路,188
河南省郑州市管城回族区陇海路街道紫荆山路,115
河南省郑州市管城回族区陇海路街道新郑路,72
河南省郑州市管城回族区陇海路街道南关街,77
河南省郑州市管城回族区陇海路,293
河南省郑州市管城回族区陇海南里,138
河南省郑州市管城回族区陇海东路,1366
河南省郑州市管城回族区长江东路阳光城,56
河南省郑州市管城回族区长江东路,144
河南省郑州市管城回族区锦荣商贸城北区四层十四街,56
河南省郑州市管城回族区银莺路,575
河南省郑州市管城回族区银基广场C,322
河南省郑州市管城回族区银基广场-,107
河南省郑州市管城回族区银基广场,289
河南省郑州市管城回族区金岱路阳光城,85
河南省郑州市管城回族区金岱路,87
河南省郑州市管城回族区金城街,334
河南省郑州市管城回族区野曹村,99
河南省郑州市管城回族区郑航街,142
河南省郑州市管城回族区郑汴路,2443
河南省郑州市管城回族区通站路,256
河南省郑州市管城回族区赣江路,159
河南省郑州市管城回族区贺江路,226
河南省郑州市管城回族区货站街,702
河南省郑州市管城回族区货站北街,136
河南省郑州市管城回族区货栈街,225
河南省郑州市管城回族区货栈北街,125
河南省郑州市管城回族区豫英路,1611
河南省郑州市管城回族区豫丰街,178
河南省郑州市管城回族区豫一路,77
河南省郑州市管城回族区西大街银座国际,87
河南省郑州市管城回族区西大街街道西大街,552
河南省郑州市管城回族区西大街街道弓背街,131
河南省郑州市管城回族区西大街街道南顺城街,99
河南省郑州市管城回族区西大街街道南学街,270
河南省郑州市管城回族区西大街街道南大街,104
河南省郑州市管城回族区西大街街道,88
河南省郑州市管城回族区西大街,1827
河南省郑州市管城回族区西三马路,107
河南省郑州市管城回族区裴昌庙街,105
河南省郑州市管城回族区蓝珮路,131
河南省郑州市管城回族区蓝佩路,67
河南省郑州市管城回族区花寨路,169
河南省郑州市管城回族区航海路,165
河南省郑州市管城回族区航海东路街道银莺路,57
河南省郑州市管城回族区航海东路街道豫英路,113
河南省郑州市管城回族区航海东路街道航海东路,276
河南省郑州市管城回族区航海东路街道紫东路,83
河南省郑州市管城回族区航海东路街道港湾路,63
河南省郑州市管城回族区航海东路街道城东南路,52
河南省郑州市管城回族区航海东路,6487
河南省郑州市管城回族区腾飞路,455
河南省郑州市管城回族区职工路,1619
河南省郑州市管城回族区紫辰路,1840
河南省郑州市管城回族区紫荆山路,6389
河南省郑州市管城回族区紫荆山南路,278
河南省郑州市管城回族区紫云路,179
河南省郑州市管城回族区紫东路与银莺路交叉口东南角东街,66
河南省郑州市管城回族区紫东路,1529
河南省郑州市管城回族区管城西街,81
河南省郑州市管城回族区管城街,205
河南省郑州市管城回族区管城后街,132
河南省郑州市管城回族区石化路,1236
河南省郑州市管城回族区百荣世贸商城D座负一层B,135
河南省郑州市管城回族区百荣世贸商城D座四层D,80
河南省郑州市管城回族区百荣世贸商城D座五层D,55
河南省郑州市管城回族区百荣世贸商城D座二层D,74
河南省郑州市管城回族区百荣世贸商城D座三层D,117
河南省郑州市管城回族区百荣世贸商城D座七层D,81
河南省郑州市管城回族区百荣世贸商城D座一层D,148
河南省郑州市管城回族区百荣世贸商城CB,52
河南省郑州市管城回族区百荣世贸商城C,452
河南省郑州市管城回族区百荣世贸商城B座二层,134
河南省郑州市管城回族区百荣世贸商城B座一层,66
河南省郑州市管城回族区百荣世贸商城A座二层,51
河南省郑州市管城回族区百荣世贸商城A座一层,66
河南省郑州市管城回族区玉城街,304
河南省郑州市管城回族区玉凤路,62
河南省郑州市管城回族区牧歌路,92
河南省郑州市管城回族区烟厂后街,77
河南省郑州市管城回族区滨河新居,78
河南省郑州市管城回族区港湾路,1235
河南省郑州市管城回族区清真寺街,193
河南省郑州市管城回族区法院东街,137
河南省郑州市管城回族区果园路,599
河南省郑州市管城回族区未来路,1101
河南省郑州市管城回族区明月路,276
河南省郑州市管城回族区新郑路,637
河南省郑州市管城回族区文治路与姚庄南路交叉口紫东钢铁企业园,165
河南省郑州市管城回族区文治路,1323
河南省郑州市管城回族区文德路东、童心路南,72
河南省郑州市管城回族区文德路,605
河南省郑州市管城回族区文兴路,493
河南省郑州市管城回族区德风街,206
河南省郑州市管城回族区德济路,101
河南省郑州市管城回族区张家门四号院,86
河南省郑州市管城回族区张华楼村,58
河南省郑州市管城回族区弓背街,119
河南省郑州市管城回族区布厂街,159
河南省郑州市管城回族区尚德路,219
河南省郑州市管城回族区尚庄路,206
河南省郑州市管城回族区大湖村,66
河南省郑州市管城回族区城南路,166
河南省郑州市管城回族区城东路,630
河南省郑州市管城回族区城东南路,2168
河南省郑州市管城回族区商城路,555
河南省郑州市管城回族区商城东里,56
河南省郑州市管城回族区商城东路,853
河南省郑州市管城回族区南顺城街,247
河南省郑州市管城回族区南曹鸿苑,72
河南省郑州市管城回族区南曹禧苑,70
河南省郑州市管城回族区南曹村,72
河南省郑州市管城回族区南曹乡苏庄,67
河南省郑州市管城回族区南曹乡南曹村,51
河南省郑州市管城回族区南学街,163
河南省郑州市管城回族区南大街,529
河南省郑州市管城回族区南四环与京广路交叉口西南角百荣世贸商城D座三层D,52
河南省郑州市管城回族区南四环与京广路交叉口西南角百荣世贸商城D座一层D,55
河南省郑州市管城回族区南四环与京广路交叉口西南角百荣世贸商城D座,104
河南省郑州市管城回族区南四环与京广路交叉口西南角百荣世贸商城C座C,56
河南省郑州市管城回族区南四环与京广路交叉口西南角百荣世贸商城C座,68
河南省郑州市管城回族区南四环与京广路交叉口西南角百荣世贸商城C,94
河南省郑州市管城回族区南四环与京广路交叉口西南角百荣世贸商城B座,53
河南省郑州市管城回族区南台路逸泉小区,171
河南省郑州市管城回族区南台路,214
河南省郑州市管城回族区南关街,319
河南省郑州市管城回族区南乔家门路,75
河南省郑州市管城回族区南三环东路,152
河南省郑州市管城回族区华盛街,186
河南省郑州市管城回族区十八里河镇贺江路,54
河南省郑州市管城回族区十八里河镇王垌村,66
河南省郑州市管城回族区十八里河镇河西袁村,53
河南省郑州市管城回族区十八里河镇刘湾村,188
河南省郑州市管城回族区十八里河街道绿都澜湾知了公寓,79
河南省郑州市管城回族区十八里河街道王垌村,93
河南省郑州市管城回族区十八里河街道刘湾村,72
河南省郑州市管城回族区十八里河站马屯鸿园,69
河南省郑州市管城回族区十八里河办事处王垌村,59
河南省郑州市管城回族区十八里河办事处枫香庭东院,58
河南省郑州市管城回族区北大街,96
河南省郑州市管城回族区北乾元街,81
河南省郑州市管城回族区北下街街道紫荆山路,55
河南省郑州市管城回族区北下街,59
河南省郑州市管城回族区凤凰路,153
河南省郑州市管城回族区众城街,153
河南省郑州市管城回族区人民路光彩市场,125
河南省郑州市管城回族区人民路,192
河南省郑州市管城回族区人民南路,54
河南省郑州市管城回族区二里岗街道陇海东路,113
河南省郑州市管城回族区二里岗街道郑汴路,106
河南省郑州市管城回族区二里岗街道货站街,147
河南省郑州市管城回族区二里岗街道城东路,65
河南省郑州市管城回族区二里岗街道凤凰路,132
河南省郑州市管城回族区二里岗街道东明路,66
河南省郑州市管城回族区二里岗南街,383
河南省郑州市管城回族区二里岗东街,60
河南省郑州市管城回族区乔家门路,117
河南省郑州市管城回族区乔家门,567
河南省郑州市管城回族区中州大道西、长江东路南,75
河南省郑州市管城回族区中州大道与南四环交叉口向东,85
河南省郑州市管城回族区中州大道与南三环交叉口西北角,52
河南省郑州市管城回族区中州大道,577
河南省郑州市管城回族区东明路南,314
河南省郑州市管城回族区东明路,618
河南省郑州市管城回族区东太康路,512
河南省郑州市管城回族区东大街街道兴达国贸,63
河南省郑州市管城回族区东大街街道东大街,161
河南省郑州市管城回族区东大街,4332
河南省郑州市管城回族区东关东里,99
河南省郑州市管城回族区东三马路,567
河南省郑州市管城回族区三益街,126
河南省郑州市管城回族区,75
河南省郑州市登封市龙头沟,61
河南省郑州市登封市永泰中路东,72
河南省郑州市登封市朝阳路,168
河南省郑州市登封市朝阳街,80
河南省郑州市登封市月河路,148
河南省郑州市登封市文化路,96
河南省郑州市登封市振兴路,387
河南省郑州市登封市嵩阳路,76
河南省郑州市登封市嵩阳街道嵩阳路,72
河南省郑州市登封市嵩阳街道嵩山路,70
河南省郑州市登封市嵩阳街道崇高路,89
河南省郑州市登封市嵩阳街道中岳大街,78
河南省郑州市登封市嵩山路,58
河南省郑州市登封市少林路,157
河南省郑州市登封市少林街道耿庄农贸市场,65
河南省郑州市登封市少室路,66
河南省郑州市登封市宣化镇宣化市场,75
河南省郑州市登封市大金店镇金西村,82
河南省郑州市登封市大禹路,62
河南省郑州市登封市商城路,61
河南省郑州市登封市告成镇禹都路,67
河南省郑州市登封市告成镇石淙街,68
河南省郑州市登封市告成镇告成大街,124
河南省郑州市登封市卢店镇振兴路,124
河南省郑州市登封市卢店街道,69
河南省郑州市登封市中岳街道玉带路,72
河南省郑州市登封市中岳街道汉武路,57
河南省郑州市登封市东五司街,93
河南省郑州市登封市,353
河南省郑州市新郑市龙湖镇龙湖锦艺城,83
河南省郑州市新郑市龙湖镇龙湖御景,59
河南省郑州市新郑市龙湖镇鸿鹄路,89
河南省郑州市新郑市龙湖镇魏庄村,83
河南省郑州市新郑市龙湖镇高坡岩,67
河南省郑州市新郑市龙湖镇领城公园,81
河南省郑州市新郑市龙湖镇阿里菜市,66
河南省郑州市新郑市龙湖镇阳光大道,100
河南省郑州市新郑市龙湖镇锦艺城购物中心B座,65
河南省郑州市新郑市龙湖镇锦艺城,327
河南省郑州市新郑市龙湖镇郑老庄社区,161
河南省郑州市新郑市龙湖镇郑州华南城,72
河南省郑州市新郑市龙湖镇荆垌社区,193
河南省郑州市新郑市龙湖镇荆垌市场,192
河南省郑州市新郑市龙湖镇紫荆山南路,75
河南省郑州市新郑市龙湖镇祥安路菜市场,614
河南省郑州市新郑市龙湖镇祥安路,119
河南省郑州市新郑市龙湖镇祥和路,101
河南省郑州市新郑市龙湖镇祥云路,107
河南省郑州市新郑市龙湖镇王许村,217
河南省郑州市新郑市龙湖镇滨湖路,135
河南省郑州市新郑市龙湖镇浩创梧桐郡,92
河南省郑州市新郑市龙湖镇泰山路与,66
河南省郑州市新郑市龙湖镇法兰原著,52
河南省郑州市新郑市龙湖镇沙窝李,90
河南省郑州市新郑市龙湖镇正商智慧城,60
河南省郑州市新郑市龙湖镇梅山村,75
河南省郑州市新郑市龙湖镇柏树刘村,62
河南省郑州市新郑市龙湖镇柏树刘,78
河南省郑州市新郑市龙湖镇林锦店社区,74
河南省郑州市新郑市龙湖镇李垌一组,89
河南省郑州市新郑市龙湖镇新金马物流中心,72
河南省郑州市新郑市龙湖镇文昌路与祥安路交叉口向北,82
河南省郑州市新郑市龙湖镇文昌路,95
河南省郑州市新郑市龙湖镇康桥原溪里,97
河南省郑州市新郑市龙湖镇康桥九溪郡,97
河南省郑州市新郑市龙湖镇山西乔村,70
河南省郑州市新郑市龙湖镇富田兴龙湾,62
河南省郑州市新郑市龙湖镇富田兴和湾,78
河南省郑州市新郑市龙湖镇古城村三组,58
河南省郑州市新郑市龙湖镇古城村,82
河南省郑州市新郑市龙湖镇双湖大道万佳商业广场二层,51
河南省郑州市新郑市龙湖镇双湖大道,392
河南省郑州市新郑市龙湖镇华南城奥特莱斯U街,88
河南省郑州市新郑市龙湖镇华南城一号交易广场,138
河南省郑州市新郑市龙湖镇华南城,5480
河南省郑州市新郑市龙湖镇前胡东社区,96
河南省郑州市新郑市龙湖镇侯庄村,399
河南省郑州市新郑市龙湖镇于寨村五组,51
河南省郑州市新郑市龙湖镇于寨村,206
河南省郑州市新郑市龙湖镇东徐村,105
河南省郑州市新郑市龙湖镇,2059
河南省郑州市新郑市郭店镇华商汇C馆,88
河南省郑州市新郑市郭店镇华商汇B馆,71
河南省郑州市新郑市郭店镇华商汇A馆,55
河南省郑州市新郑市郭店镇传化物流小镇,115
河南省郑州市新郑市郭店镇传化中原物流小镇,73
河南省郑州市新郑市郭店镇,201
河南省郑州市新郑市薛店镇岳庄集贸市场,94
河南省郑州市新郑市薛店镇小马庄,52
河南省郑州市新郑市薛店镇友谊路农贸市场美食街,55
河南省郑州市新郑市薛店镇友谊路农贸市场,58
河南省郑州市新郑市薛店镇中德产业园,109
河南省郑州市新郑市薛店镇S,55
河南省郑州市新郑市薛店镇,62
河南省郑州市新郑市梨河镇,59
河南省郑州市新郑市新烟街道道西路,71
河南省郑州市新郑市新烟街道解放路,188
河南省郑州市新郑市新烟街道烟厂大街,122
河南省郑州市新郑市新烟街道渔夫子路,174
河南省郑州市新郑市新烟街道渔公一街,99
河南省郑州市新郑市新烟街道人民路,148
河南省郑州市新郑市新村镇,101
河南省郑州市新郑市新建路街道阁老路,56
河南省郑州市新郑市新建路街道轩辕路,77
河南省郑州市新郑市新建路街道新建路,53
河南省郑州市新郑市新建路街道文化路,70
河南省郑州市新郑市新建路街道嫘祖路,113
河南省郑州市新郑市新区管委会高千庄社区,51
河南省郑州市新郑市新区管委会新壹城,55
河南省郑州市新郑市孟庄镇飞宇机电市场,70
河南省郑州市新郑市孟庄镇飞宇机电城,163
河南省郑州市新郑市孟庄镇飞宇五金机电市场,66
河南省郑州市新郑市孟庄镇水榭华城,66
河南省郑州市新郑市孟庄镇华南城,304
河南省郑州市新郑市华南城,602
河南省郑州市新郑市,236
河南省郑州市新密市马庄村程程塘坊-,90
河南省郑州市新密市青屏街街道办事处青屏大街,96
河南省郑州市新密市青屏街街道办事处长乐路,53
河南省郑州市新密市青屏街街道办事处西大街,73
河南省郑州市新密市青屏街街道办事处溱水路,69
河南省郑州市新密市青屏街办事处青屏大街,113
河南省郑州市新密市青屏街办事处长乐路,68
河南省郑州市新密市青屏街办事处西大街,96
河南省郑州市新密市青屏街办事处溱水路,122
河南省郑州市新密市青屏街办事处开阳路,63
河南省郑州市新密市青屏街办事处嵩山大道,55
河南省郑州市新密市青屏大街,59
河南省郑州市新密市青屏办事处青峰路,91
河南省郑州市新密市青屏办事处青屏大街,448
河南省郑州市新密市青屏办事处雪花街,149
河南省郑州市新密市青屏办事处长庆路,253
河南省郑州市新密市青屏办事处长庆西街,59
河南省郑州市新密市青屏办事处长宁街,246
河南省郑州市新密市青屏办事处长乐路,589
河南省郑州市新密市青屏办事处诚信路,91
河南省郑州市新密市青屏办事处西大街,389
河南省郑州市新密市青屏办事处育才街,463
河南省郑州市新密市青屏办事处祥云街,165
河南省郑州市新密市青屏办事处溱水路,773
河南省郑州市新密市青屏办事处气象街,159
河南省郑州市新密市青屏办事处栖霞路,72
河南省郑州市新密市青屏办事处文峰路,123
河南省郑州市新密市青屏办事处开阳路,300
河南省郑州市新密市青屏办事处嵩山大道,121
河南省郑州市新密市青屏办事处大鸿路,264
河南省郑州市新密市青屏办事处周楼街,138
河南省郑州市新密市青屏办事处东大街,54
河南省郑州市新密市超化镇申沟村三组,61
河南省郑州市新密市超化镇圣帝庙村二组,99
河南省郑州市新密市西大街办事处香蜜花都,84
河南省郑州市新密市西大街办事处金凤路,81
河南省郑州市新密市西大街办事处平安路,159
河南省郑州市新密市西大街办事处和园,62
河南省郑州市新密市西大街办事处后村,110
河南省郑州市新密市西大街办事处下庄河新庄苑,176
河南省郑州市新密市西大街办事处下庄河,65
河南省郑州市新密市袁庄乡靳沟村,191
河南省郑州市新密市袁庄乡姜沟村,140
河南省郑州市新密市苟堂镇苟堂街,157
河南省郑州市新密市苟堂镇苟堂村,348
河南省郑州市新密市米村镇米村街七组,56
河南省郑州市新密市米村镇米村街,284
河南省郑州市新密市米村镇米村村,106
河南省郑州市新密市米村镇杨岗村,57
河南省郑州市新密市米村镇慎窑村,54
河南省郑州市新密市米村镇愼窑村,101
河南省郑州市新密市米村镇孟庄村,114
河南省郑州市新密市米村镇区大道,98
河南省郑州市新密市米村镇下王村,153
河南省郑州市新密市白寨镇行政路中段,53
河南省郑州市新密市白寨镇良水寨村,100
河南省郑州市新密市白寨镇良水寨,61
河南省郑州市新密市白寨镇白寨街,132
河南省郑州市新密市白寨镇白寨村,673
河南省郑州市新密市白寨镇史沟村,103
河南省郑州市新密市白寨镇光林路,108
河南省郑州市新密市电厂路,51
河南省郑州市新密市牛店镇王庄街,171
河南省郑州市新密市牛店镇牛店街,93
河南省郑州市新密市牛店镇古角街,61
河南省郑州市新密市来集镇黄寨村东圪台,62
河南省郑州市新密市来集镇赵沟村十一组,135
河南省郑州市新密市曲梁镇蒋坡村,80
河南省郑州市新密市曲梁镇草岗村后街,77
河南省郑州市新密市曲梁镇尚庄村,67
河南省郑州市新密市曲梁镇大樊庄村,79
河南省郑州市新密市曲梁镇产业集聚区禾珍珠-,57
河南省郑州市新密市曲梁镇下牛街,82
河南省郑州市新密市曲梁镇下牛村,396
河南省郑州市新密市曲梁地安街,104
河南省郑州市新密市新华路办事处石庙沟社区东大街,51
河南省郑州市新密市新华路办事处杨寨村八组,52
河南省郑州市新密市新华路办事处杨寨村,175
河南省郑州市新密市新华路办事处文化街社区农业路,92
河南省郑州市新密市新华路办事处惠沟村惠安小区,53
河南省郑州市新密市新华路办事处惠沟村惠安家园,63
河南省郑州市新密市新华路办事处嵩山大道,167
河南省郑州市新密市新华路办事处南密新路,231
河南省郑州市新密市新华路办事处北密新路,73
河南省郑州市新密市新华路办事处五里店村洧水路,51
河南省郑州市新密市新华路办事处五里店村,167
河南省郑州市新密市新华路办事处东大街,136
河南省郑州市新密市平陌街,183
河南省郑州市新密市大隗镇行政路,74
河南省郑州市新密市大隗镇王观路,63
河南省郑州市新密市大隗镇大隗村,58
河南省郑州市新密市大隗镇周甘路,136
河南省郑州市新密市劳动街,129
河南省郑州市新密市刘寨镇银基旅游度假区悦林居,56
河南省郑州市新密市刘寨镇新寨村七组,90
河南省郑州市新密市刘寨镇新寨村,64
河南省郑州市新密市刘寨镇宋寨村二组,56
河南省郑州市新密市刘寨镇刘寨村,170
河南省郑州市新密市刘寨街,70
河南省郑州市新密市兴业路,64
河南省郑州市新密市产业集聚区锦艺智云万博城B,250
河南省郑州市新密市产业聚集区锦艺智云万博城B,53
河南省郑州市新密市下牛街,59
河南省郑州市惠济区香山路,159
河南省郑州市惠济区长柳路,57
河南省郑州市惠济区长兴路街道长兴路,174
河南省郑州市惠济区长兴路街道金杯路,62
河南省郑州市惠济区长兴路街道电厂路,111
河南省郑州市惠济区长兴路街道常青路,55
河南省郑州市惠济区长兴路街道南阳路,54
河南省郑州市惠济区长兴路街道信基调味食品城,198
河南省郑州市惠济区长兴路街道信基冻品市场,196
河南省郑州市惠济区长兴路街道三全路,71
河南省郑州市惠济区长兴路,425
河南省郑州市惠济区金杯路,122
河南省郑州市惠济区迎宾路街道香山路,103
河南省郑州市惠济区迎宾路街道迎宾路,79
河南省郑州市惠济区迎宾路街道豫泰路,57
河南省郑州市惠济区迎宾路街道英才街,333
河南省郑州市惠济区迎宾路街道花园北路,81
河南省郑州市惠济区迎宾路街道月湖广场,64
河南省郑州市惠济区迎宾路街道新城路,152
河南省郑州市惠济区迎宾路街道开元路,122
河南省郑州市惠济区迎宾路,219
河南省郑州市惠济区豫泰路,110
河南省郑州市惠济区英才街,381
河南省郑州市惠济区花园口镇郑州元溯农产品批发市场早市区,63
河南省郑州市惠济区花园口镇贝壳宠物水族产业园,66
河南省郑州市惠济区花园口镇石桥村,57
河南省郑州市惠济区花园口镇田河村,87
河南省郑州市惠济区花园口镇大河路东段喜度酒店商务楼,99
河南省郑州市惠济区花园口镇凌庄村,86
河南省郑州市惠济区花园口镇中部两岸海鲜物流园A,59
河南省郑州市惠济区花园口镇中部两岸海鲜港A,65
河南省郑州市惠济区花园北路,129
河南省郑州市惠济区绿环路,59
河南省郑州市惠济区绿源路,462
河南省郑州市惠济区电厂路,178
河南省郑州市惠济区生产路,134
河南省郑州市惠济区江山路街道天河路,218
河南省郑州市惠济区江山路街道办事处锦艺四季城香溪苑,63
河南省郑州市惠济区江山路办事处锦艺四季城香颂苑,77
河南省郑州市惠济区江山路办事处珠江荣景小区,87
河南省郑州市惠济区江山路办事处珠江荣景,69
河南省郑州市惠济区江山路办事处桂花苑,86
河南省郑州市惠济区江山路办事处天河路裕园小区,309
河南省郑州市惠济区江山路办事处天河路,172
河南省郑州市惠济区江山路办事处下坡杨村暖气片场仓库,57
河南省郑州市惠济区江山路,154
河南省郑州市惠济区桂香路,73
河南省郑州市惠济区新城路,284
河南省郑州市惠济区新城街道金河路,52
河南省郑州市惠济区新城街道绿源路弓寨蔬菜疏导点综合区,55
河南省郑州市惠济区新城街道新城路,51
河南省郑州市惠济区新城街道文化北路,118
河南省郑州市惠济区新城街道开元路,97
河南省郑州市惠济区文化北路,280
河南省郑州市惠济区开元路,455
河南省郑州市惠济区常青路,97
河南省郑州市惠济区天河路,519
河南省郑州市惠济区大河路街道绿环路,63
河南省郑州市惠济区大河路街道绿源路,215
河南省郑州市惠济区大河路街道惠源商务B座,56
河南省郑州市惠济区大河路街道惠源商务A座,64
河南省郑州市惠济区大河路街道天河路,54
河南省郑州市惠济区大河路街道丰业街,100
河南省郑州市惠济区大河路街道中原物流港交易大厅,51
河南省郑州市惠济区大河路街道中原水产物流港交易大厅,163
河南省郑州市惠济区大河路街道中原水产物流港,182
河南省郑州市惠济区大河路街道中原四季农产品物流港D,54
河南省郑州市惠济区大河路街道中原四季农产品物流港B,66
河南省郑州市惠济区大河路街道中原四季农产品物流港A,74
河南省郑州市惠济区古荥镇马村,81
河南省郑州市惠济区古荥镇老彭庄,94
河南省郑州市惠济区古荥镇程庄村,91
河南省郑州市惠济区古荥镇张定邦村,57
河南省郑州市惠济区古荥镇孙庄村,63
河南省郑州市惠济区南阳路,765
河南省郑州市惠济区刘寨街道南阳路,144
河南省郑州市惠济区兴隆铺路,72
河南省郑州市惠济区信基调味食品城,161
河南省郑州市惠济区信基冻品市场,72
河南省郑州市惠济区丰业街,135
河南省郑州市惠济区中州大道,148
河南省郑州市惠济区三全路,167
河南省郑州市市辖区郑东新区金水东路,192
河南省郑州市市辖区郑东新区通泰路,127
河南省郑州市市辖区郑东新区祥盛街,103
河南省郑州市市辖区郑东新区永平路,119
河南省郑州市市辖区郑东新区普惠路,73
河南省郑州市市辖区郑东新区心怡路,69
河南省郑州市市辖区郑东新区康平路,246
河南省郑州市市辖区郑东新区平安大道,74
河南省郑州市市辖区郑东新区天赋路,104
河南省郑州市市辖区郑东新区地润路,66
河南省郑州市市辖区郑东新区商鼎路,111
河南省郑州市市辖区郑东新区商都路,1066
河南省郑州市市辖区郑东新区农业东路,135
河南省郑州市市辖区郑东新区中州大道,58
河南省郑州市市辖区郑东新区七里河南路,91
河南省郑州市巩义市西村镇永安路,122
河南省郑州市巩义市紫荆路街道黄山路,51
河南省郑州市巩义市紫荆路街道锦里路,92
河南省郑州市巩义市紫荆路街道紫荆路,151
河南省郑州市巩义市紫荆路街道滨河路正上豪布斯卡,51
河南省郑州市巩义市紫荆路街道滨河路,85
河南省郑州市巩义市紫荆路街道永新路,53
河南省郑州市巩义市紫荆路街道正上豪布斯卡,100
河南省郑州市巩义市紫荆路街道明泰大厦,80
河南省郑州市巩义市紫荆路街道恒星花园,58
河南省郑州市巩义市紫荆路街道嵩山路,132
河南省郑州市巩义市紫荆路街道中原西路,78
河南省郑州市巩义市杜甫路街道桐本路,126
河南省郑州市巩义市杜甫路街道杜甫路,292
河南省郑州市巩义市杜甫路街道望嵩路,61
河南省郑州市巩义市杜甫路街道新华路,54
河南省郑州市巩义市杜甫路街道建设路,186
河南省郑州市巩义市杜甫路街道安乐街,74
河南省郑州市巩义市杜甫路街道学前街,53
河南省郑州市巩义市杜甫路街道园丁街,57
河南省郑州市巩义市杜甫路街道人民路,84
河南省郑州市巩义市杜甫路街道中原西路,54
河南省郑州市巩义市杜甫路街道万洋国际商贸城,95
河南省郑州市巩义市杜甫路街道万洋商贸城,106
河南省郑州市巩义市杜甫路,85
河南省郑州市巩义市新华路街道通桥路,116
河南省郑州市巩义市新华路街道货场路,248
河南省郑州市巩义市新华路街道育英街,73
河南省郑州市巩义市新华路街道桐本路,158
河南省郑州市巩义市新华路街道新市街,59
河南省郑州市巩义市新华路街道新华路,247
河南省郑州市巩义市新华路街道新兴路,880
河南省郑州市巩义市新华路街道文化街,62
河南省郑州市巩义市新华路街道建设路,285
河南省郑州市巩义市新华路街道建新街,64
河南省郑州市巩义市新华路街道广陵路,81
河南省郑州市巩义市新华路街道人民路,78
河南省郑州市巩义市新华路街道交通路,84
河南省郑州市巩义市新华路,61
河南省郑州市巩义市新兴路,92
河南省郑州市巩义市恒星花园南门,108
河南省郑州市巩义市建设路,139
河南省郑州市巩义市孝义街道镇北路,76
河南省郑州市巩义市孝义街道石河路,61
河南省郑州市巩义市孝义街道广陵路,76
河南省郑州市巩义市孝义街道孝康路,71
河南省郑州市巩义市孝义街道孝义路,202
河南省郑州市巩义市孝义街道光明路,84
河南省郑州市巩义市夹津口镇望嵩路,51
河南省郑州市巩义市回郭镇纬一路,89
河南省郑州市巩义市回郭镇柏峪村兴郭路,53
河南省郑州市巩义市中原西路,56
河南省郑州市商都路,103
河南省郑州市二七区齐礼阎中街,64
河南省郑州市二七区齐礼阎,88
河南省郑州市二七区马寨镇杨寨步行街C,71
河南省郑州市二七区马寨镇曙光路,231
河南省郑州市二七区马寨镇张河社区振兴路,64
河南省郑州市二七区马寨镇张寨新区西院,102
河南省郑州市二七区马寨镇工业路,127
河南省郑州市二七区马寨镇学院路清华苑小区,61
河南省郑州市二七区马寨镇学院路,398
河南省郑州市二七区马寨镇团结路,127
河南省郑州市二七区马寨镇同兴街,203
河南省郑州市二七区马寨镇先锋路,246
河南省郑州市二七区马寨镇东方路,543
河南省郑州市二七区陇海中路,624
河南省郑州市二七区陇海东路,253
河南省郑州市二七区长江路街道长江路,58
河南省郑州市二七区长江路街道长江中路,106
河南省郑州市二七区长江路街道航海中路,118
河南省郑州市二七区长江路街道江泰天宇国际,53
河南省郑州市二七区长江路街道建云街,79
河南省郑州市二七区长江路街道大学南路,495
河南省郑州市二七区长江路街道兴华南街,121
河南省郑州市二七区长江路街道京广南路,240
河南省郑州市二七区长江路街道二七万达,81
河南省郑州市二七区长江路街道,53
河南省郑州市二七区长江路,165
河南省郑州市二七区长江西路,82
河南省郑州市二七区长江中路,765
河南省郑州市二七区长江东路,169
河南省郑州市二七区锦绣街,150
河南省郑州市二七区锦秀街,164
河南省郑州市二七区铭功路街道铭功路,53
河南省郑州市二七区铭功路,169
河南省郑州市二七区铁英街,290
河南省郑州市二七区钱塘衣城,73
河南省郑州市二七区金沙江路,122
河南省郑州市二七区金域上郡,64
河南省郑州市二七区郑航街,189
河南省郑州市二七区郑密路,661
河南省郑州市二七区郁江路,70
河南省郑州市二七区连云路佛岗新居,58
河南省郑州市二七区连云路,655
河南省郑州市二七区赣江路,122
河南省郑州市二七区贺江路,487
河南省郑州市二七区解放路街道二七路,95
河南省郑州市二七区解放路,52
河南省郑州市二七区行云路,204
河南省郑州市二七区英秀街,137
河南省郑州市二七区苑陵街,299
河南省郑州市二七区航海路南、祥云路东,58
河南省郑州市二七区航海路与连云路正商航海广场A座,112
河南省郑州市二七区航海路,248
河南省郑州市二七区航海南路,64
河南省郑州市二七区航海中路,1355
河南省郑州市二七区绿水路,205
河南省郑州市二七区红云路,80
河南省郑州市二七区福寿街,391
河南省郑州市二七区福喜路,130
河南省郑州市二七区福华街街道苗圃街,58
河南省郑州市二七区福华街街道新圃西街,87
河南省郑州市二七区福华街街道政通路,56
河南省郑州市二七区福华街街道保全街,106
河南省郑州市二七区祥云路,426
河南省郑州市二七区碧云路,416
河南省郑州市二七区百禄街,67
河南省郑州市二七区环翠路,335
河南省郑州市二七区漓江路,249
河南省郑州市二七区淮河路街道齐礼阎,164
河南省郑州市二七区淮河路街道陇海中路,94
河南省郑州市二七区淮河路街道金域上郡,53
河南省郑州市二七区淮河路街道航海中路,259
河南省郑州市二七区淮河路街道淮河路,132
河南省郑州市二七区淮河路街道淮河西路,69
河南省郑州市二七区淮河路街道淮河东路,165
河南省郑州市二七区淮河路街道淮南街,201
河南省郑州市二七区淮河路街道淮北街,85
河南省郑州市二七区淮河路街道汝河路,465
河南省郑州市二七区淮河路街道民安路,1078
河南省郑州市二七区淮河路街道政通路,183
河南省郑州市二七区淮河路街道嵩山南路,241
河南省郑州市二七区淮河路街道安康路,84
河南省郑州市二七区淮河路街道大学中路,106
河南省郑州市二七区淮河路街道升龙城,337
河南省郑州市二七区淮河路街道勤劳街,236
河南省郑州市二七区淮河路街道兴华南街,358
河南省郑州市二七区淮河路五彩小区,54
河南省郑州市二七区淮河路,148
河南省郑州市二七区淮河东路,348
河南省郑州市二七区淮南街,504
河南省郑州市二七区淮北街,51
河南省郑州市二七区沅江路,106
河南省郑州市二七区汝河路,737
河南省郑州市二七区汝河花苑,88
河南省郑州市二七区永安街,290
河南省郑州市二七区民安路,352
河南省郑州市二七区民主路,251
河南省郑州市二七区棉纺东路,230
河南省郑州市二七区桃源路,132
河南省郑州市二七区桂江路,112
河南省郑州市二七区柳江路,91
河南省郑州市二七区新圃西街,115
河南省郑州市二七区敦睦路,118
河南省郑州市二七区敏山路,97
河南省郑州市二七区政通路,2256
河南省郑州市二七区操场街,175
河南省郑州市二七区德化街街道苑陵街,121
河南省郑州市二七区德化街街道福寿街,69
河南省郑州市二七区德化街街道德化街,395
河南省郑州市二七区德化街,422
河南省郑州市二七区建设东路,89
河南省郑州市二七区建云街,160
河南省郑州市二七区建中街街道陇海中路,113
河南省郑州市二七区建中街街道铁英街,145
河南省郑州市二七区建中街街道鑫苑鑫都汇商场一楼外场商铺B区,53
河南省郑州市二七区建中街街道鑫苑鑫都汇一楼外场A,81
河南省郑州市二七区建中街街道鑫苑现代城,92
河南省郑州市二七区建中街街道淮河东路,198
河南省郑州市二七区建中街街道永安街,87
河南省郑州市二七区建中街街道政通路,597
河南省郑州市二七区建中街街道康复前街,223
河南省郑州市二七区建中街街道庆丰街,221
河南省郑州市二七区建中街街道幸福路,271
河南省郑州市二七区建中街街道大学中路,122
河南省郑州市二七区建中街街道南建中街,153
河南省郑州市二七区建中街街道升龙天玺,78
河南省郑州市二七区建中街街道升龙国际中心C区,104
河南省郑州市二七区建中街街道升龙国际中心B区,79
河南省郑州市二七区建中街街道升龙国际中心A区,132
河南省郑州市二七区建中街街道保全街,79
河南省郑州市二七区建中街街道交通路,439
河南省郑州市二七区康桥金域上郡,61
河南省郑州市二七区康复前街,181
河南省郑州市二七区庆泰路,128
河南省郑州市二七区庆喜路,146
河南省郑州市二七区庆丰街,591
河南省郑州市二七区幸福路,430
河南省郑州市二七区市场南街,97
河南省郑州市二七区工人路,152
河南省郑州市二七区嵩山路街道长江中路,180
河南省郑州市二七区嵩山路街道郑密路,236
河南省郑州市二七区嵩山路街道环翠路,194
河南省郑州市二七区嵩山路街道庆泰路,56
河南省郑州市二七区嵩山路街道庆喜路,65
河南省郑州市二七区嵩山路街道工人路,74
河南省郑州市二七区嵩山路街道嵩山南路,211
河南省郑州市二七区嵩山路街道兴华南街,107
河南省郑州市二七区嵩山路街道,52
河南省郑州市二七区嵩山路,62
河南省郑州市二七区嵩山南路,997
河南省郑州市二七区嵩山北路,98
河南省郑州市二七区安泰路,122
河南省郑州市二七区安康路,150
河南省郑州市二七区天隆服装城,56
河南省郑州市二七区大学路街道桃源路,72
河南省郑州市二七区大学路街道大学路,140
河南省郑州市二七区大学路升龙国际中心C区,63
河南省郑州市二七区大学路,803
河南省郑州市二七区大学南路荆胡社区,111
河南省郑州市二七区大学南路绿地滨湖国际城三区,54
河南省郑州市二七区大学南路绿地滨湖国际城,146
河南省郑州市二七区大学南路,2126
河南省郑州市二七区大学北路,181
河南省郑州市二七区大学中路,817
河南省郑州市二七区大同路,209
河南省郑州市二七区合作路,76
河南省郑州市二七区南建中街,118
河南省郑州市二七区南屏路,376
河南省郑州市二七区南三环与连云路交汇处向东,96
河南省郑州市二七区华中路,88
河南省郑州市二七区升龙城,492
河南省郑州市二七区勤劳街,190
河南省郑州市二七区兴隆街,157
河南省郑州市二七区兴华街,211
河南省郑州市二七区兴华南街,884
河南省郑州市二七区兴华北街,123
河南省郑州市二七区保全街,288
河南省郑州市二七区侯寨乡尖岗村,72
河南省郑州市二七区侯寨乡中原粮油市场,58
河南省郑州市二七区佳宝金三角时尚休闲女装市场,153
河南省郑州市二七区人和路街道南屏路,61
河南省郑州市二七区人和路,66
河南省郑州市二七区京广路街道连云路佛岗新居,52
河南省郑州市二七区京广路街道连云路,336
河南省郑州市二七区京广路街道贺江路,145
河南省郑州市二七区京广路街道航海中路,111
河南省郑州市二七区京广路街道祥云路,152
河南省郑州市二七区京广路街道碧云路,230
河南省郑州市二七区京广路街道漓江路,60
河南省郑州市二七区京广路街道京广南路,126
河南省郑州市二七区京广路街道丹枫路,95
河南省郑州市二七区京广路街道,67
河南省郑州市二七区京广路,135
河南省郑州市二七区京广南路,1109
河南省郑州市二七区京广北路,55
河南省郑州市二七区京广中路,178
河南省郑州市二七区交通路,562
河南省郑州市二七区五里堡街道棉纺东路,186
河南省郑州市二七区五里堡街道嵩山北路,56
河南省郑州市二七区五里堡街道合作路,53
河南省郑州市二七区五里堡街道二环支路,61
河南省郑州市二七区二马路,114
河南省郑州市二七区二环支路,108
河南省郑州市二七区二七路,215
河南省郑州市二七区丹枫路,134
河南省郑州市二七区中原路,92
河南省郑州市二七区中原东路,135
河南省郑州市二七区世贸购物中心-B,57
河南省郑州市二七区一马路街道陇海东路,122
河南省郑州市二七区一马路街道一马路,54
河南省郑州市二七区一马路后街,230
河南省郑州市二七区一马路,318
河南省郑州市中牟县龙苑小区,73
河南省郑州市中牟县黄店镇黄店村,122
河南省郑州市中牟县黄店镇中心大街,59
河南省郑州市中牟县黄店镇,63
河南省郑州市中牟县韩寺镇小韩村,102
河南省郑州市中牟县韩寺镇古城村,77
河南省郑州市中牟县金地城小区,59
河南省郑州市中牟县郑庵镇轩城大道,130
河南省郑州市中牟县郑庵镇盛和社区,78
河南省郑州市中牟县郑庵镇泰祥汽贸园,130
河南省郑州市中牟县郑庵镇怡景路与远航路交叉口中部汽贸港,52
河南省郑州市中牟县郑庵镇宏达车业广场,138
河南省郑州市中牟县郑庵镇大庄村泰祥汽贸园,168
河南省郑州市中牟县郑庵镇中部汽贸港,159
河南省郑州市中牟县郑庵镇万洪路万邦冻品区D,70
河南省郑州市中牟县蓝爵世家小区,79
河南省郑州市中牟县盛世通达小区,76
河南省郑州市中牟县爱乡路百乐汇购物中心,89
河南省郑州市中牟县广惠街道金帝新生活广场附,68
河南省郑州市中牟县广惠街道水木清华小区,60
河南省郑州市中牟县广惠街道天泽城,53
河南省郑州市中牟县姚家镇罗宋村,70
河南省郑州市中牟县姚家镇新市场,56
河南省郑州市中牟县姚家镇姚家村,97
河南省郑州市中牟县刘集镇绿博二号,80
河南省郑州市中牟县刘集镇绿博一号,63
河南省郑州市中牟县刘集镇绿博,55
河南省郑州市中牟县刘集镇创智中心,94
河南省郑州市中牟县东风路街道丰华街,54
河南省郑州市中牟县东风路,63
河南省郑州市中牟县万邦精品园区,59
河南省郑州市中牟县万邦粮油市场B,85
河南省郑州市中牟县万邦物流城调味品市场A,51
河南省郑州市中牟县万邦物流园蔬菜区A,81
河南省郑州市中牟县万邦物流园水果区B,77
河南省郑州市中牟县万邦物流园果品区B,89
河南省郑州市中牟县万邦物流园冻品区D,58
河南省郑州市中牟县万邦水产市场冻品区D,62
河南省郑州市中牟县万洪路万邦调味品市场A,57
河南省郑州市中牟县万洪路,90
河南省郑州市中原区颖河路,114
河南省郑州市中原区颍河西路,58
河南省郑州市中原区陇海路南、桐柏路东、文化宫路西,76
河南省郑州市中原区陇海路,100
河南省郑州市中原区陇海西路,1016
河南省郑州市中原区金田路汇泉西悦城,51
河南省郑州市中原区金田路,186
河南省郑州市中原区金水西路,274
河南省郑州市中原区金尊路,60
河南省郑州市中原区金兰路,104
河南省郑州市中原区郑上路中段,80
河南省郑州市中原区郑上路,341
河南省郑州市中原区车兴街,117
河南省郑州市中原区豫桐花园,85
河南省郑州市中原区西站路,108
河南省郑州市中原区西四环,340
河南省郑州市中原区西三环,90
河南省郑州市中原区董寨路,194
河南省郑州市中原区航海路秦岭路领秀空间,64
河南省郑州市中原区航海西路街道颖河西路,70
河南省郑州市中原区航海西路街道颍河西路,144
河南省郑州市中原区航海西路街道陇海西路,508
河南省郑州市中原区航海西路街道豫都学府,56
河南省郑州市中原区航海西路街道西耿河家园,83
河南省郑州市中原区航海西路街道航海路,80
河南省郑州市中原区航海西路街道航海西路,665
河南省郑州市中原区航海西路街道秦岭路,56
河南省郑州市中原区航海西路街道禧泰佳苑,167
河南省郑州市中原区航海西路街道淮河路,110
河南省郑州市中原区航海西路街道汝河路,389
河南省郑州市中原区航海西路街道汝河西路,122
河南省郑州市中原区航海西路街道汇泉景悦城,150
河南省郑州市中原区航海西路街道民安星辰,155
河南省郑州市中原区航海西路街道桐柏路,66
河南省郑州市中原区航海西路街道桐柏南路,215
河南省郑州市中原区航海西路街道悦栖苑,189
河南省郑州市中原区航海西路街道帝湖花园,132
河南省郑州市中原区航海西路街道工人路,173
河南省郑州市中原区航海西路街道升龙金中环A座,75
河南省郑州市中原区航海西路街道前进路,377
河南省郑州市中原区航海西路,605
河南省郑州市中原区绿东村街道颖河路,64
河南省郑州市中原区绿东村街道陇海西路,98
河南省郑州市中原区绿东村街道汝河路,62
河南省郑州市中原区绿东村街道桐柏路,121
河南省郑州市中原区绿东村街道桐柏南路,84
河南省郑州市中原区绿东村街道华山路,69
河南省郑州市中原区绿东村街道办事处颖河路,62
河南省郑州市中原区绿东村街道办事处陇海西路,144
河南省郑州市中原区绿东村街道办事处汝河路,56
河南省郑州市中原区绿东村街道办事处桐柏路,172
河南省郑州市中原区绿东村街道办事处伏牛路,80
河南省郑州市中原区绿东村街道伏牛路,158
河南省郑州市中原区绿东村办事处颖河路,85
河南省郑州市中原区绿东村办事处汝河路,68
河南省郑州市中原区绿东村办事处伏牛路,106
河南省郑州市中原区绿东村办事处伊河路,57
河南省郑州市中原区秦岭路街道秦岭路,127
河南省郑州市中原区秦岭路街道棉纺西路,215
河南省郑州市中原区秦岭路街道建设西路,138
河南省郑州市中原区秦岭路街道工农路,52
河南省郑州市中原区秦岭路,680
河南省郑州市中原区百花路,190
河南省郑州市中原区电厂路,515
河南省郑州市中原区电厂南路,123
河南省郑州市中原区珠江路与扬州路交叉口珠江路,61
河南省郑州市中原区王屋路,120
河南省郑州市中原区玉瑞路,53
河南省郑州市中原区煤机路,96
河南省郑州市中原区煤仓北路,175
河南省郑州市中原区煤仓北街,69
河南省郑州市中原区濮河路,156
河南省郑州市中原区淮河路,151
河南省郑州市中原区淮河西路,102
河南省郑州市中原区沁河路,61
河南省郑州市中原区汝河路街道汝河路,155
河南省郑州市中原区汝河路街道汝河小区,58
河南省郑州市中原区汝河路南、李江沟路西,63
河南省郑州市中原区汝河路,723
河南省郑州市中原区汝河西路,162
河南省郑州市中原区汝河小区,95
河南省郑州市中原区汇泉西悦城,214
河南省郑州市中原区棉纺路街道车兴街,81
河南省郑州市中原区棉纺路街道百花路,57
河南省郑州市中原区棉纺路街道棉纺西路,247
河南省郑州市中原区棉纺路街道建设西路,102
河南省郑州市中原区棉纺路街道嵩山北路,131
河南省郑州市中原区棉纺路街道冉屯路朱屯农贸市场,92
河南省郑州市中原区棉纺路,95
河南省郑州市中原区棉纺西路,882
河南省郑州市中原区棉纺街道办事处,75
河南省郑州市中原区棉纺街道办,82
河南省郑州市中原区桐柏路街道金水西路,245
河南省郑州市中原区桐柏路街道西站路,68
河南省郑州市中原区桐柏路街道董寨路,94
河南省郑州市中原区桐柏路街道电厂路,232
河南省郑州市中原区桐柏路街道电厂南路,79
河南省郑州市中原区桐柏路街道煤仓北路,150
河南省郑州市中原区桐柏路街道煤仓北街,84
河南省郑州市中原区桐柏路街道桐柏路,56
河南省郑州市中原区桐柏路街道桐柏北路,333
河南省郑州市中原区桐柏路街道嵩山北路,125
河南省郑州市中原区桐柏路街道冉屯路,215
河南省郑州市中原区桐柏路街道冉屯西路,120
河南省郑州市中原区桐柏路街道冉屯北路,169
河南省郑州市中原区桐柏路街道冉屯东路,79
河南省郑州市中原区桐柏路,556
河南省郑州市中原区桐柏南路,1062
河南省郑州市中原区桐柏北路,387
河南省郑州市中原区林山寨街道百花路,69
河南省郑州市中原区林山寨街道桐柏路,56
河南省郑州市中原区林山寨街道工人路,139
河南省郑州市中原区林山寨街道友爱路,112
河南省郑州市中原区林山寨街道伊河路,137
河南省郑州市中原区朱屯农贸市场,59
河南省郑州市中原区昆仑路,58
河南省郑州市中原区文化宫路,59
河南省郑州市中原区建设路街道建设西路,89
河南省郑州市中原区建设路街道市场街,54
河南省郑州市中原区建设路街道前进路,51
河南省郑州市中原区建设路,254
河南省郑州市中原区建设西路,1293
河南省郑州市中原区帝湖花园工人路商业街,63
河南省郑州市中原区市场街,155
河南省郑州市中原区工农路,227
河南省郑州市中原区工人路,544
河南省郑州市中原区嵩山北路,384
河南省郑州市中原区岗坡路,88
河南省郑州市中原区友爱路,191
河南省郑州市中原区博体路,87
河南省郑州市中原区华山路,415
河南省郑州市中原区化工路,80
河南省郑州市中原区前进路,340
河南省郑州市中原区农业路,103
河南省郑州市中原区农业西路与西四环交叉口向西一公里农业西路机建市场二期,53
河南省郑州市中原区冉屯路,250
河南省郑州市中原区冉屯西路,125
河南省郑州市中原区冉屯北路,139
河南省郑州市中原区冉屯东路,78
河南省郑州市中原区兰州路,52
河南省郑州市中原区伏牛路,232
河南省郑州市中原区伏牛南路,76
河南省郑州市中原区伊河路,574
河南省郑州市中原区中原路,86
河南省郑州市中原区中原西路街道中原西路,91
河南省郑州市中原区中原西路街道中原中路,350
河南省郑州市中原区中原西路,718
河南省郑州市中原区中原中路,1252
河南省郑州市中原区三官庙街道郑上路,154
河南省郑州市中原区三官庙街道煤机路,77
河南省郑州市中原区三官庙街道建设西路,98
河南省郑州市中原区三官庙街道华山路,88
河南省郑州市中原区三官庙街道中原西路,78
河南省郑州市中原区三官庙街道中原中路,52
河南省郑州市上街区金屏路,73
河南省郑州市上街区金华路,121
河南省郑州市上街区通航大厦,69
河南省郑州市上街区许昌路,172
河南省郑州市上街区登封路,78
河南省郑州市上街区淮阳路南段,58
河南省郑州市上街区淮阳路,190
河南省郑州市上街区济源路街道金屏路,71
河南省郑州市上街区济源路街道金华路,69
河南省郑州市上街区济源路街道登封路,56
河南省郑州市上街区济源路街道淮阳路,83
河南省郑州市上街区济源路街道济源路,190
河南省郑州市上街区济源路街道汝南路,56
河南省郑州市上街区济源路街道新乡路,55
河南省郑州市上街区济源路,299
河南省郑州市上街区汝南路,134
河南省郑州市上街区新安路街道新安东路,58
河南省郑州市上街区新安路街道新乡路,76
河南省郑州市上街区新安路,128
河南省郑州市上街区新安东路,58
河南省郑州市上街区新乡路,104
河南省郑州市上街区工业路街道工业路,89
河南省郑州市上街区工业路,70
河南省郑州市上街区峡窝镇石嘴社区,51
河南省郑州市上街区峡窝镇淮阳路,72
河南省郑州市上街区峡窝镇欢乐金街,62
河南省郑州市上街区丹江路与衡山路交叉口东南角金裕中心,228
河南省郑州市上街区中心路街道许昌路,109
河南省郑州市上街区中心路街道淮阳路南段,62
河南省郑州市上街区中心路街道丹江路与衡山路交叉口东南角金裕中心,122
河南省郑州市上街区中心路街道中心路,94
河南省郑州市上街区中心路,158
河南省许昌市魏都区解放路,83
河南省许昌市魏都区老吴营,77
河南省许昌市魏都区新兴路,63
河南省许昌市魏都区南关街道七一路,69
河南省许昌市魏都区北大街道玉皇阁路百合苑小区三号楼,51
河南省许昌市魏都区仓库路,66
河南省许昌市魏都区七一路,55
河南省许昌市长葛市长兴路街道中创国际博览城,117
河南省许昌市长葛市金桥路街道长社路东段南侧,72
河南省许昌市长葛市金桥路街道铁东路南段西侧,60
河南省许昌市长葛市金桥路街道铁东路南段东侧,106
河南省许昌市长葛市金桥路街道金英路南段西侧,104
河南省许昌市长葛市金桥路街道金英路南段东侧,69
河南省许昌市长葛市金桥路街道金英路,54
河南省许昌市长葛市董村镇董村社区,217
河南省许昌市长葛市董村镇竹园董村,52
河南省许昌市长葛市董村镇殿后刘村,82
河南省许昌市长葛市董村镇李河口村,57
河南省许昌市长葛市董村镇大墙王村,53
河南省许昌市长葛市董村镇口王村,119
河南省许昌市长葛市老城镇岗张村,80
河南省许昌市长葛市老城镇和平社区,203
河南省许昌市长葛市老城镇台庙社区,63
河南省许昌市长葛市石象镇石西村,95
河南省许昌市长葛市石象镇石东村,76
河南省许昌市长葛市石象镇田庄村,56
河南省许昌市长葛市石固镇朝阳村,214
河南省许昌市长葛市石固镇南寨西街村,173
河南省许昌市长葛市石固镇南寨东街村,58
河南省许昌市长葛市石固镇北寨西街村,87
河南省许昌市长葛市石固镇北寨东街村,55
河南省许昌市长葛市石固镇乔庄村,76
河南省许昌市长葛市大周镇赵庄村,116
河南省许昌市长葛市大周镇石桥路村,83
河南省许昌市长葛市大周镇王皮庙村,94
河南省许昌市长葛市大周镇新尚庄村,54
河南省许昌市长葛市大周镇庞庄村,81
河南省许昌市长葛市大周镇岚川府村,56
河南省许昌市长葛市大周镇小谢庄村,127
河南省许昌市长葛市大周镇大周村,313
河南省许昌市长葛市大周镇和尚杨村,130
河南省许昌市长葛市大周镇双庙李村,73
河南省许昌市长葛市增福镇申店村,51
河南省许昌市长葛市增福镇义乌城,87
河南省许昌市长葛市坡胡镇水磨河村,87
河南省许昌市长葛市和尚桥镇樊楼村,56
河南省许昌市长葛市后河镇王买村,81
河南省许昌市长葛市后河镇后河村,301
河南省许昌市长葛市后河镇刘士华村,67
河南省许昌市长葛市古桥镇庙张村,173
河南省许昌市长葛市古桥镇古桥村,70
河南省许昌市长葛市南席镇西街村,93
河南省许昌市长葛市南席镇胡街村,90
河南省许昌市长葛市佛耳湖镇申庄村,53
河南省许昌市长葛市佛耳湖镇岗李村,78
河南省许昌市长葛市佛耳湖镇尚庄村,157
河南省许昌市长葛市佛耳湖镇大孟村,137
河南省许昌市鄢陵县陶城镇前席村南段,55
河南省许昌市鄢陵县柏梁镇,57
河南省许昌市鄢陵县彭店乡彭南村,62
河南省许昌市鄢陵县安陵镇,57
河南省许昌市鄢陵县,51
河南省许昌市襄城县麦岭镇麦西村,53
河南省许昌市襄城县颍桥回族镇建设街,62
河南省许昌市襄城县范湖乡范西村,141
河南省许昌市襄城县紫云镇张村,54
河南省许昌市襄城县紫云镇孙祠堂村,74
河南省许昌市襄城县王洛镇西村,136
河南省许昌市襄城县湛北乡七里店村,53
河南省许昌市襄城县汾陈乡汾陈村,125
河南省许昌市襄城县十里铺镇十里铺社区,53
河南省许昌市襄城县万汇龙装饰城,55
河南省许昌市禹州市火龙镇火龙村,109
河南省许昌市禹州市火龙镇任庄村,60
河南省许昌市禹州市文殊镇文殊村,88
河南省许昌市瑞祥路,56
河南省许昌市建安区镜水路镜湖花园,109
河南省许昌市建安区苏桥镇南村,52
河南省许昌市建安区灵井镇灵南村,126
河南省许昌市建安区河街乡柏树李村,72
河南省许昌市建安区河街乡南岸村,88
河南省许昌市建安区椹涧乡椹涧街,58
河南省许昌市建安区昌盛路西段,66
河南省许昌市建安区昌盛路,131
河南省许昌市建安区昌盛街道办事处丈地社区,94
河南省许昌市建安区昌盛办事处丈地街道九组,52
河南省许昌市建安区小召乡南寨村,51
河南省许昌市市辖区龙湖街道花园社区,54
河南省许昌市市辖区城乡一体化示范区芙蓉大道电子商务产业园,68
河南省许昌市市辖区兴华路,55
河南省许昌市城乡一体化示范区芙蓉大道电子商务产业园,91
河南省许昌市城乡一体化示范区芙蓉大道众信国际大厦,51
河南省许昌市东城区跨境电商产业园三楼AH,55
河南省西峡县回车镇黄湾村,51
河南省西峡县回车镇陡沟村,66
河南省西峡县回车镇花园组,57
河南省西峡县回车镇老庙岗村,84
河南省西峡县回车镇杜店社区,107
河南省西峡县回车镇垱子岭村,51
河南省虞城县城关镇胜利路东段北侧,64
河南省虞城县古王集乡南祝庄村,266
河南省虞城县刘店乡,310
河南省范县濮城镇濮州市场,99
河南省舞阳县北舞渡镇左沟村,51
河南省睢县平岗镇平岗集,58
河南省睢县孙聚寨乡孙西村,98
河南省睢县孙聚寨乡孙东村,95
河南省焦作市马村区待王街道人民路万邦农产品批发市场,96
河南省焦作市马村区待王街道人民路,53
河南省焦作市马村区人民路,81
河南省焦作市解放区车站街,187
河南省焦作市解放区解放中路,107
河南省焦作市解放区站前路,122
河南省焦作市解放区王褚街道民主南路,81
河南省焦作市解放区王褚街道士林村,60
河南省焦作市解放区王褚街道,493
河南省焦作市解放区民主街道车站街,127
河南省焦作市解放区民主街道烈士街,57
河南省焦作市解放区民主街道建设西路,91
河南省焦作市解放区民主街道和平街市场内服装区,79
河南省焦作市解放区民主街道和平中街,55
河南省焦作市解放区民主南路,240
河南省焦作市解放区朝阳路,77
河南省焦作市解放区映湖路与政二街东南角,88
河南省焦作市解放区建设西路,56
河南省焦作市解放区工业路,113
河南省焦作市解放区太行西路,80
河南省焦作市解放区塔北路塔北农贸市场C,52
河南省焦作市解放区和平街,59
河南省焦作市解放区北环路,87
河南省焦作市解放区人民路,73
河南省焦作市解放区上白作街道塔北路农贸市场,57
河南省焦作市示范区玉溪路,77
河南省焦作市示范区文昌街道大高村,62
河南省焦作市示范区总部新城,64
河南省焦作市示范区南海路,60
河南省焦作市示范区中原路,93
河南省焦作市温县赵堡镇赵堡村西大街,63
河南省焦作市温县温泉街道黄河路,81
河南省焦作市温县温泉街道温泉路,61
河南省焦作市温县温泉街道振兴路,105
河南省焦作市温县温泉街道太行路,209
河南省焦作市温县温泉街道古温大街,150
河南省焦作市温县温泉街道人民大街,62
河南省焦作市沁阳市覃怀街道灯塔街社区,52
河南省焦作市沁阳市覃怀街道灯塔街,71
河南省焦作市沁阳市西万镇西万村,56
河南省焦作市沁阳市沁园街道西关,77
河南省焦作市沁阳市太行街道西义合村,53
河南省焦作市沁阳市太行街道罗庄新民街,54
河南省焦作市沁阳市太行街道罗庄丰收巷,54
河南省焦作市武陟县龙源街道沁河路,109
河南省焦作市武陟县龙泉街道迎宾大道,52
河南省焦作市武陟县龙泉街道朝阳二路,51
河南省焦作市武陟县龙泉街道文化路,140
河南省焦作市武陟县西陶镇西陶村中心大街,78
河南省焦作市武陟县木城街道红旗路,106
河南省焦作市武陟县木城街道和平路,82
河南省焦作市武陟县木城街道兴华路,73
河南省焦作市山阳区解放东路豫通市场,83
河南省焦作市山阳区定和街道塔南路,72
河南省焦作市山阳区塔南路,66
河南省焦作市孟州市会昌街道汇丰步行街,76
河南省焦作市修武县城关镇竹林大道创新创业孵化园,410
河南省濮阳市黄河路与香山路交叉口,116
河南省濮阳市颐和路,323
河南省濮阳市金堤路北段企业总部大厦,2456
河南省濮阳市范县龙王庄镇龙王庄村,142
河南省濮阳市范县龙王庄乡龙王庄村,66
河南省濮阳市范县高码头乡高码头村,61
河南省濮阳市范县颜村铺乡颜村铺,81
河南省濮阳市范县陈庄镇陈庄村,69
河南省濮阳市范县陈庄镇杨庄村,52
河南省濮阳市范县陈庄乡陈庄村,111
河南省濮阳市范县陆集乡六合社区,189
河南省濮阳市范县辛庄镇西街,77
河南省濮阳市范县辛庄镇南街,51
河南省濮阳市范县辛庄镇北街,63
河南省濮阳市范县辛庄镇东街,60
河南省濮阳市范县辛庄乡西街,54
河南省濮阳市范县辛庄乡产业园,155
河南省濮阳市范县范县新区金水路正大商贸城,92
河南省濮阳市范县白衣阁乡板桥古镇,83
河南省濮阳市范县白衣阁乡商贸城,137
河南省濮阳市范县王楼镇西街,72
河南省濮阳市范县濮城镇濮州路,186
河南省濮阳市范县濮城镇十字街,74
河南省濮阳市范县板桥古镇,60
河南省濮阳市范县杨集乡辛店路口,79
河南省濮阳市范县杨集乡杨庄,73
河南省濮阳市范县杨集乡前街,55
河南省濮阳市范县杨集乡刘辛店,141
河南省濮阳市范县新区金水路新正大电商虚拟创业园,622
河南省濮阳市范县新区金水路新正大电商创业园,1386
河南省濮阳市范县新区商会大厦,155
河南省濮阳市范县张庄镇迎宾路,132
河南省濮阳市范县张庄镇板桥路,81
河南省濮阳市范县城关镇正大建材城,333
河南省濮阳市范县城关镇南街,64
河南省濮阳市范县城关镇东街,82
河南省濮阳市濮阳县梁庄乡梁庄集子白路,53
河南省濮阳市濮阳县户部寨乡李道期村,734
河南省濮阳市濮阳县户部寨乡李道期,536
河南省濮阳市濮阳县户部寨乡李到期,90
河南省濮阳市濮阳县户部寨乡户部寨集,285
河南省濮阳市濮阳县庆祖镇庆南村,83
河南省濮阳市濮阳县城关镇红旗路东段上亿广场,78
河南省濮阳市濮阳县八公桥镇西街村,89
河南省濮阳市濮阳县,147
河南省濮阳市濮上路,96
河南省濮阳市清丰县城关镇朝阳路,57
河南省濮阳市清丰县六塔乡六塔集村,70
河南省濮阳市振兴路,78
河南省濮阳市开州路,91
河南省濮阳市开发区王助镇东李庄村向东,103
河南省濮阳市市辖区中原路与安凯路交叉口南,430
河南省濮阳市安泰路,64
河南省濮阳市台前县马楼镇黄那里村,57
河南省濮阳市台前县马楼镇汽配路,111
河南省濮阳市台前县马楼镇前张胡同村,53
河南省濮阳市台前县夹河乡丁桥村,62
河南省濮阳市台前县城关镇长刘村,57
河南省濮阳市台前县城关镇金水路,91
河南省濮阳市台前县城关镇金水南路,109
河南省濮阳市台前县城关镇金水北路,77
河南省濮阳市台前县城关镇盛源路,55
河南省濮阳市台前县城关镇槐荫路,140
河南省濮阳市台前县城关镇新华街,159
河南省濮阳市台前县城关镇建新街,158
河南省濮阳市台前县城关镇凤鸣路,54
河南省濮阳市台前县城关镇人民路,198
河南省濮阳市台前县城关镇人民东路,57
河南省濮阳市台前县后方乡政通街,70
河南省濮阳市台前县后方乡后张村,54
河南省濮阳市台前县后方乡前方村,62
河南省濮阳市台前县侯庙镇和谐社区,68
河南省濮阳市卫都大道与昆吾路交叉口向西,121
河南省濮阳市卫河路,104
河南省濮阳市南乐县福堪镇福润大道,60
河南省濮阳市南乐县张果屯镇工业园区,56
河南省濮阳市南乐县城关镇小康村,78
河南省濮阳市南乐县城关镇傅潭路农贸市场,117
河南省濮阳市南乐县城关镇中央新城,57
河南省濮阳市南乐县傅潭路农贸市场,329
河南省濮阳市南乐县一行路汇丰商业广场,73
河南省濮阳市华龙区黄河路街道谢庄,54
河南省濮阳市华龙区黄河路街道益民路,68
河南省濮阳市华龙区建设路街道古城路,72
河南省濮阳市华龙区任丘路街道东方国贸A区,55
河南省濮阳市华龙区,61
河南省濮阳市中原路与安凯路交叉口向南,65
河南省濮阳市中原路与安凯路交叉口南,1055
河南省濮阳市中原路,53
河南省濮阳市万达广场,76
河南省漯河市郾城区龙城镇钮王村,132
河南省漯河市郾城区龙城镇西刘村,103
河南省漯河市郾城区龙城镇白庄村,141
河南省漯河市郾城区龙城镇湖西王村,69
河南省漯河市郾城区龙城镇栗庄村,141
河南省漯河市郾城区龙城镇李湾村,103
河南省漯河市郾城区龙城镇徐庄村,232
河南省漯河市郾城区龙城镇庙赵村,98
河南省漯河市郾城区龙城镇常湾村,194
河南省漯河市郾城区龙城镇常湾,55
河南省漯河市郾城区龙城镇小王庄村,117
河南省漯河市郾城区龙城镇小王庄,103
河南省漯河市郾城区龙城镇孔沈邓,64
河南省漯河市郾城区龙城镇大李村,177
河南省漯河市郾城区龙城镇大李庄村,82
河南省漯河市郾城区龙城镇回马村,80
河南省漯河市郾城区龙城镇后黄村,120
河南省漯河市郾城区龙城镇十五里店村,214
河南省漯河市郾城区龙城镇前黄村,247
河南省漯河市郾城区龙城镇仲李村,102
河南省漯河市郾城区黄河路西段北侧华山美食城,1665
河南省漯河市郾城区黄山路阳光世纪苑,141
河南省漯河市郾城区黄山路电业局小区,168
河南省漯河市郾城区金山路东侧昌建东外滩A,60
河南省漯河市郾城区辽河路通和馨居,157
河南省漯河市郾城区裴城镇西芮村,88
河南省漯河市郾城区裴城镇裴城村,93
河南省漯河市郾城区裴城镇苏侯村,56
河南省漯河市郾城区裴城镇罗王村,89
河南省漯河市郾城区裴城镇田店村,86
河南省漯河市郾城区裴城镇潘王村,68
河南省漯河市郾城区裴城镇小徐村,72
河南省漯河市郾城区裴城镇宋岗村,151
河南省漯河市郾城区裴城镇坡刘村,78
河南省漯河市郾城区裴城镇南杨村,68
河南省漯河市郾城区裴城镇三丁村,141
河南省漯河市郾城区舟山路盛隆世纪新城,133
河南省漯河市郾城区福星家园小区,108
河南省漯河市郾城区祁山路辽河花园,58
河南省漯河市郾城区淞江街道,155
河南省漯河市郾城区海河路许慎文苑,54
河南省漯河市郾城区海河路华山美食城西段,52
河南省漯河市郾城区泰山路与海河路交叉口海河小区,73
河南省漯河市郾城区沙北黄山路黄山小区,64
河南省漯河市郾城区沙北郭庄村,66
河南省漯河市郾城区沙北街道黄山路黄山小区,56
河南省漯河市郾城区沙北街道黄山路阳光世纪苑,79
河南省漯河市郾城区沙北街道黄山路电业局小区,83
河南省漯河市郾城区沙北街道黄山路北岸花园,53
河南省漯河市郾城区沙北街道辽河路金建花园,85
河南省漯河市郾城区沙北街道辽河路通和馨居,85
河南省漯河市郾城区沙北街道淞江路翰林世家,64
河南省漯河市郾城区沙北街道淞江路建赏花园,89
河南省漯河市郾城区沙北街道淞江路天元明珠,72
河南省漯河市郾城区沙北街道海河路海河小区,261
河南省漯河市郾城区沙北街道海河路中段,70
河南省漯河市郾城区沙北街道海河路中房小区,88
河南省漯河市郾城区沙北街道泰山路都市名家,63
河南省漯河市郾城区沙北街道泰山路海河小区,72
河南省漯河市郾城区沙北街道泰山路建安小区,72
河南省漯河市郾城区沙北街道嵩山路舒曼财富中心A座,55
河南省漯河市郾城区沙北街道嵩山路沙田锦绣天地,115
河南省漯河市郾城区沙北街道嵩山路嵩山小区,115
河南省漯河市郾城区沙北街道崂山路银都花园,103
河南省漯河市郾城区沙北街道崂山路金色华府,55
河南省漯河市郾城区沙北街道崂山路苏荷红馆,116
河南省漯河市郾城区沙北街道崂山路华东世纪城,100
河南省漯河市郾城区沙北街道交通路昆仑花苑,75
河南省漯河市郾城区沙北海河路海河小区,77
河南省漯河市郾城区沙北昌建东外滩A,140
河南省漯河市郾城区沙北昆仑路昆仑花园,51
河南省漯河市郾城区沙北张胡魏村,63
河南省漯河市郾城区沙北孙庄村,89
河南省漯河市郾城区沙北后周村,75
河南省漯河市郾城区李集镇陈东村,178
河南省漯河市郾城区李集镇大王村,184
河南省漯河市郾城区李集镇后李村,256
河南省漯河市郾城区李集乡郭西村一组,103
河南省漯河市郾城区李集乡老集村一组,96
河南省漯河市郾城区李集乡老官田村一组,106
河南省漯河市郾城区李集乡老官田村,66
河南省漯河市郾城区李集乡潘付刘村,2792
河南省漯河市郾城区李集乡大宋村一组,103
河南省漯河市郾城区李集乡位李村一组,103
河南省漯河市郾城区昆仑路昆仑花园,69
河南省漯河市郾城区新店镇齐罗村,95
河南省漯河市郾城区新店镇闫李村,286
河南省漯河市郾城区新店镇长河李村,86
河南省漯河市郾城区新店镇郭寺村,92
河南省漯河市郾城区新店镇薛庄村,241
河南省漯河市郾城区新店镇春庄村,108
河南省漯河市郾城区新店镇新店村,204
河南省漯河市郾城区新店镇斗王村,391
河南省漯河市郾城区新店镇张店村,306
河南省漯河市郾城区新店镇尧张村,96
河南省漯河市郾城区新店镇周石黄村,82
河南省漯河市郾城区新店镇周庄村,211
河南省漯河市郾城区新店镇吴拐村,168
河南省漯河市郾城区新店镇台西村,74
河南省漯河市郾城区新店镇台东村,116
河南省漯河市郾城区新店镇前丁村,195
河南省漯河市郾城区新店镇冯庄村,261
河南省漯河市郾城区新店镇冉口村,74
河南省漯河市郾城区新店镇任庄村,177
河南省漯河市郾城区新店镇三赵村,181
河南省漯河市郾城区建业森林半岛,155
河南省漯河市郾城区嵩山路沙田锦绣天地,101
河南省漯河市郾城区嵩山东支路与嫩江路交叉口MOCO新世界,60
河南省漯河市郾城区崂山路银都花园,142
河南省漯河市郾城区崂山路金色华府,56
河南省漯河市郾城区崂山路金汇小区,77
河南省漯河市郾城区崂山路苏荷红馆,120
河南省漯河市郾城区崂山路双兴名苑,74
河南省漯河市郾城区孟庙镇五里岗村,537
河南省漯河市郾城区太行山公寓,355
河南省漯河市郾城区天泰大厦,423
河南省漯河市郾城区城关镇龙塔路,143
河南省漯河市郾城区城关镇祁山路辽河花园,66
河南省漯河市郾城区城关镇祁山路,72
河南省漯河市郾城区城关镇商贸大世界,67
河南省漯河市郾城区商贸大世界,188
河南省漯河市郾城区商桥镇靳庄村,547
河南省漯河市郾城区商桥镇胡湾村,104
河南省漯河市郾城区商桥镇胡庄村,58
河南省漯河市郾城区商桥镇王湾村,210
河南省漯河市郾城区商桥镇小杨村,73
河南省漯河市郾城区商桥镇大闫村,145
河南省漯河市郾城区商桥镇大杨村,101
河南省漯河市郾城区商桥镇商西村,69
河南省漯河市郾城区商桥镇商南村,144
河南省漯河市郾城区商桥镇商东村,142
河南省漯河市郾城区商桥镇刘孟村,1222
河南省漯河市郾城区商桥镇党湾村,61
河南省漯河市郾城区井岗山路棕榈城,101
河南省漯河市郾城区,75
河南省漯河市西城区阴阳赵镇阴东村,90
河南省漯河市西城区长江路与翠华山路交叉口鲁明大厦人力资源服务产业园(集群注册),358
河南省漯河市西城区长江路与翠华山路交叉口鲁明大厦A座人力资源服务产业园,71
河南省漯河市西城区汉江路与太白山路交叉口世界港二楼,994
河南省漯河市西城区太白山路与汉江路交叉口世界港,57
河南省漯河市西城区太白山路与汉江路交叉口MAX世界港,103
河南省漯河市西城区S,159
河南省漯河市舞阳县马村乡黄林村一组,112
河南省漯河市舞阳县马村乡马北村一组,481
河南省漯河市舞阳县马村乡范台村一组,185
河南省漯河市舞阳县马村乡红旗村一组,304
河南省漯河市舞阳县马村乡沟陈村一组,542
河南省漯河市舞阳县马村乡放磨店村,177
河南省漯河市舞阳县马村乡庞店村一组,99
河南省漯河市舞阳县马村乡尚张村一组,181
河南省漯河市舞阳县马村乡大郭庄村一组,270
河南省漯河市舞阳县马村乡前姚村一组,258
河南省漯河市舞阳县马村乡任桥村一组,125
河南省漯河市舞阳县马村乡乔庄村一组,308
河南省漯河市舞阳县辛安镇郭窑村一组,87
河南省漯河市舞阳县辛安镇石桥村一组,86
河南省漯河市舞阳县辛安镇电商产业园A-,69
河南省漯河市舞阳县辛安镇王庄社区,54
河南省漯河市舞阳县辛安镇河西杨村一组,74
河南省漯河市舞阳县辛安镇周庄村一组,89
河南省漯河市舞阳县辛安镇军刘村一组,76
河南省漯河市舞阳县章化乡章化村一组,170
河南省漯河市舞阳县章化乡朱左村二组,70
河南省漯河市舞阳县章化乡朱左村一组,187
河南省漯河市舞阳县章化乡建设路,52
河南省漯河市舞阳县章化乡康庄村一组,155
河南省漯河市舞阳县章化乡岭张村二组,358
河南省漯河市舞阳县章化乡岭张村三组,196
河南省漯河市舞阳县章化乡刘庄村一组,164
河南省漯河市舞阳县章化乡军李村一组,167
河南省漯河市舞阳县文峰乡厦门路东段,73
河南省漯河市舞阳县北舞渡镇鹿店村一组,493
河南省漯河市舞阳县北舞渡镇鹿庄村二组,91
河南省漯河市舞阳县北舞渡镇鹿庄村一组,306
河南省漯河市舞阳县北舞渡镇顺河街村,97
河南省漯河市舞阳县北舞渡镇郑李村四组,95
河南省漯河市舞阳县北舞渡镇郑李村一组,144
河南省漯河市舞阳县北舞渡镇西大街村一组,146
河南省漯河市舞阳县北舞渡镇西大街村,235
河南省漯河市舞阳县北舞渡镇西大街,86
河南省漯河市舞阳县北舞渡镇菜园刘村,134
河南省漯河市舞阳县北舞渡镇泥河王村,78
河南省漯河市舞阳县北舞渡镇方子街村三组,111
河南省漯河市舞阳县北舞渡镇嵩庄村一组,158
河南省漯河市舞阳县北舞渡镇中山街村方子街,62
河南省漯河市舞阳县北舞渡镇中山街村三组,168
河南省漯河市舞阳县北舞渡镇中山街村一组,218
河南省漯河市舞阳县北舞渡镇中山街村,124
河南省漯河市舞阳县北舞渡镇,89
河南省漯河市舞阳县候集镇余庄村,293
河南省漯河市舞阳县侯集镇余庄村,95
河南省漯河市舞阳县侯集乡小裴城,315
河南省漯河市舞阳县侯集乡孙庄村,96
河南省漯河市舞阳县侯集乡和谐路,230
河南省漯河市经济技术开发区湘江路博顺未来华城,52
河南省漯河市经济技术开发区人民东路闽豫建材城,183
河南省漯河市经济技术开发区人民东路与新东环交叉口闽豫国际建材港,57
河南省漯河市经济开发区珠江路黄岗村,76
河南省漯河市源汇区马路街街道昌建广场SOHO写字楼,193
河南省漯河市源汇区马路街街道人民路昌建广场,60
河南省漯河市源汇区顺河街街道建设路兰侨迪亚,56
河南省漯河市源汇区顺河街街道建设路兰乔迪亚小区,66
河南省漯河市源汇区问十乡西师村,130
河南省漯河市源汇区问十乡望天村,138
河南省漯河市源汇区问十乡曹店村,353
河南省漯河市源汇区问十乡宋庄村,437
河南省漯河市源汇区银江路丽江花园,94
河南省漯河市源汇区银江路,64
河南省漯河市源汇区金江路祥和家园,143
河南省漯河市源汇区金江路大唐凤凰府,219
河南省漯河市源汇区金江路,142
河南省漯河市源汇区贸易区北京路,157
河南省漯河市源汇区西京路,180
河南省漯河市源汇区老街街道中华市场,54
河南省漯河市源汇区空冢郭镇指挥寨村,54
河南省漯河市源汇区空冢郭镇崔岗村,89
河南省漯河市源汇区空冢郭乡崔岗村,75
河南省漯河市源汇区空冢郭乡叶岗村,57
河南省漯河市源汇区盛鑫红场,53
河南省漯河市源汇区漯河市源汇区太行山路与桂江路交叉口汇成商务中心漯河市豫货通天下供应链管理有限公司,77
河南省漯河市源汇区滨河路与交通路交叉口昌建外滩,69
河南省漯河市源汇区源汇区柳江路文萃江南,98
河南省漯河市源汇区湘江路湘江小镇,218
河南省漯河市源汇区湘江路,54
河南省漯河市源汇区湘江西路,387
河南省漯河市源汇区泰山路碧湖御园,263
河南省漯河市源汇区泰山路盛世嘉园,206
河南省漯河市源汇区泰山路南段盛世嘉园,269
河南省漯河市源汇区泰山路南段,86
河南省漯河市源汇区泰山南路盛世嘉园,79
河南省漯河市源汇区河南省漯河市源汇区柳江路文萃江南,77
河南省漯河市源汇区沙澧街道筹备组漯湾古镇,61
河南省漯河市源汇区汉江路龙祥花园三单元,117
河南省漯河市源汇区汉江路龙祥家园,772
河南省漯河市源汇区柳江路金域蓝湾,330
河南省漯河市源汇区柳江路西段,138
河南省漯河市源汇区柳江路柳江小区,4071
河南省漯河市源汇区柳江路柳江东苑,446
河南省漯河市源汇区柳江路文萃江南,9675
河南省漯河市源汇区柳江路康平花园,190
河南省漯河市源汇区柳江路与,65
河南省漯河市源汇区柳江路,299
河南省漯河市源汇区柳江西路盛鑫红场,52
河南省漯河市源汇区柳江小区,73
河南省漯河市源汇区建设路兰乔迪亚,82
河南省漯河市源汇区干河陈街道长江路西段,86
河南省漯河市源汇区干河陈街道长江路中段,77
河南省漯河市源汇区干河陈街道银江路丽江花园,121
河南省漯河市源汇区干河陈街道金江路西段民国河上街,80
河南省漯河市源汇区干河陈街道金江路祥和家园,57
河南省漯河市源汇区干河陈街道金江路大唐凤凰府,117
河南省漯河市源汇区干河陈街道祁山路北段,73
河南省漯河市源汇区干河陈街道祁山路中段,75
河南省漯河市源汇区干河陈街道湘江路尚书房,55
河南省漯河市源汇区干河陈街道湘江路与太行山路西南角,125
河南省漯河市源汇区干河陈街道泰山路盛世嘉园,77
河南省漯河市源汇区干河陈街道泰山路南段蓝湖小区,151
河南省漯河市源汇区干河陈街道泰山路南段盛世嘉园,978
河南省漯河市源汇区干河陈街道汉江路西段,65
河南省漯河市源汇区干河陈街道汉江路中段,76
河南省漯河市源汇区干河陈街道桂江路电商大厦,192
河南省漯河市源汇区干河陈街道柳江路柳江小区,924
河南省漯河市源汇区干河陈街道柳江路文萃江南,2484
河南省漯河市源汇区干河陈街道柳江路文萃村,205
河南省漯河市源汇区干河陈街道柳江路康平小区,409
河南省漯河市源汇区干河陈街道柳江路与文萃江南,52
河南省漯河市源汇区干河陈街道柳江路,59
河南省漯河市源汇区干河陈街道柳江小区,77
河南省漯河市源汇区干河陈街道文萃江南,152
河南省漯河市源汇区干河陈街道干河陈街道柳江路文萃江南,389
河南省漯河市源汇区干河陈街道干河陈街道柳江路文萃村,289
河南省漯河市源汇区干河陈街道姬崔村,60
河南省漯河市源汇区干河陈街道太行山路巴黎都市,436
河南省漯河市源汇区干河陈街道太行山路与桂江路交叉口汇成商务中心,196
河南省漯河市源汇区干河陈街道大学路西段,122
河南省漯河市源汇区干河陈街道交通路与金江路交叉口东,52
河南省漯河市源汇区干河陈街道井冈山路北段,89
河南省漯河市源汇区干河陈街道井冈山路中段,52
河南省漯河市源汇区干河陈街道五一路螺湾小镇,106
河南省漯河市源汇区干河陈街道五一路开源森林庄园,240
河南省漯河市源汇区干河陈街道五一路南段香樟花园,73
河南省漯河市源汇区太行山路南端,211
河南省漯河市源汇区太行山路南段,121
河南省漯河市源汇区太行山路与桂江路交叉口江城商乐中心,56
河南省漯河市源汇区太行山路与桂江路交叉口汇成商务中心漯河市豫货通天下供应链管理有限公司,66
河南省漯河市源汇区太行山路与桂江路交叉口汇成商务中心,3086
河南省漯河市源汇区太行山与桂江路交叉口汇成商务中心,414
河南省漯河市源汇区大学路,59
河南省漯河市源汇区大刘镇计生办门面房,328
河南省漯河市源汇区人民路美盛大厦B座,52
河南省漯河市源汇区人民路美盛大厦A座,63
河南省漯河市源汇区人民路昌建广场写字楼,51
河南省漯河市源汇区人民路昌建广场SOHO写字楼,1474
河南省漯河市源汇区人民路昌建广场,264
河南省漯河市源汇区人民路华东商务中心,66
河南省漯河市源汇区人民路与文化路交叉口昌建广场,101
河南省漯河市源汇区人民路与交通路交叉口美盛大厦A座,58
河南省漯河市源汇区人民路与交通路交叉口向东,52
河南省漯河市源汇区五一路汇源小区,172
河南省漯河市源汇区五一路开源森林庄园,127
河南省漯河市源汇区五一路开园森林庄园,103
河南省漯河市源汇区五一路南段香樟花园,280
河南省漯河市源汇区五一路南段,311
河南省漯河市源汇区,203
河南省漯河市城乡一体化示范区黑龙潭镇黄赵村,51
河南省漯河市召陵区龙塘村,187
河南省漯河市召陵区黄河路金色龙湾立华公寓,355
河南省漯河市召陵区翟庄龙塘村,188
河南省漯河市召陵区翟庄金色龙湾,53
河南省漯河市召陵区翟庄王裴村,58
河南省漯河市召陵区翟庄大河村,60
河南省漯河市召陵区翟庄冯庄村,97
河南省漯河市召陵区王裴村,62
河南省漯河市召陵区燕山路和谐家园小区,142
河南省漯河市召陵区燕山路和谐家园,281
河南省漯河市召陵区桐柏山路东方明珠一期,113
河南省漯河市召陵区天桥创业中心,409
河南省漯河市召陵区召陵镇黄庄村,155
河南省漯河市召陵区人民东路,72
河南省漯河市召陵区东城产业集聚区桃园路北侧,124
河南省漯河市临颍县石桥乡,122
河南省漯河市临颍县皇帝庙乡第二村级集体经济工业园,72
河南省漯河市临颍县皇帝庙乡樊堂学校,68
河南省漯河市临颍县瓦店镇后徐村和谐广场数字电商产业园,102
河南省漯河市临颍县瓦店镇刘庄村,53
河南省漯河市临颍县巨陵镇商业街,55
河南省漯河市临颍县,73
河南省济源市龙泉路,94
河南省济源市钟楼街,114
河南省济源市邵原镇便民服务中心,81
河南省济源市轵城镇西轵城村,77
河南省济源市西街,96
河南省济源市王屋镇富源企业创业孵化基地,53
河南省济源市济源大道中段,1061
河南省济源市济源大道,93
河南省济源市济水大街中段,108
河南省济源市济水大街,70
河南省济源市河合流动,627
河南省济源市河合村河苑街,54
河南省济源市梨林镇西湖村新济路南侧梨林产业园电商物流中心,64
河南省济源市梨林电商物流中心,236
河南省济源市文昌路,61
河南省济源市文昌中路,111
河南省济源市御驾流动,1579
河南省济源市御驾村同心街北巷,95
河南省济源市御驾商业街,57
河南省济源市天坛中路,118
河南省济源市大峪镇政府北院内,107
河南省济源市商业城,75
河南省济源市南街集贸市场,128
河南省济源市南街商贸市场,91
河南省济源市北街,95
河南省济源市北海办事处济渎路商务内街西,128
河南省济源市北海办事处济渎路商务内街东,417
河南省济源市关帝街,100
河南省济源市八仙街,51
河南省济源市五龙口镇马村,54
河南省济源市中原国际商贸城A,110
河南省济源市东留村康达街,89
河南省济源市东庄居委会,80
河南省济源市东夫村东夫大街,52
河南省济源市下冶镇创业孵化基地A,51
河南省洛阳市高新区丰李镇丰李村,166
河南省洛阳市西工区金谷园路,230
河南省洛阳市西工区金谷园街道金谷园路,56
河南省洛阳市西工区金谷园村,215
河南省洛阳市西工区道南路,248
河南省洛阳市西工区解放路,147
河南省洛阳市西工区衡山路,453
河南省洛阳市西工区行署路,116
河南省洛阳市西工区纱厂西路,108
河南省洛阳市西工区纱厂南路,206
河南省洛阳市西工区纱厂北路,140
河南省洛阳市西工区纱厂东路,113
河南省洛阳市西工区红山乡张岭村,52
河南省洛阳市西工区红山乡下沟村,107
河南省洛阳市西工区王城路街道王城大道,58
河南省洛阳市西工区王城路,108
河南省洛阳市西工区王城大道,951
河南省洛阳市西工区玄武门大街,61
河南省洛阳市西工区涧东路,66
河南省洛阳市西工区汉宫路,125
河南省洛阳市西工区唐宫路,55
河南省洛阳市西工区唐宫西路,131
河南省洛阳市西工区唐宫中路,81
河南省洛阳市西工区华山北路,80
河南省洛阳市西工区凯旋西路,152
河南省洛阳市西工区凯旋东路,120
河南省洛阳市西工区八一路,56
河南省洛阳市西工区体育场路,92
河南省洛阳市西工区五洲国际工业博览城,203
河南省洛阳市西工区九都路,436
河南省洛阳市西工区中州中路,671
河南省洛阳市西工区上阳路,63
河南省洛阳市西工区七一路,97
河南省洛阳市西工区,105
河南省洛阳市老城区黄梅路,52
河南省洛阳市老城区邙山镇金燕物流,70
河南省洛阳市老城区邙山镇春都路,105
河南省洛阳市老城区邙山镇宏进市场A区,118
河南省洛阳市老城区西大街,154
河南省洛阳市老城区西关街道环城西路,57
河南省洛阳市老城区西关街道唐宫东路,122
河南省洛阳市老城区西关街道周公路,62
河南省洛阳市老城区西关街道中州中路,126
河南省洛阳市老城区王城大道,92
河南省洛阳市老城区洛邑古城LYGP,116
河南省洛阳市老城区治安南街,60
河南省洛阳市老城区民主街,63
河南省洛阳市老城区春都路,816
河南省洛阳市老城区宏进市场B区,57
河南省洛阳市老城区唐宫东路,217
河南省洛阳市老城区吕氏街,81
河南省洛阳市老城区南大街,88
河南省洛阳市老城区十字街夜市西,92
河南省洛阳市老城区十字街夜市东,73
河南省洛阳市老城区八角楼金街,57
河南省洛阳市老城区五贤街,53
河南省洛阳市老城区九都东路,134
河南省洛阳市老城区中州中路,114
河南省洛阳市老城区中州东路,145
河南省洛阳市老城区东大街,91
河南省洛阳市老城区,54
河南省洛阳市瀍河回族区夹马营路,113
河南省洛阳市瀍河回族区塔湾街道中州东路东段,60
河南省洛阳市瀍河回族区启明南路,520
河南省洛阳市瀍河回族区启明东路,54
河南省洛阳市瀍河回族区中州东路东段,225
河南省洛阳市瀍河回族区中州东路,99
河南省洛阳市瀍河回族区,108
河南省洛阳市涧西区长安路街道景华路,114
河南省洛阳市涧西区长安路街道建设路,104
河南省洛阳市涧西区长安路街道,196
河南省洛阳市涧西区长安路,55
河南省洛阳市涧西区辽宁路,94
河南省洛阳市涧西区辛店街道万邦国际农产品批发市场T,124
河南省洛阳市涧西区西苑路,168
河南省洛阳市涧西区蓬莱路,51
河南省洛阳市涧西区联盟路,138
河南省洛阳市涧西区珠江路街道辽宁路,134
河南省洛阳市涧西区珠江路街道珠江路,132
河南省洛阳市涧西区珠江路街道南昌路,132
河南省洛阳市涧西区珠江路街道九都西路,61
河南省洛阳市涧西区珠江路街道丽新路世纪华阳花园,67
河南省洛阳市涧西区珠江路街道丽新路,54
河南省洛阳市涧西区珠江路升龙城,70
河南省洛阳市涧西区珠江路,98
河南省洛阳市涧西区湖北路街道西苑路,60
河南省洛阳市涧西区湖北路街道景华路,68
河南省洛阳市涧西区武汉路,61
河南省洛阳市涧西区武汉南路,65
河南省洛阳市涧西区景华路,183
河南省洛阳市涧西区建设路,341
河南省洛阳市涧西区安徽路,107
河南省洛阳市涧西区天津路街道建设路,108
河南省洛阳市涧西区天津路街道中州西路,51
河南省洛阳市涧西区天津路街道,117
河南省洛阳市涧西区天津路,159
河南省洛阳市涧西区南昌路街道联盟路,74
河南省洛阳市涧西区南昌路街道南昌路,56
河南省洛阳市涧西区南昌路建业壹号城邦,59
河南省洛阳市涧西区南昌路六街坊,70
河南省洛阳市涧西区南昌路,358
河南省洛阳市涧西区九都西路中弘中央广场C座,78
河南省洛阳市涧西区九都西路中弘中央广场,99
河南省洛阳市涧西区九都西路,288
河南省洛阳市涧西区丽新路世纪华阳花园,122
河南省洛阳市涧西区丽新路,54
河南省洛阳市涧西区中州西路,209
河南省洛阳市涧西区,120
河南省洛阳市洛龙区龙门大道,311
河南省洛阳市洛龙区长夏门街,331
河南省洛阳市洛龙区长厦门街,78
河南省洛阳市洛龙区长兴街,745
河南省洛阳市洛龙区金城寨街,306
河南省洛阳市洛龙区通济街,54
河南省洛阳市洛龙区英才路,94
河南省洛阳市洛龙区翠云路,162
河南省洛阳市洛龙区翠云东路,128
河南省洛阳市洛龙区美茵街,130
河南省洛阳市洛龙区牡丹大道,1507
河南省洛阳市洛龙区滨河南路,435
河南省洛阳市洛龙区洛宜路,69
河南省洛阳市洛龙区永泰街,453
河南省洛阳市洛龙区政和路,71
河南省洛阳市洛龙区忠义街,51
河南省洛阳市洛龙区开元大道,2204
河南省洛阳市洛龙区展览路,267
河南省洛阳市洛龙区展览东路,58
河南省洛阳市洛龙区宝龙城市广场CF地块,54
河南省洛阳市洛龙区宜人路,63
河南省洛阳市洛龙区定鼎门街,392
河南省洛阳市洛龙区太康路,132
河南省洛阳市洛龙区太康东路,375
河南省洛阳市洛龙区古城路,498
河南省洛阳市洛龙区厚载门街,82
河南省洛阳市洛龙区关林通达综合市场,166
河南省洛阳市洛龙区关林通达市场,57
河南省洛阳市洛龙区关林路,243
河南省洛阳市洛龙区关林翠云东路,66
河南省洛阳市洛龙区关林市场,228
河南省洛阳市洛龙区关林南街,54
河南省洛阳市洛龙区关圣街,76
河南省洛阳市洛龙区伊洛路,61
河南省洛阳市洛龙区丰李镇丰李村,267
河南省洛阳市洛龙区三川大道,56
河南省洛阳市洛宁湖滨路县公园一号,109
河南省洛阳市洛宁县东宋镇东宋街,73
河南省洛阳市汝阳县城关镇隆盛路,120
河南省洛阳市汝阳县城关镇人民路,65
河南省洛阳市栾川县陶湾镇陶湾村,108
河南省洛阳市栾川县白土乡马超营村,54
河南省洛阳市栾川县现代商贸产业园,108
河南省洛阳市栾川县栾川乡罗庄村,61
河南省洛阳市栾川县栾川乡樊营社区,84
河南省洛阳市栾川县栾川乡君山怡景,52
河南省洛阳市栾川县栾川乡七里坪村,117
河南省洛阳市栾川县庙子乡庙子街,159
河南省洛阳市栾川县城关镇耕莘路,55
河南省洛阳市栾川县城关镇耕莘东路,56
河南省洛阳市栾川县城关镇幸福西路,66
河南省洛阳市栾川县城关镇君山中路,71
河南省洛阳市栾川县城关镇君山东路,79
河南省洛阳市栾川县城关镇南大街,84
河南省洛阳市栾川县城关镇北大街,52
河南省洛阳市栾川县城关镇兴华西路,67
河南省洛阳市栾川县城关镇兴华东路,91
河南省洛阳市栾川县城关镇伏牛南路,69
河南省洛阳市栾川县合峪镇合峪街,176
河南省洛阳市新安县新安职高北二楼,82
河南省洛阳市新安县城关镇,82
河南省洛阳市新安县北冶镇学前路,74
河南省洛阳市新安县五头镇新街,81
河南省洛阳市嵩县闫庄镇闫庄街,153
河南省洛阳市宜阳县韩城镇西关村,94
河南省洛阳市宜阳县锦屏镇黄龙庙村,151
河南省洛阳市宜阳县锦屏镇高桥村红旗东路,59
河南省洛阳市宜阳县锦屏镇高桥村,79
河南省洛阳市宜阳县锦屏镇铁炉村,65
河南省洛阳市宜阳县锦屏镇灵山村,82
河南省洛阳市宜阳县锦屏镇河下村,173
河南省洛阳市宜阳县锦屏镇杨店村,84
河南省洛阳市宜阳县锦屏镇周村,57
河南省洛阳市宜阳县白杨镇白杨五区,102
河南省洛阳市宜阳县白杨镇一区,69
河南省洛阳市宜阳县柳泉镇柳泉村,175
河南省洛阳市宜阳县城关镇红旗西路,76
河南省洛阳市宜阳县城关镇红旗中路,52
河南省洛阳市宜阳县城关镇文明中路,65
河南省洛阳市宜阳县城关镇文明东路,68
河南省洛阳市孟津区麻屯镇阿新大道,68
河南省洛阳市孟津区麻屯镇金溪路,52
河南省洛阳市孟津区河阳街道河阳路,315
河南省洛阳市孟津区河阳街道冶戌市场黄河路,190
河南省洛阳市孟津区朝阳镇朝阳村一组,112
河南省洛阳市孟津区平乐镇平乐村,73
河南省洛阳市孟津区城关镇小浪底大道,80
河南省洛阳市孟津区城关镇大华商贸城,89
河南省洛阳市孟津区城关镇城关村,106
河南省洛阳市吉利区黄河路瑞邦公司三楼,123
河南省洛阳市吉利区黄河路瑞德安汽修厂院内南头楼内,70
河南省洛阳市吉利区黄河路危运停车场一楼西侧,91
河南省洛阳市吉利区黄河路,88
河南省洛阳市吉利区洛阳市吉利区黄河路危运停车场一楼西侧,69
河南省洛阳市吉利区河阳路冶戌市场南头楼内,71
河南省洛阳市吉利区河阳路,78
河南省洛阳市吉利区文化路供销社楼下,79
河南省洛阳市吉利区世纪大道金泓公司一楼,83
河南省洛阳市偃师市商城街道办事处上海国际商贸城C区,76
河南省洛阳市偃师区高龙镇高龙村,69
河南省洛阳市偃师区首阳山街道,63
河南省洛阳市偃师区顾县镇顾县村,66
河南省洛阳市偃师区翟镇镇翟西村,75
河南省洛阳市偃师区翟镇镇翟东村,65
河南省洛阳市偃师区缑氏镇缑氏村,121
河南省洛阳市偃师区槐新街道洛神路,88
河南省洛阳市偃师区槐新街道民主路,58
河南省洛阳市偃师区岳滩镇寇圪垱村,85
河南省洛阳市偃师区岳滩镇后马郡村,52
河南省洛阳市偃师区大口镇大口村,58
河南省洛阳市偃师区商城街道万达广场,120
河南省洛阳市伊滨区隆安明珠广场C座,53
河南省洛阳市伊滨区诸葛镇福民嘉苑,58
河南省洛阳市伊滨区诸葛镇正泰嘉苑,65
河南省洛阳市伊滨区永泰嘉苑,66
河南省洛阳市伊滨区枫叶路,77
河南省洛阳市伊滨区李村镇雷村,106
河南省洛阳市伊滨区李村镇玉泉嘉苑,69
河南省洛阳市伊滨区李村镇永泰嘉苑,108
河南省洛阳市伊滨区李村镇新源嘉苑,130
河南省洛阳市伊滨区李村镇吉庆嘉苑,99
河南省洛阳市伊滨区李村镇南寨村,69
河南省洛阳市伊滨区李村镇兰台嘉苑,180
河南省洛阳市伊滨区李村镇东柿园村,60
河南省洛阳市伊滨区新源路,256
河南省洛阳市伊滨区新源嘉苑,136
河南省洛阳市伊滨区庞村镇门庄村,86
河南省洛阳市伊滨区庞村镇辛庄村,75
河南省洛阳市伊滨区庞村镇西庞村,410
河南省洛阳市伊滨区庞村镇窑沟村,258
河南省洛阳市伊滨区庞村镇白草坡村,184
河南省洛阳市伊滨区庞村镇掘山村,157
河南省洛阳市伊滨区庞村镇彭店村,57
河南省洛阳市伊滨区庞村镇大庄村,104
河南省洛阳市伊滨区庞村镇军屯村,67
河南省洛阳市伊滨区庞村镇东庞村,380
河南省洛阳市伊滨区寇店镇李家村,74
河南省洛阳市伊滨区吉庆嘉苑,56
河南省洛阳市伊滨区华耀城,1242
河南省洛阳市伊滨区创新大厦,158
河南省洛阳市伊滨区兰台嘉苑,90
河南省洛阳市伊川县鸣皋镇鸣皋村洛栾路北段,64
河南省洛阳市伊川县鸣皋镇鸣皋村步行街,68
河南省洛阳市伊川县鸣皋镇中溪村,68
河南省洛阳市伊川县酒后镇酒后村,82
河南省洛阳市伊川县白沙镇智慧政务服务中心院内,58
河南省洛阳市伊川县白沙乡白沙村,81
河南省洛阳市伊川县白元镇金山大道,80
河南省洛阳市伊川县江左镇江左村,71
河南省洛阳市伊川县江左乡江左村,66
河南省洛阳市伊川县水寨镇姬磨村,70
河南省洛阳市伊川县平等乡平等村大莘路,53
河南省沈丘县范营乡,124
河南省沈丘县周营乡,280
河南省沈丘县,184
河南省汝阳县城关镇人民路,51
河南省民权县城关镇工农路东段,51
河南省正阳县袁寨乡袁寨街,117
河南省柘城县春水街道长乐社区,105
河南省柘城县春水街道邵元,61
河南省杞县城关镇特色商业街,128
河南省新乡市高新区新飞大道,146
河南省新乡市高新区新二街,84
河南省新乡市高新区振中路,74
河南省新乡市高新区南外环,69
河南省新乡市高新区华兰大道,62
河南省新乡市高新区,92
河南省新乡市长垣市赵堤镇金堤大道西段,60
河南省新乡市长垣市蒲西长城大道,159
河南省新乡市长垣市蒲西银河新天地,129
河南省新乡市长垣市蒲西银河国际,59
河南省新乡市长垣市蒲西西关大街,125
河南省新乡市长垣市蒲西蒲西街,93
河南省新乡市长垣市蒲西菜北大街,102
河南省新乡市长垣市蒲西桂陵大道,223
河南省新乡市长垣市蒲西杏坛路,73
河南省新乡市长垣市蒲西宏力大道,115
河南省新乡市长垣市蒲西安仁街,53
河南省新乡市长垣市蒲西向阳路,269
河南省新乡市长垣市蒲西卫华大道,177
河南省新乡市长垣市蒲西华垣路,179
河南省新乡市长垣市蒲西匡城路,147
河南省新乡市长垣市蒲西凯杰路,64
河南省新乡市长垣市蒲西人民路,138
河南省新乡市长垣市蒲北防腐建材城二期,139
河南省新乡市长垣市蒲东长城大道,72
河南省新乡市长垣市蒲东金源大市场,51
河南省新乡市长垣市蒲东西大街,79
河南省新乡市长垣市蒲东县前街,56
河南省新乡市长垣市蒲东卫华大道,90
河南省新乡市长垣市蒲东南大街,60
河南省新乡市长垣市蒲东南京路,56
河南省新乡市长垣市蒲东区西大街,71
河南省新乡市长垣市蒲东区岳庄商业街,119
河南省新乡市长垣市蒲东区卫华大道,69
河南省新乡市长垣市苗寨镇苗寨村,58
河南省新乡市长垣市满村镇万通商城B,102
河南省新乡市长垣市满村镇万通商城A,57
河南省新乡市长垣市武丘乡医疗器械创业园,51
河南省新乡市长垣市武丘乡医疗器械产业园,58
河南省新乡市长垣市方里镇方南村,82
河南省新乡市长垣市方里镇中械医疗器械商城A,242
河南省新乡市长垣市恼里镇中械医疗器械商城C,100
河南省新乡市长垣市常村镇中械医疗器械商城A,158
河南省新乡市长垣市常村镇中械医疗器械商城,66
河南省新乡市长垣市常村镇东刘庄村,58
河南省新乡市长垣市孟岗镇孟岗村,166
河南省新乡市长垣市孟岗镇医疗器械城,56
河南省新乡市长垣市孟岗镇创业园,167
河南省新乡市长垣市南蒲鸿基国际,62
河南省新乡市长垣市南蒲国际万商城,227
河南省新乡市长垣市南蒲健康产业园创业园C,67
河南省新乡市长垣市佘家镇自贸中心二期,129
河南省新乡市长垣市佘家镇佘西村,53
河南省新乡市长垣市佘家镇中械医疗器械商城,239
河南省新乡市长垣市丁栾镇商业街中段路东,59
河南省新乡市长垣市丁栾镇商业街,89
河南省新乡市长垣市丁栾镇华西商贸街,54
河南省新乡市长垣县南蒲健康产业园创业园B,65
河南省新乡市长垣县佘家乡中械医疗器械商城,107
河南省新乡市辉县市高庄乡高庄村,122
河南省新乡市辉县市高庄乡岳村,62
河南省新乡市辉县市西平罗乡西平罗村,60
河南省新乡市辉县市苏门大道,52
河南省新乡市辉县市胡桥乡胡桥村,70
河南省新乡市辉县市百泉镇百泉村,96
河南省新乡市辉县市沙窑乡郭亮村,65
河南省新乡市辉县市沙窑乡沙窑村,61
河南省新乡市辉县市沙窑乡南坪村,72
河南省新乡市辉县市张村乡裴寨村商业街,538
河南省新乡市辉县市常村镇沿西村,76
河南省新乡市辉县市常村镇常东村,51
河南省新乡市辉县市常村镇固西村,406
河南省新乡市辉县市峪河镇一街村,69
河南省新乡市辉县市家天下建材家居大世界,71
河南省新乡市辉县市孟庄镇孟庄村,102
河南省新乡市辉县市孟庄镇城南农贸市场,63
河南省新乡市辉县市吴村镇三街村,63
河南省新乡市辉县市占城镇大占城村,108
河南省新乡市辉县市南村镇贾庄村,53
河南省新乡市辉县市南村镇南村北村,74
河南省新乡市辉县市南寨镇北寨村,74
河南省新乡市辉县市北云门镇北云门村,161
河南省新乡市辉县市共和路与涌金大道交叉口影院鞋行,65
河南省新乡市辉县市上八里镇松树坪村,92
河南省新乡市辉县市上八里镇上八里村,92
河南省新乡市获嘉县太山乡太山村,70
河南省新乡市获嘉县大新庄乡大新庄村,54
河南省新乡市获嘉县大新庄乡大呈村,64
河南省新乡市获嘉县城关镇联盟新城,54
河南省新乡市获嘉县亢村镇府庄村,53
河南省新乡市获嘉县亢村镇亢北村,51
河南省新乡市红旗区金穗大道与新中大道交叉口西北角东方明珠大厦,53
河南省新乡市红旗区金穗大道,244
河南省新乡市红旗区西街西大街,51
河南省新乡市红旗区西街环城北街,89
河南省新乡市红旗区西街平原路,60
河南省新乡市红旗区西街双桥小区,52
河南省新乡市红旗区西街人民路,63
河南省新乡市红旗区胜利南街,66
河南省新乡市红旗区纺织路,94
河南省新乡市红旗区渠东新延路十五号东站市场,65
河南省新乡市红旗区渠东人民东路,53
河南省新乡市红旗区洪门镇洪门社区,103
河南省新乡市红旗区洪门镇建业壹号城邦商业街,57
河南省新乡市红旗区洪门镇平原路,65
河南省新乡市红旗区洪门镇常青藤小区,64
河南省新乡市红旗区洪门镇宝龙珑寓,82
河南省新乡市红旗区洪门镇大学城北市场,187
河南省新乡市红旗区洪门镇向阳路,96
河南省新乡市红旗区洪门镇伟业中央公园,72
河南省新乡市红旗区新延路,167
河南省新乡市红旗区新中大道,59
河南省新乡市红旗区新东大道,153
河南省新乡市红旗区文化路,87
河南省新乡市红旗区文化街,200
河南省新乡市红旗区恒升世家A座,151
河南省新乡市红旗区平原路,508
河南省新乡市红旗区向阳路,305
河南省新乡市红旗区南干道,54
河南省新乡市红旗区华兰大道,176
河南省新乡市红旗区劳动路南段,169
河南省新乡市红旗区劳动南街晟源杰座,98
河南省新乡市红旗区劳动南街央棠夜市,74
河南省新乡市红旗区劳动南街,264
河南省新乡市红旗区健康路,74
河南省新乡市红旗区伟业中央公园,56
河南省新乡市红旗区人民路,188
河南省新乡市红旗区人民中路,59
河南省新乡市红旗区人民东路,149
河南省新乡市红旗区东街牌坊街,94
河南省新乡市红旗区东街平原路,154
河南省新乡市红旗区东街人民路,85
河南省新乡市红旗区东卓路,73
河南省新乡市牧野区裕民西街,69
河南省新乡市牧野区荣校路,104
河南省新乡市牧野区荣校东路,98
河南省新乡市牧野区花园中原路,74
河南省新乡市牧野区王村镇高湾村,58
河南省新乡市牧野区王村镇建设西路,57
河南省新乡市牧野区新濮路农资市场,90
河南省新乡市牧野区建设路,99
河南省新乡市牧野区建设中路,66
河南省新乡市牧野区建北一路,80
河南省新乡市牧野区平原路,134
河南省新乡市牧野区宏力大道东,52
河南省新乡市牧野区宏力大道,130
河南省新乡市牧野区学院路,53
河南省新乡市牧野区学院街,61
河南省新乡市牧野区和平路,86
河南省新乡市牧野区和平大道,64
河南省新乡市牧野区北环路豫北水产大世界,91
河南省新乡市牧野区北干道,122
河南省新乡市牧野区中原路,137
河南省新乡市牧野区中原东路,56
河南省新乡市牧野区东干道东风路,55
河南省新乡市牧野区,79
河南省新乡市新飞大道,129
河南省新乡市新乡经济技术开发区樊李社区,84
河南省新乡市新乡县朗公庙镇朗南街村,54
河南省新乡市新乡县朗公庙镇朗北街村,60
河南省新乡市新乡县朗公庙镇朗中街村,121
河南省新乡市新乡县小冀镇青龙路中段,70
河南省新乡市新乡县小冀镇青年路北段,159
河南省新乡市新乡县小冀镇胡韦线与仁和街,238
河南省新乡市新乡县小冀镇胡纬线与仁和街,100
河南省新乡市新乡县小冀镇振兴路西段,79
河南省新乡市新乡县大召营镇大召营村,99
河南省新乡市新乡县合河乡合河村,94
河南省新乡市新乡县七里营镇青年路,98
河南省新乡市新乡县七里营镇刘店村,59
河南省新乡市新乡县七里营镇八柳树村,63
河南省新乡市延津县胙城乡胙城村,103
河南省新乡市延津县石婆固乡集北村,78
河南省新乡市延津县王楼乡王楼村,361
河南省新乡市延津县城关镇西大街,223
河南省新乡市延津县城关镇科技路,61
河南省新乡市延津县城关镇潭龙社区商铺,97
河南省新乡市延津县城关镇永安大道,64
河南省新乡市延津县城关镇民安小区商铺,63
河南省新乡市延津县城关镇棉东路,76
河南省新乡市延津县城关镇文化路,178
河南省新乡市延津县城关镇建设路,100
河南省新乡市延津县城关镇商业街,90
河南省新乡市延津县城关镇卫生路,81
河南省新乡市延津县城关镇南大街,55
河南省新乡市延津县城关镇北大街,91
河南省新乡市延津县城关镇健康路,57
河南省新乡市延津县城关镇东安大道,79
河南省新乡市延津县城关镇东大街,98
河南省新乡市延津县司寨乡高寨村,107
河南省新乡市延津县僧固乡李僧固村,86
河南省新乡市延津县僧固乡乐美家超市内百货组,54
河南省新乡市延津县丰庄镇丰庄村,68
河南省新乡市延津县东屯镇小王庄村,53
河南省新乡市延津县东屯镇东屯村,138
河南省新乡市平原示范区龙源街道红旗渠路,53
河南省新乡市平原示范区韩董庄镇韩董庄村,55
河南省新乡市平原示范区韩董庄镇韩屋村,62
河南省新乡市平原示范区韩董庄镇杨厂村,60
河南省新乡市平原示范区长江大道,60
河南省新乡市平原示范区祝楼乡新庄村,52
河南省新乡市平原示范区祝楼乡宋楼村,60
河南省新乡市平原示范区桥北乡马庄村,123
河南省新乡市平原示范区桥北乡马井村,307
河南省新乡市平原示范区桥北乡盐店庄,56
河南省新乡市平原示范区恒大金碧天下,66
河南省新乡市平原示范区恒大御景湾,79
河南省新乡市平原示范区师寨镇许堂村,129
河南省新乡市平原示范区师寨镇西磁村,51
河南省新乡市平原示范区师寨镇苗楼村,54
河南省新乡市平原示范区师寨镇新集村,57
河南省新乡市平原示范区师寨镇张洼村,108
河南省新乡市平原示范区师寨镇师寨村,98
河南省新乡市平原示范区原武镇北街村,89
河南省新乡市市辖区平原示范区师寨镇近科楼村,51
河南省新乡市封丘县黄陵镇黄陵村东升路,74
河南省新乡市封丘县黄陵镇黄陵村,109
河南省新乡市封丘县黄陵镇旧黄陵村,62
河南省新乡市封丘县黄陵镇庄呼村,68
河南省新乡市封丘县黄德镇黄德村,156
河南省新乡市封丘县鲁岗镇鲁岗村鲁岗大街,59
河南省新乡市封丘县鲁岗镇鲁岗村,54
河南省新乡市封丘县陈桥镇陈桥村,195
河南省新乡市封丘县陈固镇陈固村,196
河南省新乡市封丘县赵岗镇赵岗村,289
河南省新乡市封丘县赵岗镇纸房村,89
河南省新乡市封丘县赵岗镇孙村,79
河南省新乡市封丘县赵岗镇北常岗村,80
河南省新乡市封丘县赵岗镇前盘邱村,56
河南省新乡市封丘县荆隆宫乡荆西村,63
河南省新乡市封丘县荆隆宫乡荆南村,58
河南省新乡市封丘县荆隆宫乡荆中村,154
河南省新乡市封丘县荆隆宫乡荆东村,160
河南省新乡市封丘县荆隆宫乡后桑园村,80
河南省新乡市封丘县荆隆宫乡前钟銮城村,51
河南省新乡市封丘县荆宫乡荆西村,63
河南省新乡市封丘县荆宫乡荆中村,143
河南省新乡市封丘县荆宫乡荆东村,53
河南省新乡市封丘县留光镇短堤村,59
河南省新乡市封丘县留光镇留光村发展路,105
河南省新乡市封丘县留光镇留光村东大街,58
河南省新乡市封丘县留光镇留光村,313
河南省新乡市封丘县留光镇李王庄村,87
河南省新乡市封丘县留光镇后寨村,54
河南省新乡市封丘县电子商务产业园,217
河南省新乡市封丘县王村乡周王村,55
河南省新乡市封丘县潘店镇潘店村封尹路,57
河南省新乡市封丘县潘店镇潘店村,112
河南省新乡市封丘县潘店镇巨岗村,83
河南省新乡市封丘县潘店镇屯里村,74
河南省新乡市封丘县李庄镇顺河集村,87
河南省新乡市封丘县李庄镇新区贯台路,65
河南省新乡市封丘县李庄镇新区,142
河南省新乡市封丘县应举镇应举村,62
河南省新乡市封丘县应举镇东大村,113
河南省新乡市封丘县应举镇丁寨村,157
河南省新乡市封丘县居厢镇居厢村,140
河南省新乡市封丘县尹岗镇李堂村,52
河南省新乡市封丘县尹岗镇大庄村,83
河南省新乡市封丘县城电子商务产业园,80
河南省新乡市封丘县城关镇黄池路南段路西,124
河南省新乡市封丘县城关镇黄池路南段路东,102
河南省新乡市封丘县城关镇黄池路,71
河南省新乡市封丘县城关镇西关村,106
河南省新乡市封丘县城关镇电子商务产业园,280
河南省新乡市封丘县城关镇文化路南段路西,89
河南省新乡市封丘县城关镇文化路南段路东,104
河南省新乡市封丘县城关镇文化路北段路东,70
河南省新乡市封丘县城关镇振兴路东段路南,60
河南省新乡市封丘县城关镇振兴路东段路北,72
河南省新乡市封丘县城关镇府南路东段路北,56
河南省新乡市封丘县城关镇府南路,61
河南省新乡市封丘县城关镇封元社区,93
河南省新乡市封丘县城关镇周庄村,159
河南省新乡市封丘县城关镇南干道西段路南,76
河南省新乡市封丘县城关镇南干道西段路北,59
河南省新乡市封丘县城关镇南干道东段路北,56
河南省新乡市封丘县城关镇北街新村,60
河南省新乡市封丘县城关镇北干道西段路南,209
河南省新乡市封丘县城关镇北干道西段路北,80
河南省新乡市封丘县城关镇北干道东段路南,131
河南省新乡市封丘县城关镇北干道东段路北,65
河南省新乡市封丘县城关镇中创博览城,58
河南省新乡市封丘县城关镇世纪大道电子商务产业园,75
河南省新乡市封丘县城关镇万庄村,115
河南省新乡市封丘县冯村乡赵彩村,87
河南省新乡市封丘县冯村乡冯村,177
河南省新乡市封丘县世纪大道,78
河南省新乡市原阳县齐街乡北街,81
河南省新乡市原阳县福宁集镇小吴庄村,80
河南省新乡市原阳县福宁集镇中岳村,67
河南省新乡市原阳县福宁集镇东寨村,64
河南省新乡市原阳县大宾乡大宾村,94
河南省新乡市原阳县城关镇西干道,84
河南省新乡市原阳县城关镇胜利街,72
河南省新乡市原阳县城关镇新华街,52
河南省新乡市原阳县城关镇文岩街,65
河南省新乡市原阳县城关镇建设路,65
河南省新乡市原阳县城关镇府君庙街,70
河南省新乡市原阳县城关镇博浪沙街,106
河南省新乡市原阳县城关镇南干道,80
河南省新乡市原阳县城关镇北干道,111
河南省新乡市原阳县华龙尚郡,53
河南省新乡市卫辉市汲水镇辛庄村,65
河南省新乡市卫辉市汲水镇贺生屯村,71
河南省新乡市卫辉市汲水镇健康路西段,72
河南省新乡市卫辉市汲水镇下园村,151
河南省新乡市卫辉市安都乡牛安都村,54
河南省新乡市卫辉市太公镇前太公泉村,96
河南省新乡市卫辉市城郊乡道西街,129
河南省新乡市卫辉市城郊乡河园村,55
河南省新乡市卫辉市城郊乡孟西街,66
河南省新乡市卫辉市城郊乡县前街,89
河南省新乡市卫辉市城郊乡北马市街,57
河南省新乡市卫辉市城郊乡仿古街东二道,259
河南省新乡市卫辉市城郊乡代庄村,65
河南省新乡市卫辉市城郊乡人民路中段,60
河南省新乡市卫辉市城郊乡人民路,57
河南省新乡市卫辉市后河镇后河村,57
河南省新乡市卫辉市后河镇信达电商产业园-A区,1053
河南省新乡市卫辉市上乐村镇上乐一村,53
河南省新乡市卫滨区高村路,89
河南省新乡市卫滨区金穗大道,55
河南省新乡市卫滨区解放路街道平原路,209
河南省新乡市卫滨区解放路街道,55
河南省新乡市卫滨区解放路南段,52
河南省新乡市卫滨区解放路,168
河南省新乡市卫滨区解放大道南,56
河南省新乡市卫滨区解放大道,170
河南省新乡市卫滨区自由路,79
河南省新乡市卫滨区胜利路街道光彩市场B区,81
河南省新乡市卫滨区胜利路街道光彩大市场B区,72
河南省新乡市卫滨区胜利路街道东方文化商业步行街,52
河南省新乡市卫滨区胜利路,54
河南省新乡市卫滨区朱召市场,80
河南省新乡市卫滨区文岩路,64
河南省新乡市卫滨区平原镇李村,57
河南省新乡市卫滨区平原路,363
河南省新乡市卫滨区平原乡水南村,56
河南省新乡市卫滨区南高村,53
河南省新乡市卫滨区化工路,137
河南省新乡市卫滨区劳动南街,81
河南省新乡市卫滨区光彩市场C区,62
河南省新乡市卫滨区光彩市场B区,192
河南省新乡市卫滨区光彩大市场B区,139
河南省新乡市卫滨区健康路街道天隆城,66
河南省新乡市卫滨区健康路街道健康路,85
河南省新乡市卫滨区健康路街道,118
河南省新乡市卫滨区健康路,212
河南省新乡市卫滨区人民路,197
河南省新乡市卫滨区人民西路,126
河南省新乡市卫滨区中同路,58
河南省新乡市卫滨区中同街街道高村路,80
河南省新乡市卫滨区东方文化商业步行街,111
河南省新乡市卫滨区万仙街,58
河南省新乡市凤泉区耿黄乡西鲁堡村,59
河南省新乡市凤泉区耿黄乡耿庄村,70
河南省新乡市凤泉区耿黄乡绿茵河畔,96
河南省新乡市凤泉区耿黄乡区府路,56
河南省新乡市凤泉区耿黄乡东张门村,94
河南省新乡市凤泉区大块镇陈堡村,176
河南省新乡市凤泉区大块镇秀才庄村,134
河南省新乡市凤泉区大块镇秀才庄,58
河南省新乡市凤泉区大块镇小块村,147
河南省新乡市凤泉区大块镇大块村,267
河南省新乡市凤泉区大块镇块村营村,213
河南省新乡市凤泉区大块镇东郭村,53
河南省开封市龙亭区西门大街,105
河南省开封市龙亭区西大街,118
河南省开封市龙亭区文昌后街,63
河南省开封市龙亭区北郊乡王口舌中心街,94
河南省开封市龙亭区北郊乡孙李唐新村,69
河南省开封市龙亭区北书店街,106
河南省开封市龙亭区体育路,78
河南省开封市鼓楼区鼓楼街,241
河南省开封市鼓楼区鼓楼新天地,328
河南省开封市鼓楼区鹁鸽市街,67
河南省开封市鼓楼区鹁鸽市,65
河南省开封市鼓楼区魏都路,70
河南省开封市鼓楼区马道街,63
河南省开封市鼓楼区铁佛寺街,92
河南省开封市鼓楼区迎宾路,99
河南省开封市鼓楼区西门大街,110
河南省开封市鼓楼区西坡北街,51
河南省开封市鼓楼区自由路东段,65
河南省开封市鼓楼区胜利街,104
河南省开封市鼓楼区省府西街,55
河南省开封市鼓楼区省府后街,97
河南省开封市鼓楼区省府前街嘉斯茂二层,64
河南省开封市鼓楼区省府前街,61
河南省开封市鼓楼区相国寺街道鼓楼新天地,74
河南省开封市鼓楼区相国寺街道南书店街,58
河南省开封市鼓楼区生产后街,121
河南省开封市鼓楼区生产前街,79
河南省开封市鼓楼区生产中街,103
河南省开封市鼓楼区熙和府,58
河南省开封市鼓楼区油坊街,134
河南省开封市鼓楼区新天地,189
河南省开封市鼓楼区弓箭西街,80
河南省开封市鼓楼区弓箭街,52
河南省开封市鼓楼区寺后街,106
河南省开封市鼓楼区宝华街,55
河南省开封市鼓楼区大纸坊街,59
河南省开封市鼓楼区复兴南街,109
河南省开封市鼓楼区复兴北街,118
河南省开封市鼓楼区嘉斯茂数码广场,52
河南省开封市鼓楼区商场后街,221
河南省开封市鼓楼区向阳路,130
河南省开封市鼓楼区卧龙街,52
河南省开封市鼓楼区南书店街,262
河南省开封市鼓楼区华堂街,106
河南省开封市鼓楼区仙人庄街道居仙街,101
河南省开封市鼓楼区仙人庄街道中段,105
河南省开封市鼓楼区五一街道魏都路,65
河南省开封市鼓楼区五一街道五一路,102
河南省开封市鼓楼区中山路北段,125
河南省开封市鼓楼区中山路中段,97
河南省开封市鼓楼区万善街,104
河南省开封市鼓楼区丁角街,136
河南省开封市顺河回族区铁塔街道河大西门夜市,71
河南省开封市顺河回族区汴京路,87
河南省开封市顺河回族区汴京大道夜市,114
河南省开封市顺河回族区汴京大道,64
河南省开封市顺河回族区曹门关中街附,58
河南省开封市顺河回族区曹门关中街,73
河南省开封市顺河回族区新宋路,54
河南省开封市顺河回族区宋门东苑夜市,55
河南省开封市顺河回族区劳动路北段,56
河南省开封市顺河回族区劳动路农贸市场,58
河南省开封市顺河回族区公园路,109
河南省开封市通许县邸阁乡邸阁村,100
河南省开封市通许县行政路西段,52
河南省开封市通许县行政路东段,110
河南省开封市通许县竖岗镇竖岗村,218
河南省开封市通许县玉皇庙镇迎宾大道一号张江科技园,184
河南省开封市通许县朱砂镇朱砂街,55
河南省开封市通许县孙营乡南孙营村,72
河南省开封市通许县孙营乡北孙营村,67
河南省开封市通许县城关镇金达商贸城,67
河南省开封市通许县城关镇富民路南段,53
河南省开封市通许县城关镇富民路北段,53
河南省开封市通许县厉庄乡厉庄村,54
河南省开封市豪德贸易广场西区,84
河南省开封市禹王台区繁塔街道东闸口街,61
河南省开封市禹王台区滨河路东段,56
河南省开封市禹王台区新门关街道铁路北沿街,64
河南省开封市禹王台区新门关街,53
河南省开封市禹王台区官坊街道一营房街,58
河南省开封市禹王台区南郊乡芦花岗村,53
河南省开封市禹王台区南郊乡昌升国际商贸城C区,63
河南省开封市禹王台区南郊乡昌升国际商贸城B区,195
河南省开封市禹王台区南郊乡开封宏进农副产品批发市场B区,64
河南省开封市禹王台区南郊乡宏进农副产品批发市场B区,104
河南省开封市禹王台区南郊乡宏进农副产品批发市场B,55
河南省开封市禹王台区南郊乡宏进农副产品批发市场A,70
河南省开封市禹王台区东闸口街,53
河南省开封市祥符区黄龙东街,139
河南省开封市祥符区青年路北段,62
河南省开封市祥符区青年路,127
河南省开封市祥符区青年大道,82
河南省开封市祥符区阿里巴巴电子商务园,145
河南省开封市祥符区贺庄前街,147
河南省开封市祥符区袁楼北街,80
河南省开封市祥符区袁楼前街,108
河南省开封市祥符区袁坊乡袁坊村,139
河南省开封市祥符区科技大道,189
河南省开封市祥符区祥符大道,125
河南省开封市祥符区电子商务产业园北门面房四楼,248
河南省开封市祥符区深圳大道开杞路交叉口南侧数字经济产业园南楼,511
河南省开封市祥符区杨寨村,53
河南省开封市祥符区杜良乡夏都路,114
河南省开封市祥符区曲兴镇商业街,64
河南省开封市祥符区智祥众创电子商务产业园仓配中心北面房一楼,120
河南省开封市祥符区智祥众创电子商务产业园仓配中心北门面房四楼,64
河南省开封市祥符区智祥众创电子商务产业园仓配中心北门面房三楼,66
河南省开封市祥符区新通路,100
河南省开封市祥符区开杞路南侧数字经济产业园雏鹰科技小镇,116
河南省开封市祥符区开元街,161
河南省开封市祥符区家具一条街,59
河南省开封市祥符区宏达大道,108
河南省开封市祥符区园区路,93
河南省开封市祥符区县府西街,137
河南省开封市祥符区县府南街,152
河南省开封市祥符区县府东街,435
河南省开封市祥符区半坡店乡振兴大道,97
河南省开封市祥符区八里湾镇东街,54
河南省开封市祥符区人民路西段,114
河南省开封市祥符区人民路,222
河南省开封市祥符区中学街,204
河南省开封市祥符区东京九里商业街,68
河南省开封市祥符区东京九里,80
河南省开封市祥符区世纪大道,437
河南省开封市祥符区上禾大道,82
河南省开封市示范区豪德贸易广场西区,161
河南省开封市示范区豪德贸易广场东区,71
河南省开封市示范区西郊乡黄河大街北段,117
河南省开封市示范区西郊乡黄河大街,88
河南省开封市示范区西郊乡马市一街,81
河南省开封市示范区西郊乡晋安路,96
河南省开封市示范区西郊乡大梁路,70
河南省开封市示范区西郊乡土城新街,420
河南省开封市示范区西郊乡土城中街,248
河南省开封市示范区西郊乡五大街,52
河南省开封市示范区西郊乡东陈新街,61
河南省开封市示范区西郊乡东陈庄路金丰苑小区,83
河南省开封市示范区西郊乡东陈庄路河大,67
河南省开封市示范区西郊乡万胜路,56
河南省开封市示范区翠园路,62
河南省开封市示范区汉兴路,84
河南省开封市示范区水稻乡开岗路,93
河南省开封市示范区水产品市场(大梁路),111
河南省开封市示范区梁苑街道梁苑工业品市场(大梁路),98
河南省开封市示范区梁苑工业品市场（大梁路）,53
河南省开封市示范区梁苑工业品市场(大梁路),63
河南省开封市示范区杏花营镇榆杏大道,82
河南省开封市示范区晋安路,90
河南省开封市示范区康乐家园,71
河南省开封市示范区宋城路,172
河南省开封市示范区城西街道翠园路,71
河南省开封市示范区城西街道汉兴路,53
河南省开封市示范区城西街道康乐家园,70
河南省开封市示范区土城新街,58
河南省开封市示范区四大街东方今典,160
河南省开封市示范区五大街野厂新村,98
河南省开封市示范区三大街森林半岛,89
河南省开封市示范区三大街新龙御都国际,88
河南省开封市示范区三大街大宏城市广场,99
河南省开封市杞县阳堌镇阳堌南村,67
河南省开封市杞县阳固镇南大街开心超市院内,56
河南省开封市杞县经三路中段东侧(杞县开发区创新创业园A座,54
河南省开封市杞县泥沟乡中泥沟村,85
河南省开封市杞县城郊乡西区经五路大蒜市场,52
河南省开封市杞县城郊乡经五路大蒜市场,91
河南省开封市杞县城郊乡北环路,52
河南省开封市杞县城郊乡,53
河南省开封市杞县城关镇银河路南段,74
河南省开封市杞县城关镇银河路中段,62
河南省开封市杞县城关镇银河路,155
河南省开封市杞县城关镇金城大道西段,58
河南省开封市杞县城关镇金城大道中段,89
河南省开封市杞县城关镇金城大道,389
河南省开封市杞县城关镇西关工业路,62
河南省开封市杞县城关镇西关人民路,62
河南省开封市杞县城关镇西关,100
河南省开封市杞县城关镇特色商业街,70
河南省开封市杞县城关镇文化西街,117
河南省开封市杞县城关镇文化街,82
河南省开封市杞县城关镇振兴街,129
河南省开封市杞县城关镇建设路,143
河南省开封市杞县城关镇工业路,53
河南省开封市杞县城关镇南门大街,54
河南省开封市杞县城关镇南环路,118
河南省开封市杞县城关镇南关大街,173
河南省开封市杞县城关镇北门大街,71
河南省开封市杞县城关镇北关大街,77
河南省开封市杞县城关镇人民路,53
河南省开封市杞县城关镇东环路万商城,57
河南省开封市杞县城关镇东环路,102
河南省开封市杞县城关镇,92
河南省开封市杞县五里河镇豫东商贸城,179
河南省开封市市辖区豪德贸易广场西区,83
河南省开封市尉氏县邢庄乡豫东农贸市场,75
河南省开封市尉氏县蔡庄镇北街村,108
河南省开封市尉氏县永兴镇东街,58
河南省开封市尉氏县水坡镇东水坡村,55
河南省开封市尉氏县朱曲镇西街,60
河南省开封市尉氏县尉东市场,79
河南省开封市尉氏县城关镇铁路北街,83
河南省开封市尉氏县城关镇西关北路,75
河南省开封市尉氏县城关镇西关中路,78
河南省开封市尉氏县城关镇建设路,51
河南省开封市尉氏县城关镇工业路,75
河南省开封市尉氏县城关镇尉东市场,435
河南省开封市尉氏县城关镇三贤路,74
河南省开封市尉氏县南曹乡南曹村,123
河南省开封市尉氏县十八里镇申庄村,59
河南省开封市尉氏县十八里镇十八里村,53
河南省开封市尉氏县人民路西段,53
河南省开封市宋城路,53
河南省开封市兰考县许河乡许河村,62
河南省开封市兰考县许河乡许河大街,57
河南省开封市兰考县裕禄大道,69
河南省开封市兰考县葡萄架乡葡萄架村,87
河南省开封市兰考县考城镇魏花园村四组,53
河南省开封市兰考县考城镇魏花园村,168
河南省开封市兰考县考城镇林河砦村一组,148
河南省开封市兰考县考城镇林河砦一组,75
河南省开封市兰考县考城镇城南村,95
河南省开封市兰考县考城镇南孙庄村三组,75
河南省开封市兰考县考城镇南孙庄村,1088
河南省开封市兰考县考城镇南孙庄,130
河南省开封市兰考县考城镇刘埠口村,405
河南省开封市兰考县红庙镇牌坊村三组,137
河南省开封市兰考县红庙镇牌坊村一组,200
河南省开封市兰考县红庙镇牌坊村,142
河南省开封市兰考县红庙镇北代庄村二组,139
河南省开封市兰考县红庙镇北代庄村一组,51
河南省开封市兰考县桐乡街道新农商港,62
河南省开封市兰考县新发地农产品批发市场,66
河南省开封市兰考县惠安街道永康物流园,65
河南省开封市兰考县小宋镇小宋大道,87
河南省开封市兰考县孟寨乡谭庄村,68
河南省开封市兰考县孟寨乡大力集村,103
河南省开封市兰考县堌阳镇工业园区,59
河南省开封市兰考县兰阳街道车站路,75
河南省开封市兰考县兰阳街道裕禄大道,155
河南省开封市兰考县兰阳街道胜利路,87
河南省开封市兰考县兰阳街道考城路,66
河南省开封市兰考县兰阳街道兰阳路,61
河南省开封市兰考县兰阳街道健康路,116
河南省开封市兰考县兰阳街道人民路,105
河南省开封市兰考县兰阳街道中山路,60
河南省开封市兰考县兰阳街道中山南街,66
河南省开封市兰考县兰阳街道中山北街,125
河南省开封市兰考县兰西夜市无号,66
河南省开封市兰考县人民路,57
河南省开封市兰考县中山北街,84
河南省开封市兰考县三义寨乡张楼村企业发展园区,99
河南省开封市兰考县,85
河南省平顶山市鲁山县磙子营乡磙子营村二组,65
河南省平顶山市鲁山县磙子营乡磙子营村,75
河南省平顶山市高新区神马大道,109
河南省平顶山市高新区开发路与轻工路交叉口西南角恒鑫祥工业园,54
河南省平顶山市高新区建设路东段,120
河南省平顶山市郏县长桥镇豆堂村,52
河南省平顶山市郏县王集乡辛庄村,61
河南省平顶山市郏县李口乡阳关大道,72
河南省平顶山市郏县城关镇文化路东段,69
河南省平顶山市郏县城关镇文化路,61
河南省平顶山市郏县冢头镇西寨村,143
河南省平顶山市郏县冢头镇北街村,52
河南省平顶山市舞钢市龙寓花园,76
河南省平顶山市舞钢市院岭街道龙寓花园,104
河南省平顶山市舞钢市铁山乡中合农发万商汇,101
河南省平顶山市舞钢市铁山乡中合农发,79
河南省平顶山市舞钢市武功乡武功村,73
河南省平顶山市舞钢市武功乡武功南街,62
河南省平顶山市舞钢市枣林乡枣园社区,97
河南省平顶山市舞钢市朱兰陈庄,67
河南省平顶山市舞钢市寺坡街道秀甲中原,72
河南省平顶山市舞钢市寺坡街道湖滨小区,76
河南省平顶山市舞钢市寺坡街道寺坡祥和社区,58
河南省平顶山市舞钢市垭口街道文化路,70
河南省平顶山市舞钢市八台镇八台村,114
河南省平顶山市示范区薛庄街,65
河南省平顶山市石龙区贾岭村东南,117
河南省平顶山市石龙区明德路,98
河南省平顶山市石龙区昌茂大道,56
河南省平顶山市石龙区人民路,74
河南省平顶山市湛河区林溪谷,62
河南省平顶山市湛河区恒大名都,71
河南省平顶山市湛河区姚电大道林溪谷,213
河南省平顶山市湛河区姚电大道恒大名都,472
河南省平顶山市湛河区姚电大道山水华庭,54
河南省平顶山市湛河区姚电大道万和世家,98
河南省平顶山市湛河区姚孟街道林溪谷,102
河南省平顶山市湛河区姚孟街道恒大名都,192
河南省平顶山市湛河区姚孟街道姚孟村,122
河南省平顶山市湛河区南环路街道九龙广场,63
河南省平顶山市湛河区南环路街道中兴路南段汽车站三楼增源物业,60
河南省平顶山市湛河区九里山街道丰叶九里综合市场,53
河南省平顶山市汝州市风穴路街道风穴路,63
河南省平顶山市汝州市风穴路街道营房街,81
河南省平顶山市汝州市风穴路街道建兴街,156
河南省平顶山市汝州市风穴路街道广育路,63
河南省平顶山市汝州市风穴路街道城垣北路,115
河南省平顶山市汝州市风穴路街道城垣中路,121
河南省平顶山市汝州市风穴路街道利民街,53
河南省平顶山市汝州市风穴路街道丹阳中路,126
河南省平顶山市汝州市钟楼街道梁丰路,122
河南省平顶山市汝州市钟楼街道宏翔大道,175
河南省平顶山市汝州市钟楼街道乐达金马建材城,63
河南省平顶山市汝州市钟楼街道丹阳东路,135
河南省平顶山市汝州市钟楼街道中大街,165
河南省平顶山市汝州市钟楼街道东建材市场B,68
河南省平顶山市汝州市钟楼街道东关街,101
河南省平顶山市汝州市煤山街道锦绣路,150
河南省平顶山市汝州市煤山街道洗耳中路,103
河南省平顶山市汝州市煤山街道永安街,107
河南省平顶山市汝州市煤山街道望嵩中路,118
河南省平顶山市汝州市煤山街道府后街,63
河南省平顶山市汝州市煤山街道广育路,59
河南省平顶山市汝州市煤山街道广成西路,108
河南省平顶山市汝州市煤山街道广成中路,70
河南省平顶山市汝州市煤山街道富民一街,55
河南省平顶山市汝州市煤山街道向阳西路,83
河南省平顶山市汝州市煤山街道双拥路,168
河南省平顶山市汝州市煤山街道丹阳中路,94
河南省平顶山市汝州市焦村乡焦村村,232
河南省平顶山市汝州市洗耳河街道望嵩南路,110
河南省平顶山市汝州市洗耳河街道中大街,69
河南省平顶山市汝州市洗耳河街道专业户街,81
河南省平顶山市汝州市建兴街,56
河南省平顶山市汝州市庙下乡龙兴大道西段,56
河南省平顶山市汝州市小屯镇朝川街,64
河南省平顶山市汝州市丹阳中路,56
河南省平顶山市汝州市丹阳东路,70
河南省平顶山市汝州市中大街,59
河南省平顶山市新华区平安大道与四矿口路北西,64
河南省平顶山市宝丰县闹店镇闹店村,82
河南省平顶山市宝丰县石桥镇石桥村,156
河南省平顶山市宝丰县李庄乡杨庄村,62
河南省平顶山市宝丰县城关镇为民路为民小区,61
河南省平顶山市宝丰县周庄镇西商农博园,64
河南省平顶山市叶县辛店镇辛店村,65
河南省平顶山市叶县田庄乡西孙庄村,76
河南省平顶山市叶县田庄乡大牛庄村,126
河南省平顶山市叶县常村乡赵岭村,220
河南省平顶山市卫东区建设路街道建设路碧桂园天玺,117
河南省平顶山市卫东区建设路街道建设路,217
河南省平顶山市卫东区建设路,133
河南省平顶山市卫东区光华路街道建设路,586
河南省平顶山市卫东区光华路街道平安大道辛北村,1000
河南省平顶山市卫东区光华路街道光华路,224
河南省平顶山市卫东区光华街道建设路,274
河南省平顶山市卫东区优越路街道开源路丹尼斯开源路店,76
河南省平顶山市卫东区优越路街道建设路,55
河南省平顶山市卫东区五一路街道新华路北段路东(总库路,70
河南省平顶山市卫东区东工人镇街道雅景湾一楼,294
河南省平顶山市卫东区东工人镇街道申楼办事处焦庄村,543
河南省平舆县阳城镇刘吾村委,53
河南省平舆县射桥镇古塘村委,61
河南省巩义市竹林镇长寿山风情古镇,94
河南省封丘县居厢镇居厢村,59
河南省安阳市龙安区马家乡科泉村,74
河南省安阳市龙安区太行小区街道文明大道西段,52
河南省安阳市龙安区太行小区街道大华金商都,57
河南省安阳市龙安区善应镇北善应村,51
河南省安阳市龙安区先进制造业开发区总部经济港,55
河南省安阳市龙安区中州路熙城都会,77
河南省安阳市龙安区东风乡大华金商都,61
河南省安阳市高新区弦歌大道西段科创大厦众创空间,70
河南省安阳市高新区平原路与弦歌大道交汇处华强新天地,58
河南省安阳市高新区平原路与亚临界路交叉口西南角火炬研发园科研,62
河南省安阳市滑县高平镇齿科大厦,65
河南省安阳市滑县高平镇高平集,156
河南省安阳市滑县高平镇葛村,51
河南省安阳市滑县高平镇牟家村,78
河南省安阳市滑县高平镇河门头村,141
河南省安阳市滑县道口镇三科智慧农商城,90
河南省安阳市滑县道口镇三科农商城,113
河南省安阳市滑县老爷庙乡道桑路,75
河南省安阳市滑县瓦岗寨乡瓦岗村,100
河南省安阳市滑县牛屯镇南街村,62
河南省安阳市滑县牛屯镇东街村,90
河南省安阳市滑县焦虎乡焦北西村,87
河南省安阳市滑县桑村乡桑村集,61
河南省安阳市滑县枣村乡枣村集村,70
河南省安阳市滑县新区梦想城,62
河南省安阳市滑县新区五洲时代广场,61
河南省安阳市滑县新区五洲新时代广场,142
河南省安阳市滑县新区义乌商博城,64
河南省安阳市滑县慈周寨乡慈四村,52
河南省安阳市滑县城关镇野店村,56
河南省安阳市滑县城关镇史固村,97
河南省安阳市汤阴县菜园镇东街村,54
河南省安阳市汤阴县瓦岗乡邶风大道,67
河南省安阳市汤阴县瓦岗乡瓦岗村,64
河南省安阳市汤阴县宜沟镇安阳市新型制造产业园中原路,306
河南省安阳市汤阴县古贤镇新型材料产业园区院内-,178
河南省安阳市汤阴县古贤乡古贤村,59
河南省安阳市汤阴县伏道镇扁鹊特色产品电商园b区,1266
河南省安阳市汤阴县伏道镇扁鹊特色产品电商园E区-,573
河南省安阳市汤阴县伏道镇扁鹊特色产品电商园C区,1035
河南省安阳市汤阴县伏道镇扁鹊特色产品电商园A区,680
河南省安阳市汤阴县伏道镇扁鹊特色产品电商园,741
河南省安阳市汤阴县伏道镇岗阳村,321
河南省安阳市汤阴县伏道镇南阳村,1576
河南省安阳市汤阴县任固镇新天地市场,3876
河南省安阳市汤阴县任固镇人民政府招商办,78
河南省安阳市汤阴县任固镇,64
河南省安阳市殷都区铁西路南段路东,172
河南省安阳市殷都区铁西路北段路东,74
河南省安阳市殷都区纱厂路街道办事处办公楼,57
河南省安阳市殷都区安钢大道西段路南建行商务楼,73
河南省安阳市殷都区中州路中段路东,95
河南省安阳市林州市黄华镇红旗渠大道,253
河南省安阳市林州市黄华镇国家,522
河南省安阳市林州市黄华镇,115
河南省安阳市林州市陵阳镇长德商贸城,115
河南省安阳市林州市陵阳镇致远大道铂丰大厦,75
河南省安阳市林州市采桑镇鲁班街,57
河南省安阳市林州市采桑镇行政街,78
河南省安阳市林州市采桑镇商业街,69
河南省安阳市林州市茶店镇联建经济体,117
河南省安阳市林州市红旗渠经济技术开发区创新创业园现代服务业大厦Y,161
河南省安阳市林州市红旗渠大道西段红旗渠经济技术开发区创新创业园现代服务业大厦Y,76
河南省安阳市林州市红旗渠大道东段建筑业总部大厦A座K,84
河南省安阳市林州市红旗渠大道,152
河南省安阳市林州市石板岩镇圣相北路,220
河南省安阳市林州市石板岩圣相北路,104
河南省安阳市林州市河顺镇行政路,85
河南省安阳市林州市横水镇中心大街,59
河南省安阳市林州市桂林镇政府路,100
河南省安阳市林州市桂林镇人民政府现代服务业中心,253
河南省安阳市林州市振林街道龙山中路,55
河南省安阳市林州市开元街道义乌商贸城,99
河南省安阳市林州市建筑总部大厦A座L,64
河南省安阳市林州市建筑大厦A座R,89
河南省安阳市林州市姚村镇定角村,53
河南省安阳市林州市国家,507
河南省安阳市林州市合涧镇昌平路,89
河南省安阳市林州市任村镇现代服务业基地Q,114
河南省安阳市林州市任村镇现代服务业基地,51
河南省安阳市林州市东岗镇科技产业园Z,126
河南省安阳市林州市东岗镇科技产业园L,146
河南省安阳市林州市东岗镇科技产业园K,71
河南省安阳市林州市东岗镇科技产业园G,210
河南省安阳市林州市东岗镇科技产业园C,60
河南省安阳市林州市东岗镇科技产业园B,180
河南省安阳市林州市东岗镇信息化产业园B,52
河南省安阳市林州市东岗镇产业园区创新大厦C,94
河南省安阳市林州市东岗镇产业园区创新大厦,78
河南省安阳市林州市东姚镇现代服务业服务中心M区,59
河南省安阳市林州市东姚镇建筑业服务中心,55
河南省安阳市林州市东姚镇东姚路北段,52
河南省安阳市林州市东姚镇东姚路,149
河南省安阳市林州市,424
河南省安阳市文峰区彰德路与文峰大道交叉口西南角凯旋大厦,68
河南省安阳市文峰区宝莲寺镇黎元,61
河南省安阳市文峰区宝莲寺镇郭村集,101
河南省安阳市文峰区中华路街道碧桂园天汇,69
河南省安阳市文峰区中华路街道吾悦广场邺熙里S,81
河南省安阳市文峰区中华路与明福街交叉口东南角碧桂园天汇,86
河南省安阳市安阳县高庄镇高庄村,59
河南省安阳市安阳县高庄镇朱家营村,75
河南省安阳市安阳县韩陵镇韩陵大道,280
河南省安阳市安阳县辛村镇辛村集,53
河南省安阳市安阳县白璧镇梁固村,59
河南省安阳市安阳县瓦店乡瓦店集村,67
河南省安阳市安阳县瓦店乡商品街,316
河南省安阳市安阳县永和镇永兴路,66
河南省安阳市安阳县崔家桥镇永康大道,131
河南省安阳市安阳县北郭乡东市场,242
河南省安阳市北关区豆腐营街道佰客商贸,60
河南省安阳市北关区灯塔路街道人民大道,59
河南省安阳市北关区柏庄镇韩庄村,55
河南省安阳市北关区柏庄镇国秀市场,117
河南省安阳市北关区柏庄镇万雅商贸城一期,87
河南省安阳市北关区柏庄镇万雅商贸城B,54
河南省安阳市北关区柏庄镇,72
河南省安阳市北关区彰德路,54
河南省安阳市北关区安漳大道东段,58
河南省安阳市北关区,66
河南省安阳市内黄县马上乡北井新城,62
河南省安阳市内黄县马上乡万洋国际广场,70
河南省安阳市内黄县豆公乡东街村,73
河南省安阳市内黄县楚旺镇工贸园区,52
河南省安阳市内黄县果蔬城A,68
河南省安阳市内黄县宋村乡工贸园区,134
河南省安阳市内黄县六村乡穆六村,98
河南省安阳市内黄县六村乡工业园区,112
河南省安阳市内黄县亳城乡西亳城村,145
河南省安阳市内黄县井店镇南街村,130
河南省安阳市内黄县井店镇北街村,67
河南省安阳市内黄县中召乡南街村,75
河南省固始县郭陆滩镇街道,63
河南省固始县赵岗乡街道,62
河南省固始县南大桥乡街道,74
河南省商丘市虞城县镇里堌乡花园集,54
河南省商丘市虞城县谷熟镇南头村,52
河南省商丘市虞城县谷熟镇北头村,74
河南省商丘市虞城县谷熟镇中街村,59
河南省商丘市虞城县张集镇大街,95
河南省商丘市虞城县大杨集镇范庄,88
河南省商丘市虞城县大杨集镇碱地,90
河南省商丘市虞城县大杨集镇楚庄,105
河南省商丘市虞城县大杨集镇杨集村,133
河南省商丘市虞城县大杨集镇刘楼村,62
河南省商丘市虞城县大杨集镇刘李庙,88
河南省商丘市虞城县城关镇大同路西段南侧,51
河南省商丘市虞城县城关镇大同路东段北侧,56
河南省商丘市虞城县刘集乡大街,57
河南省商丘市虞城县刘店乡刘楼村,54
河南省商丘市虞城县刘店乡刘店村,69
河南省商丘市虞城县乔集乡大街,84
河南省商丘市示范区平安街道,381
河南省商丘市示范区平安办事处董庄村,88
河南省商丘市示范区平安办事处张八庄,83
河南省商丘市示范区平台街道和贵社区,65
河南省商丘市示范区平台街道和合社区,55
河南省商丘市示范区商鼎路,60
河南省商丘市示范区,83
河南省商丘市睢阳区闫集乡,51
河南省商丘市睢阳区新城办事处长江社区,62
河南省商丘市睢阳区新城办事处新城国际,83
河南省商丘市睢阳区新城办事处新华社区,96
河南省商丘市睢阳区新城办事处夏营村,62
河南省商丘市睢阳区归德路与连霍高速交叉口南,252
河南省商丘市睢阳区宋集镇北街,73
河南省商丘市睢阳区宋集镇,61
河南省商丘市睢阳区坞墙镇,64
河南省商丘市睢阳区坞墙乡,54
河南省商丘市睢阳区古城办事处中山大街,73
河南省商丘市睢阳区东方办事处宁陈市场内,72
河南省商丘市睢阳区东方办事处,51
河南省商丘市睢阳区,123
河南省商丘市睢县董店乡董西村,68
河南省商丘市睢县董店乡皇台电商街,674
河南省商丘市睢县董店乡工业园区,2735
河南省商丘市睢县董店乡南苑社区,66
河南省商丘市睢县河集乡许庄村,58
河南省商丘市睢县河集乡王楼村,78
河南省商丘市睢县河集乡李桥村,74
河南省商丘市睢县河集乡朱桥村,66
河南省商丘市睢县河集乡崔黄村,58
河南省商丘市睢县河集乡小郭村,69
河南省商丘市睢县河集乡大郭村,57
河南省商丘市睢县河集乡吴庄村,117
河南省商丘市睢县河堤乡河西村,51
河南省商丘市睢县河堤乡河南村,57
河南省商丘市睢县孙聚寨乡福源社区,53
河南省商丘市睢县城关镇富民路,51
河南省商丘市永城市雪枫街道雪枫南路,51
河南省商丘市永城市雪枫街道铁北西路,57
河南省商丘市永城市雪枫街道豫东西路,68
河南省商丘市永城市雪枫街道明珠西路,52
河南省商丘市永城市雪枫街道文昌街,66
河南省商丘市永城市薛湖镇薛滦新城,70
河南省商丘市永城市东城区百花一区,56
河南省商丘市民权县龙塘镇龙东新区,76
河南省商丘市民权县老颜集乡和谐大街,75
河南省商丘市民权县程庄镇江淹大道西段路南,89
河南省商丘市民权县程庄镇江淹大道中段路南,67
河南省商丘市民权县程庄镇江淹大道东段路南,57
河南省商丘市民权县程庄镇李堂村,61
河南省商丘市民权县白云寺镇尹西村,51
河南省商丘市民权县新农汇农贸城,81
河南省商丘市民权县北关镇东村,68
河南省商丘市民权县冰熊大道,57
河南省商丘市民权县人和镇,259
河南省商丘市梁园区高铁商业市场甲区,104
河南省商丘市梁园区高铁商业市场乙区,59
河南省商丘市梁园区陇海街道办事处清新路康城花园农贸市场南门,68
河南省商丘市梁园区谢集镇,139
河南省商丘市梁园区解放街道中州世贸,109
河南省商丘市梁园区白云街道哈森路与安东街交叉口北,59
河南省商丘市梁园区白云街道中州路与团结路交叉口南,129
河南省商丘市梁园区王楼乡西街,68
河南省商丘市梁园区水池铺乡水池铺村,128
河南省商丘市梁园区李庄乡邓斌口村,77
河南省商丘市梁园区李庄乡毕大庄村,68
河南省商丘市梁园区建设路高铁商业市场甲区,101
河南省商丘市梁园区平原街道桂林路,79
河南省商丘市梁园区平原街道文化路方庄,60
河南省商丘市梁园区双八镇王店村,121
河南省商丘市梁园区前进街道梁园市场,127
河南省商丘市梁园区,110
河南省商丘市柘城县邵元乡工业路,95
河南省商丘市柘城县邵元乡学府大道,61
河南省商丘市柘城县邵元乡团结路,59
河南省商丘市柘城县邵元乡双河路,185
河南省商丘市柘城县邵元乡中原西路,93
河南省商丘市柘城县邵元乡中华商业街,63
河南省商丘市柘城县梁庄乡上海中路,51
河南省商丘市柘城县安平镇南街,58
河南省商丘市柘城县城关镇黄山路,200
河南省商丘市柘城县城关镇黄山小区,84
河南省商丘市柘城县城关镇黄山北路,57
河南省商丘市柘城县城关镇长青路,162
河南省商丘市柘城县城关镇谷水西路,135
河南省商丘市柘城县城关镇科技巷,85
河南省商丘市柘城县城关镇海宁路,125
河南省商丘市柘城县城关镇汇泉大街,53
河南省商丘市柘城县城关镇民主路,95
河南省商丘市柘城县城关镇民主大街,52
河南省商丘市柘城县城关镇步行街,82
河南省商丘市柘城县城关镇正大旺街,82
河南省商丘市柘城县城关镇未来大道,135
河南省商丘市柘城县城关镇春水路,96
河南省商丘市柘城县城关镇春水西路,57
河南省商丘市柘城县城关镇春水东路,79
河南省商丘市柘城县城关镇昆仑大道,113
河南省商丘市柘城县城关镇康乐街,213
河南省商丘市柘城县城关镇平等路,94
河南省商丘市柘城县城关镇和谐大街,169
河南省商丘市柘城县城关镇和平南街,217
河南省商丘市柘城县城关镇和平北街,75
河南省商丘市柘城县城关镇华景路,255
河南省商丘市柘城县城关镇北关大街,211
河南省商丘市柘城县城关镇兴华道,93
河南省商丘市柘城县城关镇兴中道,158
河南省商丘市柘城县城关镇中原路,123
河南省商丘市柘城县城关镇中原西路,241
河南省商丘市柘城县城关镇中原大街,145
河南省商丘市宁陵县永乐北路科创电商产业园一楼,68
河南省商丘市宁陵县城郊乡葛天商贸港,54
河南省商丘市宁陵县城郊乡胡二庄,186
河南省商丘市宁陵县城郊乡胡三庄,288
河南省商丘市宁陵县城郊乡段庄,287
河南省商丘市宁陵县城郊乡李庄,166
河南省商丘市宁陵县城郊乡李大庄,393
河南省商丘市宁陵县城郊乡李七庄,161
河南省商丘市宁陵县城郊乡徐大庄,214
河南省商丘市宁陵县城郊乡孟楼,202
河南省商丘市宁陵县城郊乡吕庄,278
河南省商丘市宁陵县城郊乡十里铺,327
河南省商丘市宁陵县城郊乡刘油坊,174
河南省商丘市宁陵县城郊乡乔九庄,167
河南省商丘市宁陵县城关镇黄河路,123
河南省商丘市宁陵县城关镇黄山路,189
河南省商丘市宁陵县城关镇骊山路,1152
河南省商丘市宁陵县城关镇长江路,1605
河南省商丘市宁陵县城关镇迎宾大道,57
河南省商丘市宁陵县城关镇豫东建材大市场,55
河南省商丘市宁陵县城关镇珠江路,1640
河南省商丘市宁陵县城关镇泰山路,316
河南省商丘市宁陵县城关镇永乐路,71
河南省商丘市宁陵县城关镇永乐南路,107
河南省商丘市宁陵县城关镇永乐北路,1510
河南省商丘市宁陵县城关镇新吾南路,71
河南省商丘市宁陵县城关镇新吾北路,834
河南省商丘市宁陵县城关镇张弓北路,540
河南省商丘市宁陵县城关镇建设路,91
河南省商丘市宁陵县城关镇建设西路,584
河南省商丘市宁陵县城关镇建设东路,179
河南省商丘市宁陵县城关镇崇文路,129
河南省商丘市宁陵县城关镇宁陵县西湖商城电商园,121
河南省商丘市宁陵县城关镇太行路,316
河南省商丘市宁陵县城关镇华山西路,54
河南省商丘市宁陵县城关镇信陵西路,193
河南省商丘市宁陵县城关镇信陵东路,83
河南省商丘市宁陵县城关镇人民路,382
河南省商丘市宁陵县城关镇人民东路,864
河南省商丘市宁陵县城关镇万寿路,175
河南省商丘市夏邑县车站镇文化路中段路南,54
河南省商丘市夏邑县车站镇文化路中段路北,62
河南省商丘市夏邑县车站镇文化路中段,78
河南省商丘市夏邑县车站镇文化路,94
河南省商丘市夏邑县歧河乡工业园区,85
河南省商丘市夏邑县杨集镇许楼村,90
河南省商丘市夏邑县杨集镇王庄村,76
河南省商丘市夏邑县杨集镇杨楼村,99
河南省商丘市夏邑县杨集镇李庄村,59
河南省商丘市夏邑县杨集镇商业街中段路东,55
河南省商丘市夏邑县杨集镇单庄村,86
河南省商丘市夏邑县曹集乡栗城南路,58
河南省商丘市夏邑县城关镇孔祖大道北段,67
河南省商丘市夏邑县城关镇大同路,56
河南省商丘市夏邑县城关镇中原商贸港,119
河南省商丘市城乡一体化示范区民欣街道建业总部港,83
河南省商丘市城乡一体化示范区民欣街道万达广场,65
河南省唐河县源潭镇源中街,68
河南省唐河县桐河乡桐河街,70
河南省唐河县桐寨铺镇桐寨铺街,103
河南省唐河县大河屯镇大河屯街,59
河南省周口市黄淮市场东区,132
河南省周口市黄淮市场,415
河南省周口市鹿邑县鸣鹿街道办事处上清湖,76
河南省周口市鹿邑县谷阳路,63
河南省周口市鹿邑县紫气大道西段,78
河南省周口市鹿邑县真源大道南段,92
河南省周口市鹿邑县真源大道北段,95
河南省周口市鹿邑县真源办事处芙蓉街中段,81
河南省周口市鹿邑县真源办事处县府北街,89
河南省周口市鹿邑县真源办事处仙台路中段,78
河南省周口市鹿邑县玄武镇人民路南段路西,60
河南省周口市鹿邑县玄武镇人民路,102
河南省周口市鹿邑县武平路,70
河南省周口市鹿邑县栾台路南段,58
河南省周口市鹿邑县栾台路北段,54
河南省周口市鹿邑县太清宫镇商贸城,65
河南省周口市鹿邑县城关镇真源大道,73
河南省周口市鹿邑县卫真路东段,74
河南省周口市鹿邑县卫真街道办事处博德路东段,53
河南省周口市鹿邑县卫真办事处博德路东段,82
河南省周口市鹿邑县博德路东段,86
河南省周口市鹿邑县博德路,60
河南省周口市鹿邑县健康街,58
河南省周口市鹿邑县伯阳路综合农贸城,61
河南省周口市鹿邑县五河风情街,103
河南省周口市鹿邑县中棉建材城,53
河南省周口市顺和家园,85
河南省周口市项城市迎宾大道睿智新天地,407
河南省周口市项城市湖滨路欧蓓莎商城,129
河南省周口市项城市湖滨路欧蓓莎二期,75
河南省周口市项城市湖滨路欧蓓莎一期,58
河南省周口市项城市湖滨路欧蓓莎,173
河南省周口市项城市湖滨路天安世家,77
河南省周口市项城市李寨镇南商贸城,56
河南省周口市项城市数字电商产业园L-,286
河南省周口市项城市数字电商产业园A-,8670
河南省周口市项城市天安大道市民之家,54
河南省周口市项城市天安大道与湖滨路交叉口西北市民之家,76
河南省周口市项城市南顿镇南顿村,64
河南省周口市项城市光武迎宾大道睿智新天地,56
河南省周口市项城市光武街道数字电商产业园L-,276
河南省周口市项城市光武街道数字电商产业园A-,3404
河南省周口市项城市光武大道与祥盛路交叉口北,56
河南省周口市郸城县金丹大道,51
河南省周口市郸城县胡庄,60
河南省周口市郸城县白马镇高拔庄村,59
河南省周口市郸城县白马镇高庄村,69
河南省周口市郸城县白马镇竹园村,67
河南省周口市郸城县白马镇白马村,57
河南省周口市郸城县白马镇张小店,78
河南省周口市郸城县白马镇南郭庄,73
河南省周口市郸城县白马镇南刘庄,107
河南省周口市郸城县白马镇刘措庄,71
河南省周口市郸城县白马镇刘庄,207
河南省周口市郸城县汲水镇王庄村,113
河南省周口市郸城县汲水乡刘小集村,67
河南省周口市郸城县汲冢镇鲁庄村,57
河南省周口市郸城县汲冢镇孙庄村,83
河南省周口市郸城县汲冢镇何庄村,67
河南省周口市郸城县汲冢镇丁庄村,55
河南省周口市郸城县李庄,196
河南省周口市郸城县未来大道,52
河南省周口市郸城县支农路北段,60
河南省周口市郸城县张完乡黄庄村,269
河南省周口市郸城县张完乡棉集村,109
河南省周口市郸城县张完乡李小集村,116
河南省周口市郸城县张完乡小张庄村,112
河南省周口市郸城县张完乡孙庄村,102
河南省周口市郸城县张完乡前庙村,92
河南省周口市郸城县张完乡刘彦桥村,61
河南省周口市郸城县张完乡付庄村,247
河南省周口市郸城县张完乡中王庄村,122
河南省周口市郸城县宁平镇陈庄村,65
河南省周口市郸城县宁平镇白水,70
河南省周口市郸城县宁平镇王寨村,59
河南省周口市郸城县城关镇金丹大道,70
河南省周口市郸城县城关镇科技大道,152
河南省周口市郸城县城关镇新华路,134
河南省周口市郸城县城关镇支农路,85
河南省周口市郸城县城关镇人民路,173
河南省周口市郸城县城关镇东明路,71
河南省周口市郸城县万洋魅力广场,81
河南省周口市郸城县,498
河南省周口市西华县长平路西段路北,54
河南省周口市西华县长平路东段路南,52
河南省周口市西华县逍遥路上亿民国风情城,184
河南省周口市西华县迟营乡人和路,84
河南省周口市西华县西夏亭镇黄槐路,103
河南省周口市西华县昆山街道中华路北段路西钧鼎公司院内,54
河南省周口市莲花路麒麟建材城,60
河南省周口市莲花路与工农路交叉口南,68
河南省周口市淮阳区陈风路,226
河南省周口市淮阳区葛店乡葛店村,106
河南省周口市淮阳区育德路,57
河南省周口市淮阳区淮周路,56
河南省周口市淮阳区明信路,84
河南省周口市淮阳区明仁路,72
河南省周口市淮阳区明义路,51
河南省周口市淮阳区新站镇新站村,72
河南省周口市淮阳区安岭镇安岭村,59
河南省周口市淮阳区城关回族镇龙都大道北段,51
河南省周口市淮阳区城关回族镇陈风路,51
河南省周口市淮阳区城关回族镇醒众街,66
河南省周口市淮阳区城关回族镇育德路,58
河南省周口市淮阳区城关回族镇淮周路,51
河南省周口市淮阳区城关回族镇明信路,56
河南省周口市淮阳区城关回族镇明仁路,75
河南省周口市淮阳区城关回族镇新华大街,160
河南省周口市淮阳区城关回族镇建业百城天地S,83
河南省周口市淮阳区城关回族镇广商梦幻城,51
河南省周口市淮阳区城关回族镇太昊陵商业街,105
河南省周口市淮阳区城关回族镇大同街,138
河南省周口市淮阳区城关回族镇商城东路,103
河南省周口市沈丘县槐店回族镇颖河大道,54
河南省周口市沈丘县槐店回族镇颍河大道,70
河南省周口市沈丘县槐店回族镇颍水路书香苑,1071
河南省周口市沈丘县槐店回族镇长春路,52
河南省周口市沈丘县槐店回族镇长安西路,137
河南省周口市沈丘县槐店回族镇长安中路,120
河南省周口市沈丘县槐店回族镇泰安路与工业路交叉口中央华府,569
河南省周口市沈丘县槐店回族镇泊龙湾小区二号楼二单元,83
河南省周口市沈丘县槐店回族镇泊龙湾小区三号楼五单元,168
河南省周口市沈丘县槐店回族镇泊龙湾小区三号楼二单元,115
河南省周口市沈丘县槐店回族镇泊龙湾小区一号楼四单元,488
河南省周口市沈丘县槐店回族镇泊龙湾小区一号楼五单元,484
河南省周口市沈丘县槐店回族镇泊龙湾小区一号楼二单元,72
河南省周口市沈丘县槐店回族镇泊龙湾小区一号楼三单元,1145
河南省周口市沈丘县槐店回族镇泊龙湾小区一号楼一单元,82
河南省周口市沈丘县槐店回族镇新华北街,61
河南省周口市沈丘县槐店回族镇吉祥路,87
河南省周口市沈丘县槐店回族镇吉祥东路,58
河南省周口市沈丘县槐店回族镇兆丰大道,112
河南省周口市沈丘县槐店回族镇人民大道和永安路交叉路口南,125
河南省周口市沈丘县槐店回族镇交通东路,80
河南省周口市沈丘县槐店回族镇中宝家纺公寓二栋五单元,824
河南省周口市沈丘县槐店回族镇中宝家纺公寓三栋五单元,55
河南省周口市沈丘县槐店回族镇中宝家纺公寓三栋,126
河南省周口市沈丘县槐店回族镇中宝家纺公寓一栋四单元,87
河南省周口市沈丘县槐店回族镇中宝家纺公寓一栋八单元,587
河南省周口市沈丘县槐店回族镇中宝家纺公寓一栋五单元,447
河南省周口市沈丘县槐店回族镇中宝家纺公寓一栋三单元,358
河南省周口市沈丘县槐店回族镇中宝家纺公寓一栋一单元,81
河南省周口市沈丘县冯营乡文昌大道,83
河南省周口市沈丘县东城上亿国际中心,79
河南省周口市沈丘县,124
河南省周口市文昌大道东段,62
河南省周口市扶沟县迎宾大道,55
河南省周口市扶沟县桐丘南路,56
河南省周口市扶沟县文化西路,111
河南省周口市扶沟县文化东路,187
河南省周口市扶沟县城关镇花园南路,68
河南省周口市扶沟县城关镇新华路,73
河南省周口市扶沟县城关镇东大桥路,64
河南省周口市扶沟县农贸城,77
河南省周口市开元路中兴新业港,7038
河南省周口市开元大道青网科技园,131
河南省周口市开元大道东段中兴产业园,88
河南省周口市开元大道与五一路交叉口西,96
河南省周口市开元大道,91
河南省周口市市辖区莲花路西段龙润小区,65
河南省周口市市辖区莲花路西段维也纳公园,107
河南省周口市市辖区莲花路东段万达熙龙湾,52
河南省周口市市辖区莲花路与育才路交叉口南,126
河南省周口市市辖区莲花路与汉阳南路交叉口南,144
河南省周口市市辖区莲花路与建材路交叉口南,89
河南省周口市市辖区莲花路与工农路交叉口南,161
河南省周口市市辖区莲花路与中州大道交叉口南,60
河南省周口市市辖区汉阳南路与莲花路交叉口东,70
河南省周口市市辖区开元大道与工农路交叉口南,86
河南省周口市市辖区开元大道与八一路交叉口北,57
河南省周口市市辖区太昊路西段诚德华府,96
河南省周口市市辖区太昊路西段星龙华缘,55
河南省周口市市辖区太昊路西段升禾宽世界小区,83
河南省周口市市辖区太昊路东段大兴第一城,94
河南省周口市市辖区太昊路与工农路交叉口紫荆城,55
河南省周口市市辖区太昊路与工农路交叉口北,61
河南省周口市市辖区太昊路与五一路交叉口东来尚城,80
河南省周口市市辖区周商路与莲花路交叉口,60
河南省周口市市辖区八一路铁道家园,52
河南省周口市市辖区八一路南段汇林绿洲,53
河南省周口市市辖区八一路与莲花路交叉口南,60
河南省周口市川汇区西杨庄,60
河南省周口市川汇区西大街中央花园,84
河南省周口市川汇区西大街,69
河南省周口市川汇区蔬菜乡闫庄村,60
河南省周口市川汇区汉阳路滨江国际,60
河南省周口市川汇区大庆路北段中原国际商贸城A,60
河南省周口市川汇区和平街,71
河南省周口市川汇区南郊乡王响午村,51
河南省周口市川汇区南郊乡李庄村,90
河南省周口市川汇区南郊乡后王营村,393
河南省周口市川汇区南郊乡后李庄村,108
河南省周口市川汇区南郊乡前李庄村,94
河南省周口市川汇区南郊乡中村,106
河南省周口市川汇区华耀城美食街,64
河南省周口市川汇区华耀城F区,548
河南省周口市川汇区华耀城C区,504
河南省周口市川汇区华耀城B区,658
河南省周口市川汇区华耀城B,63
河南省周口市川汇区华耀城A区,749
河南省周口市川汇区八一路与交通路交叉口百盛国际,89
河南省周口市川汇区交通路与长青街交叉口向北,54
河南省周口市川汇区中州路关帝上城,55
河南省周口市川汇区中原国际商贸城B,64
河南省周口市川汇区中原国际商贸城A,87
河南省周口市川汇区七一西路,150
河南省周口市太昊路东段大兴第一城,76
河南省周口市太康县高贤乡高贤街,326
河南省周口市太康县高贤乡聚贤新区,52
河南省周口市太康县马头镇马西村,57
河南省周口市太康县马头镇开发区,64
河南省周口市太康县马头镇商业街,139
河南省周口市太康县马头镇后坡村,62
河南省周口市太康县马头镇前坡村,65
河南省周口市太康县马厂镇马厂开发区,57
河南省周口市太康县马厂镇马厂南街,121
河南省周口市太康县马厂镇王老家村,83
河南省周口市太康县马厂镇开发区,89
河南省周口市太康县逊母口镇逊东街,53
河南省周口市太康县逊母口镇北街,159
河南省周口市太康县逊母口镇北,78
河南省周口市太康县逊母口镇东街南,56
河南省周口市太康县逊母口镇东街,98
河南省周口市太康县转楼镇,75
河南省周口市太康县转楼乡,86
河南省周口市太康县芝麻洼乡平安大道,64
河南省周口市太康县芝麻洼乡富民路,65
河南省周口市太康县芝麻洼乡太康县芝麻洼,130
河南省周口市太康县老冢镇西街,210
河南省周口市太康县老冢镇西村,94
河南省周口市太康县老冢镇电子产业园,55
河南省周口市太康县老冢镇李凤村,57
河南省周口市太康县老冢镇开发区,137
河南省周口市太康县老冢镇南街,115
河南省周口市太康县老冢镇北街,115
河南省周口市太康县老冢镇北村,59
河南省周口市太康县老冢镇东街,61
河南省周口市太康县老冢镇东村,88
河南省周口市太康县纬一路,151
河南省周口市太康县符草楼镇符西村,69
河南省周口市太康县符草楼镇符西,76
河南省周口市太康县符草楼镇符东村,70
河南省周口市太康县符草楼镇符东,58
河南省周口市太康县电商产业园,629
河南省周口市太康县王集乡王西村,54
河南省周口市太康县王集乡王东村,68
河南省周口市太康县独塘乡十里铺村,52
河南省周口市太康县淮河路润泰纺织厂,301
河南省周口市太康县淮河路,314
河南省周口市太康县毛庄镇黄河路,64
河南省周口市太康县毛庄镇锦绣银城,69
河南省周口市太康县毛庄镇返乡创业园,356
河南省周口市太康县毛庄镇迎宾路,166
河南省周口市太康县毛庄镇绿地紫台,153
河南省周口市太康县毛庄镇绿地上境,123
河南省周口市太康县毛庄镇纬一路,129
河南省周口市太康县毛庄镇电子产业园,76
河南省周口市太康县毛庄镇淮河路,89
河南省周口市太康县毛庄镇毛庄镇未来路南段,84
河南省周口市太康县毛庄镇未来路合发利创业园,73
河南省周口市太康县毛庄镇未来路南段,85
河南省周口市太康县毛庄镇未来华府,85
河南省周口市太康县毛庄镇支农路西段,60
河南省周口市太康县毛庄镇建业城南院,270
河南省周口市太康县毛庄镇广场西路,57
河南省周口市太康县毛庄镇太康电子商务公共服务中心,96
河南省周口市太康县毛庄镇太康县毛庄镇返乡创业园,236
河南省周口市太康县毛庄镇太康县万城商贸集聚港,274
河南省周口市太康县毛庄镇大刘庄,237
河南省周口市太康县毛庄镇合发利创业园区,162
河南省周口市太康县毛庄镇万达金麟府,197
河南省周口市太康县毛庄镇万城嘉年华广场,67
河南省周口市太康县毛庄镇万城嘉年华三期,237
河南省周口市太康县毛庄镇万城嘉年华,283
河南省周口市太康县毛庄镇万城商贸二期,80
河南省周口市太康县毛庄镇万城商贸,644
河南省周口市太康县毛庄镇万城,162
河南省周口市太康县板桥镇板桥南街,81
河南省周口市太康县板桥镇南街,166
河南省周口市太康县板桥镇北街,79
河南省周口市太康县板桥镇东街,51
河南省周口市太康县杨庙乡西街,182
河南省周口市太康县杨庙乡南街,69
河南省周口市太康县朱口镇西街,192
河南省周口市太康县朱口镇朱口西街,51
河南省周口市太康县朱口镇和谐花园,74
河南省周口市太康县常营镇东街,62
河南省周口市太康县太康县毛庄镇返乡创业园,65
河南省周口市太康县大许寨乡南街路西,53
河南省周口市太康县大许寨乡北街路西,133
河南省周口市太康县大许寨乡北街路东,82
河南省周口市太康县城关回族镇银城路北段,64
河南省周口市太康县城关回族镇迎宾路,74
河南省周口市太康县城关回族镇财鑫路南段,52
河南省周口市太康县城关回族镇财鑫路北段,89
河南省周口市太康县城关回族镇谢安路中段,63
河南省周口市太康县城关回族镇支农路西段,78
河南省周口市太康县城关回族镇支农路中段,120
河南省周口市太康县城关回族镇支农路东段,103
河南省周口市太康县城关回族镇德银商城,107
河南省周口市太康县城关回族镇建设路南段,93
河南省周口市太康县城关回族镇建设路北段,85
河南省周口市太康县城关回族镇商贸大世界,82
河南省周口市太康县城关回族镇光明路南段,105
河南省周口市太康县城关回族镇光明路北段,55
河南省周口市太康县城关回族镇交通路,71
河南省周口市太康县城关回族镇万鹤赉,187
河南省周口市太康县五里口乡五东村,91
河南省周口市太康县万城嘉年华,167
河南省周口市太康县万城商贸,161
河南省周口市城乡一体化示范区天山路大数据产业园,130
河南省周口市商水县魏集镇魏集市场,99
河南省周口市商水县郝岗乡开元西路,55
河南省周口市商水县郝岗乡市场,195
河南省周口市商水县邓城镇市场,65
河南省周口市商水县谭庄镇综合市场,86
河南省周口市商水县谭庄镇湾子村,106
河南省周口市商水县谭庄镇市场,424
河南省周口市商水县谭庄镇,71
河南省周口市商水县舒庄乡市场,117
河南省周口市商水县胡吉镇蒋桥工贸区,105
河南省周口市商水县汤庄乡汤庄市场,81
河南省周口市商水县新城区行政路西段,52
河南省周口市商水县新城区融辉城A,59
河南省周口市商水县新城区健康路西段,55
河南省周口市商水县张明乡西张明村,52
河南省周口市商水县张明乡市场,242
河南省周口市商水县张庄乡李寨市场,57
河南省周口市商水县张庄乡张庄市场,89
河南省周口市商水县平店乡平店市场,61
河南省周口市商水县巴村镇巴南市场,154
河南省周口市商水县姚集乡金华街,55
河南省周口市商水县大武乡大武市场,56
河南省周口市商水县商宁路中段电商产业园E-,67
河南省周口市商水县商宁路中段电商产业园D-,2764
河南省周口市商水县商宁路中段电商产业园CB-,60
河南省周口市商水县商宁路中段电商产业园A-,11241
河南省周口市八一路汇林绿洲,64
河南省周口市八一路南段汇林绿洲,70
河南省周口市中原路与太昊路交叉口南,84
河南省台前县马楼镇配件市场（流动）,305
河南省台前县马楼镇配件市场(流动),146
河南省南阳市高新区北建材市场,71
河南省南阳市长江路,75
河南省南阳市镇平县贾宋镇闵河村,116
河南省南阳市镇平县贾宋镇车站路南段,52
河南省南阳市镇平县贾宋镇车站路,188
河南省南阳市镇平县贾宋镇车站南路,219
河南省南阳市镇平县贾宋镇车站北路,99
河南省南阳市镇平县贾宋镇赵营村,140
河南省南阳市镇平县贾宋镇苇子坑村,68
河南省南阳市镇平县贾宋镇民族西街,57
河南省南阳市镇平县贾宋镇桥北村,93
河南省南阳市镇平县贾宋镇府佑路,114
河南省南阳市镇平县贾宋镇华星市场,125
河南省南阳市镇平县贾宋镇下户杨村,58
河南省南阳市镇平县石佛寺镇龙翔路,228
河南省南阳市镇平县石佛寺镇魏湾村,273
河南省南阳市镇平县石佛寺镇马洼村,86
河南省南阳市镇平县石佛寺镇贺营村,92
河南省南阳市镇平县石佛寺镇贺庄村,268
河南省南阳市镇平县石佛寺镇老毕庄村,100
河南省南阳市镇平县石佛寺镇老毕庄新村,92
河南省南阳市镇平县石佛寺镇石佛寺村,150
河南省南阳市镇平县石佛寺镇真玉天地,150
河南省南阳市镇平县石佛寺镇田家巷,60
河南省南阳市镇平县石佛寺镇玉雕湾商贸城,948
河南省南阳市镇平县石佛寺镇玉博路,149
河南省南阳市镇平县石佛寺镇玉博苑,58
河南省南阳市镇平县石佛寺镇玉之友商贸城碧玉大厅,78
河南省南阳市镇平县石佛寺镇玉之友商贸城二楼,55
河南省南阳市镇平县石佛寺镇玉之友商贸城一楼,85
河南省南阳市镇平县石佛寺镇玉之友商贸城,219
河南省南阳市镇平县石佛寺镇榆树庄村,58
河南省南阳市镇平县石佛寺镇李营村,110
河南省南阳市镇平县石佛寺镇新民路,262
河南省南阳市镇平县石佛寺镇新兴路,104
河南省南阳市镇平县石佛寺镇新兴南路,57
河南省南阳市镇平县石佛寺镇府前南路,78
河南省南阳市镇平县石佛寺镇广场南路,78
河南省南阳市镇平县石佛寺镇广场北路,52
河南省南阳市镇平县石佛寺镇尚营村,71
河南省南阳市镇平县石佛寺镇宝荷玉城,185
河南省南阳市镇平县石佛寺镇宝玉城,108
河南省南阳市镇平县石佛寺镇天下玉源南大厅,72
河南省南阳市镇平县石佛寺镇天下玉源北大厅,70
河南省南阳市镇平县石佛寺镇天下玉源二期,62
河南省南阳市镇平县石佛寺镇天下玉源B,60
河南省南阳市镇平县石佛寺镇天下玉源,94
河南省南阳市镇平县石佛寺镇大仵营村,113
河南省南阳市镇平县石佛寺镇国际玉城,735
河南省南阳市镇平县石佛寺镇华夏玉都C区,127
河南省南阳市镇平县石佛寺镇华夏玉都B区,135
河南省南阳市镇平县石佛寺镇华夏玉都A区,152
河南省南阳市镇平县石佛寺镇华夏玉都,84
河南省南阳市镇平县石佛寺镇农贸市场,70
河南省南阳市镇平县石佛寺镇佛光大道,54
河南省南阳市镇平县石佛寺镇中华玉都A,100
河南省南阳市镇平县石佛寺镇中华玉都,59
河南省南阳市镇平县石佛寺镇万玉市场,74
河南省南阳市镇平县涅阳街道中央华府,74
河南省南阳市镇平县涅阳新华路中段,57
河南省南阳市镇平县涅阳幸福路南段,64
河南省南阳市镇平县涅阳中山街西段,62
河南省南阳市镇平县涅阳中山街东段中央华府,55
河南省南阳市镇平县涅阳中山街东段,73
河南省南阳市镇平县涅阳中央华府商业街,107
河南省南阳市镇平县涅阳中央华府,138
河南省南阳市镇平县杨营镇小岗村,53
河南省南阳市镇平县杨营镇回乡创业园,86
河南省南阳市镇平县晁陂镇甲林村,51
河南省南阳市镇平县中华玉源,407
河南省南阳市邓州市迎宾大道广亿万商城A,51
河南省南阳市邓州市穰东镇金鸡路,58
河南省南阳市邓州市穰东镇穰城大道,51
河南省南阳市邓州市穰东镇仲景路,136
河南省南阳市邓州市穰东镇东大街,78
河南省南阳市邓州市湍河街道广亿不夜城A,90
河南省南阳市邓州市湍河街道广亿万商城A,56
河南省南阳市邓州市湍河街道农商智慧城,114
河南省南阳市邓州市汲滩镇新镇大道,60
河南省南阳市邓州市广亿万商城,58
河南省南阳市西峡县回车镇,53
河南省南阳市西峡县五里桥镇五里桥街,61
河南省南阳市社旗县晋庄镇南阳路,89
河南省南阳市社旗县太和乡太兴路,52
河南省南阳市淅川县龙城街道上亿广场,67
河南省南阳市淅川县金河镇长安路,65
河南省南阳市淅川县金河镇金榜路,115
河南省南阳市淅川县金河镇金政路,92
河南省南阳市淅川县金河镇电子商务产业园,120
河南省南阳市淅川县金河镇电子产业园,102
河南省南阳市淅川县金河镇永安路,68
河南省南阳市淅川县金河镇平安路,77
河南省南阳市淅川县厚坡镇东大街,84
河南省南阳市淅川县九重镇交通路,85
河南省南阳市淅川县九重镇,96
河南省南阳市淅川县上集镇罗池贯,123
河南省南阳市淅川县上集镇罗寨村,58
河南省南阳市淅川县上集镇缸窑村五组,53
河南省南阳市淅川县上集镇灌河路,74
河南省南阳市淅川县上集镇工业园区,58
河南省南阳市淅川县上集镇下集村,93
河南省南阳市桐柏县毛集镇毛集大道,70
河南省南阳市桐柏县安棚乡安棚村,61
河南省南阳市桐柏县安棚乡化工园区胡岗村,54
河南省南阳市桐柏县埠江镇胡楼村,56
河南省南阳市桐柏县埠江镇江河村,86
河南省南阳市桐柏县埠江镇水湖流村,59
河南省南阳市桐柏县埠江镇李营村,146
河南省南阳市桐柏县城郊乡汇通商贸城,54
河南省南阳市桐柏县城关镇西关社区乐神路,95
河南省南阳市桐柏县城关镇红叶社区,128
河南省南阳市桐柏县城关镇淮源大道中段,87
河南省南阳市桐柏县城关镇淮源大道,74
河南省南阳市桐柏县城关镇淮河路,72
河南省南阳市桐柏县城关镇淮庙社区,84
河南省南阳市桐柏县城关镇淮安街中段,73
河南省南阳市桐柏县城关镇淮安街,75
河南省南阳市桐柏县城关镇新华街,105
河南省南阳市桐柏县城关镇大同街,75
河南省南阳市桐柏县城关镇乐神路,53
河南省南阳市桐柏县城关镇世纪大道,66
河南省南阳市方城县释之街道西关社区释之路,132
河南省南阳市方城县释之街道西关社区,60
河南省南阳市方城县释之街道民权街社区民主街,106
河南省南阳市方城县释之街道新民社区吴府街,56
河南省南阳市方城县释之街道和平街社区,71
河南省南阳市方城县释之街道和平街,133
河南省南阳市方城县释之街道吴府龙城,53
河南省南阳市方城县释之街道北关社区龙泉路,105
河南省南阳市方城县释之街道北关社区北环路,53
河南省南阳市方城县赵河镇经济路,78
河南省南阳市方城县城关镇凤瑞街道新华街社区文化路,51
河南省南阳市方城县凤瑞街道翟庄社区文化路,196
河南省南阳市方城县凤瑞街道新建街社区潘庄,195
河南省南阳市方城县凤瑞街道新华街社区裕州北路,90
河南省南阳市方城县凤瑞街道新华街社区文化路,61
河南省南阳市方城县凤瑞街道新华街社区建设路,60
河南省南阳市方城县凤瑞街道安庄社区王桥,53
河南省南阳市方城县凤瑞街道安庄社区安庄,63
河南省南阳市方城县凤瑞街道安庄社区宇济一号,168
河南省南阳市方城县凤瑞街道安庄社区大凉亭,152
河南省南阳市方城县凤瑞街道交通街社区通达巷,120
河南省南阳市方城县凤瑞街道交通街社区名门世家,133
河南省南阳市方城县凤瑞街道交通街社区,233
河南省南阳市方城县凤瑞街道东关社区电视路,325
河南省南阳市方城县凤瑞街道三里岔社区,327
河南省南阳市新野县溧河铺镇王枣庄村,53
河南省南阳市新野县溧河铺镇李楼村,54
河南省南阳市新野县樊集乡骆庄村,56
河南省南阳市新野县五星镇张店村,69
河南省南阳市新野县五星镇宋湾村,56
河南省南阳市新野县五星镇任集村,72
河南省南阳市新店乡英南村,63
河南省南阳市宛城区金华乡申伯路,80
河南省南阳市宛城区茶庵乡茶庵村,91
河南省南阳市宛城区红泥湾镇中原路,57
河南省南阳市宛城区溧河乡郭店村,60
河南省南阳市宛城区溧河乡袁老家村,52
河南省南阳市宛城区溧河乡胡寨村,77
河南省南阳市宛城区溧河乡皇杜庄村,73
河南省南阳市宛城区汉冶街道范蠡路宏江升龙苑,85
河南省南阳市宛城区汉冶街道范蠡东路宏江升龙苑,131
河南省南阳市宛城区汉冶街道张衡东路丰源小区,51
河南省南阳市宛城区汉冶街道宏江升龙苑,67
河南省南阳市宛城区新华街道解放路,77
河南省南阳市宛城区新华街道西城根,72
河南省南阳市宛城区新华街道联合街,230
河南省南阳市宛城区新华街道民权街,126
河南省南阳市宛城区新华街道民主街,110
河南省南阳市宛城区新华街道工农路,122
河南省南阳市宛城区新华街道和平街,67
河南省南阳市宛城区孔明路建业凯旋广场,156
河南省南阳市宛城区仲景街道牛王庙社区,57
河南省南阳市宛城区仲景街道建设东路宇信凯旋城,75
河南省南阳市宛城区仲景街道建设东路凯璟清华园,63
河南省南阳市宛城区仲景街道建设东路,52
河南省南阳市宛城区仲景街道建业凯旋广场,142
河南省南阳市宛城区仲景街道孔明路建业凯旋广场,224
河南省南阳市宛城区仲景街道孔明大道汉景苑,51
河南省南阳市宛城区仲景街道孔明大道建业凯旋广场,151
河南省南阳市宛城区仲景街道医圣祠街,110
河南省南阳市宛城区东关街道淯滨街,78
河南省南阳市宛城区东关街道工农路,59
河南省南阳市官庄镇田李庄田庄,57
河南省南阳市官庄工区胜利路东段前营市场,85
河南省南阳市官庄工区广北路,99
河南省南阳市官庄工区嵩山路南段,1011
河南省南阳市官庄工区嵩山路北段,1152
河南省南阳市官庄工区嵩山路中段牛庄,107
河南省南阳市官庄工区官庄镇龙泉村,143
河南省南阳市官庄工区官庄镇振兴路南段,127
河南省南阳市官庄工区官庄镇振兴路中段邮局东,427
河南省南阳市官庄工区官庄镇振兴路中段,173
河南省南阳市官庄工区官庄镇振兴街,139
河南省南阳市官庄工区官庄镇人民路东段,210
河南省南阳市官庄工区官庄镇人民街,141
河南省南阳市官庄工区官庄镇交通路北段,110
河南省南阳市官庄工区大庆路西段,631
河南省南阳市官庄工区华山区北门中原路西段,327
河南省南阳市官庄工区中原路西段君高市场D区,69
河南省南阳市官庄工区中原路西段君高市场C区,65
河南省南阳市官庄工区中原路西段君高市场B区,125
河南省南阳市官庄工区中原路西段君高市场A区,158
河南省南阳市唐河县毕店镇毕店街,813
河南省南阳市唐河县张店镇明星路,296
河南省南阳市唐河县张店镇政府路新街,78
河南省南阳市唐河县张店镇政府路,106
河南省南阳市唐河县张店镇张店街,192
河南省南阳市唐河县大河屯镇,532
河南省南阳市唐河县东王集乡王集街,157
河南省南阳市卧龙区陆营镇中心大街,59
河南省南阳市卧龙区车站街道车站路,60
河南省南阳市卧龙区车站街道赵玺庄,55
河南省南阳市卧龙区车站街道永安路,56
河南省南阳市卧龙区车站街道杏树庄前街,59
河南省南阳市卧龙区车站街道新华西路,73
河南省南阳市卧龙区车站街道工业路,59
河南省南阳市卧龙区车站南路,122
河南省南阳市卧龙区王村乡,68
河南省南阳市卧龙区潦河镇德胜街,62
河南省南阳市卧龙区武侯街道武侯路,80
河南省南阳市卧龙区安皋镇南京路,58
河南省南阳市卧龙区卧龙岗街道车站南路,60
河南省南阳市卧龙区卧龙岗街道卧龙路,124
河南省南阳市卧龙区卧龙岗街道十二里河综合市场,65
河南省南阳市卧龙区光武街道建设中路,106
河南省南阳市卧龙区光武街道工业路,51
河南省南阳市卧龙区光武街道工业北路,79
河南省南阳市卧龙区光武街道光彩社区百里奚路光彩大市场,105
河南省南阳市卧龙区光武街道光彩社区张衡西路光彩国际,52
河南省南阳市卧龙区七一街道红庙路,101
河南省南阳市卧龙区七一街道中州路,60
河南省南阳市卧龙区七一街道七一路,163
河南省南阳市南召县皇后乡北召店街,57
河南省南阳市华耀城,55
河南省南阳市内乡县灌涨镇农牧装备孵化园,141
河南省南阳市内乡县湍东镇龙园路县产业集聚区管理委员会二楼,62
河南省南阳市内乡县湍东镇龙园路产业集聚区管理委员会四楼,61
河南省南阳市内乡县湍东镇龙园路产业集聚区管理委员会五楼,53
河南省南阳市内乡县湍东镇龙园路产业集聚区管理委员会三楼,67
河南省南阳市内乡县湍东镇龙园路产业集聚区管理委员会一楼,60
河南省南阳市内乡县湍东镇龙园路产业集聚区管理委员会E,53
河南省南阳市内乡县湍东镇龙园路产业集聚区管理委员会C,87
河南省南阳市内乡县湍东镇龙园路产业集聚区管理委员会,574
河南省南阳市内乡县湍东镇新,251
河南省南阳市内乡县湍东镇宝天曼大道,89
河南省南阳市内乡县湍东镇内乡县产业集聚区管理委员会C,57
河南省南阳市内乡县湍东镇产业集聚区管理委员会C,288
河南省南阳市内乡县夏馆镇凤鸣街,68
河南省南阳市内乡县城关镇菊乡路与永顺路交叉口招商局A,90
河南省南阳市内乡县城关镇菊乡路与永顺路交叉口内乡县招商局D,69
河南省南阳市内乡县城关镇范蠡大街,70
河南省南阳市内乡县城关镇渚阳大街,55
河南省南阳市万邦市场D,115
河南省南阳市万邦农贸市场D,54
河南省信阳市羊山新区新二十四大街国际商城,58
河南省信阳市羊山新区新七大道恒大名都,58
河南省信阳市羊山新区新七大道府都花园,62
河南省信阳市羊山新区国际商城,104
河南省信阳市罗山县龙山街道办事处豫南国际商贸城,86
河南省信阳市罗山县龙山街道办事处豫南商贸城,62
河南省信阳市罗山县灵山镇南街,70
河南省信阳市罗山县宝城街道办事处行政中路,67
河南省信阳市罗山县宝城街道办事处淮南市场,65
河南省信阳市罗山县周党镇中心街,59
河南省信阳市潢川县谈店乡中小企业创业园,89
河南省信阳市潢川县江家集镇富江街,65
河南省信阳市潢川县桃林铺镇桃林村创业园,67
河南省信阳市潢川县张集乡工业产业园B区,64
河南省信阳市潢川县双柳树镇长兴路,51
河南省信阳市潢川县卜塔集镇上游村罗庄组宏展经济技术产业小区,58
河南省信阳市潢川县伞陂镇伞陂村返乡创业园区,71
河南省信阳市潢川县伞陂镇,56
河南省信阳市潢川县仁和镇新街大展经济技术产业小区,128
河南省信阳市潢川县产业集聚区创业大厦,73
河南省信阳市淮滨县顺河街道金湾大道,51
河南省信阳市淮滨县顺河街道西城大道,114
河南省信阳市淮滨县顺河街道南大街,96
河南省信阳市淮滨县顺河街道东大街,62
河南省信阳市淮滨县谷堆乡街道,56
河南省信阳市淮滨县滨湖街道办事处龙泉路农商智慧城,93
河南省信阳市淮滨县滨湖街道办事处洪河路,86
河南省信阳市淮滨县滨湖街道办事处民政路,105
河南省信阳市淮滨县滨湖街道办事处正义街,218
河南省信阳市淮滨县滨湖街道办事处朝阳街,135
河南省信阳市淮滨县滨湖街道办事处新华街,74
河南省信阳市淮滨县滨湖街道办事处文化路西段北侧西亚美悦广场商业街,55
河南省信阳市淮滨县滨湖街道办事处大棚街,132
河南省信阳市淮滨县滨湖街道办事处乌龙大道中段,79
河南省信阳市淮滨县滨湖街道办事处乌龙大道,160
河南省信阳市淮滨县栏杆街道办事处栏杆街,95
河南省信阳市淮滨县栏杆街道办事处平安大道,62
河南省信阳市浉河区老城街道胜利南路,70
河南省信阳市浉河区老城街道东方红大道,112
河南省信阳市浉河区申碑路金杯花园,81
河南省信阳市浉河区民权路,88
河南省信阳市浉河区民权街道万家灯火,123
河南省信阳市浉河区新马路,62
河南省信阳市浉河区新建街,65
河南省信阳市浉河区新华西路,72
河南省信阳市浉河区新华市场,70
河南省信阳市浉河区新华东路,84
河南省信阳市浉河区成功花园,63
河南省信阳市浉河区工区路,382
河南省信阳市浉河区南湖路,80
河南省信阳市浉河区北京路,51
河南省信阳市浉河区人民路,77
河南省信阳市浉河区东方红大道,191
河南省信阳市浉河区万家灯火城市广场,139
河南省信阳市浉河区万家灯火,365
河南省信阳市浉河区,156
河南省信阳市明港镇中山街,56
河南省信阳市新县陈店乡街道,116
河南省信阳市新县金兰山街道,77
河南省信阳市新县泗店乡街道,51
河南省信阳市新县新集镇航空路,53
河南省信阳市新县新集镇发展大道,207
河南省信阳市新县新集镇京九路,69
河南省信阳市新县发展大道,98
河南省信阳市新县兰河企业孵化园C区,103
河南省信阳市平桥区胡店乡,75
河南省信阳市平桥区肖店乡街道,52
河南省信阳市平桥区平西办事处龙江路建材港,109
河南省信阳市平桥区平西办事处行政路,54
河南省信阳市平桥区平西办事处滨湖名都,107
河南省信阳市平桥区平西办事处建材港,55
河南省信阳市平桥区平西办事处平西路,53
河南省信阳市平桥区平西办事处平安大道,91
河南省信阳市平桥区平西办事处南京路建材港,133
河南省信阳市平桥区平桥办事处龙江路,104
河南省信阳市平桥区平桥办事处新民路,66
河南省信阳市平桥区平桥办事处平西路,73
河南省信阳市平桥区平桥办事处平桥大道,95
河南省信阳市平桥区平桥办事处平安大道,88
河南省信阳市平桥区平桥办事处平中大街,143
河南省信阳市平桥区平桥办事处大别山商场,58
河南省信阳市平桥区平桥办事处名吃城,63
河南省信阳市平桥区平桥办事处农林路,199
河南省信阳市平桥区平桥办事处光明路,286
河南省信阳市平桥区平桥办事处世界城一期,56
河南省信阳市平桥区平昌镇行政路,59
河南省信阳市平桥区兰店乡菜街,63
河南省信阳市平桥区,52
河南省信阳市固始县金睿大道金睿园区二号厂区,105
河南省信阳市固始县金睿大道金睿园区一号厂区,73
河南省信阳市固始县番城办事处鼎元医疗器械产业园,119
河南省信阳市固始县泉河铺乡安阳山路,59
河南省信阳市固始县怡和首府大厦,357
河南省信阳市固始县城关镇花花市街,61
河南省信阳市固始县城关镇怡和首府大厦,474
河南省信阳市固始县城关镇南湖筹建处怡和首府大厦,58
河南省信阳市固始县城关镇,74
河南省信阳市固始县商务中心区信合珠江大厦,106
河南省信阳市固始县先进制造业开发区黄河路,89
河南省信阳市固始县,135
河南省信阳市商城县达权店镇街道,55
河南省信阳市商城县汪桥镇汪桥街道,53
河南省信阳市商城县城关镇金穗路,65
河南省信阳市商城县城关镇赤城路,64
河南省信阳市商城县城关镇花园路,69
河南省信阳市商城县城关镇崇福大道,90
河南省信阳市商城县余集镇东门街,53
河南省信阳市商城县上石桥镇街道,265
河南省信阳市商城县上石桥镇育英大道,70
河南省信阳市光山县晏河乡河棚街道,51
河南省信阳市光山县弦山街道新发地,61
河南省信阳市光山县弦山街道兴隆路,126
河南省信阳市光山县商务中心区华中城,57
河南省临颍县杜曲镇岗张村,98
河南省三门峡市陕州区菜园乡菜园街,55
河南省三门峡市陕州区宫前乡宫前街,54
河南省三门峡市陕州区大营镇大营村,93
河南省三门峡市陕州区原店镇原店村,59
河南省三门峡市经济开发区向阳村,108
河南省三门峡市经济开发区后川村,103
河南省三门峡市灵宝市恒隆广场,77
河南省三门峡市灵宝市强人街,60
河南省三门峡市灵宝市康乐市场,58
河南省三门峡市灵宝市尹庄镇涧东区涧东社区,76
河南省三门峡市灵宝市尹庄镇涧东区涧东市场,138
河南省三门峡市灵宝市尹庄镇涧东区尹溪美食街,51
河南省三门峡市灵宝市尹庄镇涧东区尹富市场,152
河南省三门峡市灵宝市尹庄镇新华路东关市场,181
河南省三门峡市灵宝市尹庄镇东关市场,72
河南省三门峡市灵宝市城关镇牛庄村,78
河南省三门峡市灵宝市城关镇民生市场,116
河南省三门峡市灵宝市城关镇北田村,71
河南省三门峡市灵宝市千汇广场,51
河南省三门峡市湖滨区陕州路志远农贸市场北区,55
河南省三门峡市湖滨区车站街道黄河路东段宏远市场,88
河南省三门峡市湖滨区车站街道宏远市场,105
河南省三门峡市湖滨区虢国路东段虢鑫农贸市场,62
河南省三门峡市湖滨区磁钟乡寺庄村,54
河南省三门峡市湖滨区湖滨街道陕源路上村农贸市场,69
河南省三门峡市湖滨区湖滨街道茅津路,82
河南省三门峡市湖滨区湖滨街道春秋路,56
河南省三门峡市湖滨区湖滨街道嘉亿城市广场,55
河南省三门峡市湖滨区湖滨街道和平路嘉亿广场,62
河南省三门峡市湖滨区涧河街道永安小区,55
河南省三门峡市湖滨区崖底街道韩庄村,55
河南省三门峡市湖滨区崖底街道斜桥村,77
河南省三门峡市湖滨区崖底街道崖底村,80
河南省三门峡市湖滨区崖底街道岗上村,62
河南省三门峡市湖滨区大安街道义乌商贸城外街,68
河南省三门峡市湖滨区和平路嘉亿广场,232
河南省三门峡市湖滨区和平路嘉亿城市广场,68
河南省三门峡市湖滨区前进街道陕州路志远农贸市场南区,57
河南省三门峡市湖滨区前进街道陕州路志远农贸市场北区,80
河南省三门峡市湖滨区前进街道陕州路志远农贸市场,60
河南省三门峡市湖滨区前进街道陕州路建设路北志远农贸市场,61
河南省三门峡市湖滨区前进街道陕州路与建设路交叉口北志远农贸市场,132
河南省三门峡市渑池县陈村乡黄花街西段,52
河南省三门峡市渑池县陈村乡黄花街北段,172
河南省三门峡市渑池县果园乡涧新村,63
河南省三门峡市渑池县城关镇天下城,65
河南省三门峡市渑池县仰韶乡西阳村,52
河南省三门峡市开发区向阳村,200
河南省三门峡市开发区三里桥村,51
河南省三门峡市城乡一体化示范区阳店镇小河市场,62
河南省三门峡市城乡一体化示范区禹王路街道北村路,75
河南省三门峡市卢氏县城关镇百悦城,62
河南省三门峡市卢氏县城关镇水街,51
河南省三门峡市义马市滨河路,169
河南省三门峡市义马市泰山路街道滨河路,173
河南省三门峡市义马市泰山路街道振兴路,133
河南省三门峡市义马市泰山路街道光明街,194
河南省三门峡市义马市朝阳路街道前进社区,92
河南省三门峡市义马市常村路街道育才路,58
河南省三门峡市义马市千秋路街道连银小区,51
河南省三门峡市义马市千秋路街道花园社区千秋路,74
河南省三门峡市义马市千秋路街道河东市场盟信电商园,165
河南省三门峡市义马市千秋路街道兴苑小区,67
河南省三门峡市义马市千秋路街道八一路,57
沈丘县长安西街五福苑小区,131
沈丘县赵德营镇,233
沈丘县赵德营,81
沈丘县莲池镇莲花大道,200
沈丘县莲池乡魏营行政村,73
沈丘县老城镇西关小区二期,1010
沈丘县老城镇西关小区一期,6780
沈丘县老城镇南关行政村一组,57
沈丘县老城镇南关行政村,269
沈丘县老城镇,112
沈丘县纸店镇赵腰庄行政村,94
沈丘县纸店镇纸西行政村,426
沈丘县纸店镇纸东行政村,265
沈丘县纸店镇,101
沈丘县石槽集乡,128
沈丘县石槽乡,190
沈丘县白集镇鹿楼村三组,1100
沈丘县白集镇鹿楼村一组,779
沈丘县白集镇鹿楼村,2060
沈丘县白集镇高庄行政村一组,311
沈丘县白集镇韦庄村,221
沈丘县白集镇白集行政村,1193
沈丘县白集镇后三庄村一组,236
沈丘县白集镇合美家园社区,289
沈丘县白集镇刘楼行政村,4854
沈丘县白集镇,147
沈丘县留福镇南大街,112
沈丘县留福镇北大街,135
沈丘县洪山镇中心街,304
沈丘县洪山乡,98
沈丘县槐店镇颍河大道南段,159
沈丘县槐店镇颍河大道北段,104
沈丘县槐店镇颍河大道中段,66
沈丘县槐店镇颍河大道,61
沈丘县槐店镇颍河商贸城,108
沈丘县槐店镇长安西路,182
沈丘县槐店镇长安中路,124
沈丘县槐店镇长安东路,154
沈丘县槐店镇迎宾大道,115
沈丘县槐店镇滨河东路,88
沈丘县槐店镇温州商贸城,52
沈丘县槐店镇泰安东路,56
沈丘县槐店镇新华南街,57
沈丘县槐店镇新华北街,157
沈丘县槐店镇惊天市场,359
沈丘县槐店镇恒瑞步行街,124
沈丘县槐店镇富都大道,123
沈丘县槐店镇商贸城,63
沈丘县槐店镇吉祥中路,106
沈丘县槐店镇吉祥东路,110
沈丘县槐店镇兆丰大道南段,63
沈丘县槐店镇兆丰大道,82
沈丘县槐店镇交通东路,117
沈丘县槐店镇,138
沈丘县槐店回族镇泰安路,84
沈丘县槐店回族镇文明路,92
沈丘县李老庄乡李老庄中心街,61
沈丘县李老庄乡,178
沈丘县新安集镇新东行政村,231
沈丘县新安集镇,238
沈丘县惊天市场,53
沈丘县小陈营行政村,1267
沈丘县富都大道北段,52
沈丘县周营镇,68
沈丘县周营行政村,70
沈丘县周营乡,67
沈丘县卞路口乡仁和小区,71
沈丘县北杨集镇幸福路,475
沈丘县北杨集,418
沈丘县北城小辛营村,52
沈丘县刘湾镇陈寨行政村陈寨街,64
沈丘县刘庄店镇万荣广场一栋一单元,110
沈丘县刘庄店镇,61
沈丘县兆丰大道,61
沈丘县付井镇,143
沈丘县人民大道与永安路交叉口电商产业园,3861
沁阳市鹏海保税博览城,122
沁阳市覃怀中路,67
沁阳市西向镇西向四街,109
沁阳市西向镇西向五街,102
沁阳市西向镇西向二街,125
沁阳市西向镇西向一街,117
沁阳市西向镇捏掌村,53
沁阳市西万镇西万村,135
沁阳市王曲乡里村,75
沁阳市沁园北路,78
沁阳市文化路,82
沁阳市怀府西路,125
沁阳市怀府中路,58
沁阳市建设南路,72
汴岗街,83
汤阴县韩庄镇锦绣豪庭,120
汤阴县韩庄镇锦绣华府,147
汤阴县韩庄镇锦尚天华,87
汤阴县韩庄镇金都馨和湾,84
汤阴县韩庄镇金都乾城,76
汤阴县韩庄镇金域华府,67
汤阴县韩庄镇金域兰庭,156
汤阴县韩庄镇羑河村,64
汤阴县韩庄镇百合花园,85
汤阴县韩庄镇现代城,57
汤阴县韩庄镇樊庄村,56
汤阴县韩庄镇工官屯村,80
汤阴县韩庄镇小河村,86
汤阴县韩庄镇小光村,88
汤阴县韩庄镇小付庄村,53
汤阴县韩庄镇娄湾村,712
汤阴县韩庄镇大黄村,113
汤阴县韩庄镇大光村,138
汤阴县韩庄镇大云村,147
汤阴县韩庄镇国际御景城,135
汤阴县韩庄镇南张贾村,80
汤阴县韩庄镇北张贾村,131
汤阴县韩庄镇云光社区,143
汤阴县韩庄镇中张贾村,82
汤阴县韩庄村,100
汤阴县部落村,63
汤阴县董庄村,81
汤阴县菜园镇南街,96
汤阴县菜园镇东街,86
汤阴县苏庄村,101
汤阴县白营镇白营村,72
汤阴县白营乡农商物流园A,91
汤阴县瓦岗乡瓦岗村,59
汤阴县瓦岗乡商贸街,75
汤阴县樊庄村,62
汤阴县曹庄村,109
汤阴县庵上村,91
汤阴县小光村,92
汤阴县宜沟镇安阳市新型制造产业园中原路,455
汤阴县孙庄村,51
汤阴县娄湾村,66
汤阴县大黄村,115
汤阴县大光村,89
汤阴县大云村,78
汤阴县城关精忠路中段,58
汤阴县城关精忠路东段,58
汤阴县城关精忠路,120
汤阴县城关永通路东段,80
汤阴县城关永通路,56
汤阴县城关星阁路,84
汤阴县城关政通路中段,132
汤阴县城关政通路东段,122
汤阴县城关政通路,119
汤阴县城关大南街,57
汤阴县城关大北街,80
汤阴县城关向阳路中段,66
汤阴县城关向阳路,89
汤阴县城关人民路,66
汤阴县古贤镇古贤村,79
汤阴县刘黄村,71
汤阴县伏道镇岗阳村,2377
汤阴县任固镇,60
汤阴县五陵镇屯庄村,77
汤阴县五陵镇商品路,91
江村镇江村街,81
汝阳工业区大安村,77
汝阳县陶营镇陶营村,109
汝阳县蔡店乡蔡店村,133
汝阳县蔡店乡常渠村,105
汝阳县城关镇隆盛路,190
汝阳县城关镇文化路,54
汝阳县城关镇人民路,89
汝阳县付店镇付店街,62
汝州市骑岭乡小陈村,57
汝州市风穴路,92
汝州市陵头镇陵头村,54
汝州市钟楼市场,81
汝州市金世界步行街,65
汝州市西环路,276
汝州市蟒川镇蟒川街,70
汝州市营房街,57
汝州市节妇祠街,63
汝州市老二门街,71
汝州市米庙镇米庙村,74
汝州市物丰街,52
汝州市温泉镇温泉村,85
汝州市洗耳南路,52
汝州市洗耳北路水果批发市场,58
汝州市洗耳北路,91
汝州市洗耳中路,230
汝州市汝南办事处王寨村,55
汝州市永安街,58
汝州市梁丰路,52
汝州市杨楼镇杨楼村,59
汝州市杨楼乡杨楼村,68
汝州市朝阳中路,79
汝州市望嵩南路,148
汝州市望嵩中路,181
汝州市建兴街,125
汝州市府后街,92
汝州市庙下镇庙下村,57
汝州市庙下乡庙下村,121
汝州市广育路市场,53
汝州市广育路,176
汝州市广成西路,133
汝州市广成中路,113
汝州市广成东路,65
汝州市富民一街,77
汝州市安国路,122
汝州市城垣南路,80
汝州市城垣北路,131
汝州市城垣中路,210
汝州市后火神庙街,53
汝州市双拥路,51
汝州市北环路,65
汝州市丹阳西路,120
汝州市丹阳中路,277
汝州市丹阳东路,245
汝州市临汝镇街,70
汝州市临汝镇商业街,80
汝州市中大街,394
汝州市东环路,200
汝州市东建材市场B,90
汝州市东关街,104
汝州市专业户街,182
汝南县金铺镇金铺集,147
汝南县留盆镇,149
汝南县王岗镇王岗集,109
汝南县王岗镇王岗街,62
汝南县梁祝镇长安大道,52
汝南县梁祝镇平阳大道,99
汝南县梁祝镇商业街,55
汝南县板店乡,138
汝南县张楼镇张楼集,63
汝南县常兴镇常兴街,80
汝南县常兴乡常兴街,91
汝南县和孝镇和孝集,75
汝南县和孝镇和孝街,154
汝南县古塔街道付楼,72
汝南县古塔街道,85
汝南县东官庄集,127
汝南县东官庄镇舍屯集,76
汝南县三门闸街道东城,147
汝南县三桥镇三桥集,95
汝南县三桥镇三桥街,80
汝南县三桥乡三桥集,52
永城市黄口乡黄口街,115
永城市高庄镇高庄街,65
永城市马牧镇马牧街,53
永城市马桥镇马桥街,68
永城市顺和镇顺和街,92
永城市陈官庄乡陈官庄街,105
永城市酇阳镇酇阳街,103
永城市酂阳镇酂阳街,97
永城市裴桥镇裴桥街,172
永城市薛湖镇薛滦新城,152
永城市薛湖镇薛湖街,52
永城市薛湖镇薛湖南街,75
永城市薛湖镇滦湖街,122
永城市薛湖镇南街,140
永城市茴村镇茴村街,54
永城市新桥乡新桥街,130
永城市崇法寺街道劳动街中段,92
永城市太丘镇太丘街,55
永城市卧龙乡卧龙街,115
永城市十八里镇十八里街,88
永城市侯岭街道侯岭社区,62
民权县龙塘镇龙东村,68
民权县野岗乡野岗集,52
民权县野岗乡开发区,60
民权县花园乡花园集,79
民权县胡集乡胡集村,69
民权县绿洲路北段西侧,58
民权县绿洲路北段东侧,53
民权县绿洲路中段东侧,55
民权县程庄镇李堂村,88
民权县程庄镇工业区,71
民权县科研路中段南侧,64
民权县科研路中段北侧,70
民权县秋水路西段南侧,55
民权县秋水路中段南侧,69
民权县秋水路中段北侧,54
民权县秋水路东段北侧,52
民权县王庄寨镇王庄寨集,74
民权县林七乡林东村,78
民权县林七乡林七集南街,114
民权县林七乡林七集东街,102
民权县新农汇农贸城,113
民权县庄周大道西段南侧,60
民权县庄周大道中段北侧,51
民权县希刚国际家居博览城,51
民权县孙六镇孙六集,160
民权县商贸城,63
民权县商城路中段东侧,57
民权县和平路西段南侧,53
民权县双塔乡常庄村,95
民权县冰熊大道中段南侧,58
民权县人民路西段南侧,52
民权县人民路中段南侧,61
民权县人民路东段南侧,56
民权县人和镇和谐大街,131
民权县人和镇人和集,127
殷都区纱厂生活区,58
殷都区梅园庄街道办事处,62
歪子镇蟒张营村,51
歪子镇歪子村,114
歪子镇李营村,99
歪子镇彭庄村,62
歪子镇常蝉庵村,63
歪子镇寺门村,93
歪子镇官寺村,56
歪子镇周单庄村,77
歪子镇史营村,54
歪子镇冯庄村,60
武陟县西陶镇西陶村,91
武陟县沁河路,84
武陟县小董乡北王村,52
武陟县圪垱店乡圪垱店村,107
武陟县三阳乡三阳村,62
正阳县雷寨乡雷寨街,83
正阳县雷寨乡西严店街,117
正阳县陡沟镇陡沟街,134
正阳县袁寨乡袁寨街,62
正阳县真阳镇西顺河西段,54
正阳县真阳镇正大路,77
正阳县真阳镇梁庙街,95
正阳县真阳镇慎西南路,60
正阳县真阳镇慎西中路,58
正阳县真阳镇南环路,59
正阳县真阳镇东顺河街,106
正阳县真阳镇万宝聚市场,215
正阳县皮店乡皮店街,167
正阳县王勿桥乡王勿桥街,175
正阳县熊寨镇熊寨街,139
正阳县油坊店乡油坊店街,186
正阳县汝南埠镇汝南埠街,52
正阳县汝南埠镇岳城街,62
正阳县永兴镇永兴街,317
正阳县新阮店乡新阮店街,159
正阳县彭桥乡彭桥街,70
正阳县广源建材市场,112
正阳县寒冻镇寒冻街,294
正阳县大林镇大林街,92
正阳县吕河乡吕河街,158
正阳县兰青乡兰青街,82
正阳县伟品生活广场,51
正阳县付寨乡付寨街,187
梁园市场,59
梁园区高铁商业市场甲区,153
梁园区水池铺乡水池铺村,55
梁园区水池铺乡安良街,59
梁园区京陇商贸城甲区,75
桐柏县程湾街,61
桐柏县新集街,56
桐柏县新集乡新集街,59
桐柏县安棚镇安棚街,58
桐柏县城关镇红叶路,66
桐柏县城关镇淮源大道,157
桐柏县城关镇淮河路,94
桐柏县城关镇淮安街,153
桐柏县城关镇桐山街,60
桐柏县城关镇新华街,161
桐柏县城关镇文化路,52
桐柏县城关镇大同街,128
桐柏县城关镇世纪大道,66
桐柏县吴城镇商苑市场,52
栾川县陶湾镇陶湾村,144
栾川县重渡沟生态旅游建设示范区重渡村,352
栾川县重渡沟生态旅游建设示范区新南村,57
栾川县赤土店镇花园村,58
栾川县秋扒乡秋扒村,70
栾川县石庙镇石庙村,105
栾川县白土镇马超营村,167
栾川县狮子庙镇王府沟村,54
栾川县狮子庙镇狮子庙村,152
栾川县潭头镇重渡村,57
栾川县潭头镇潭头村,200
栾川县栾川乡罗庄村,81
栾川县栾川乡七里坪村,93
栾川县庙子镇庙子村,178
栾川县城西农贸市场,66
栾川县城耕莘路,76
栾川县城政府街,83
栾川县城幸福西路,73
栾川县城君山西路,117
栾川县城君山东路,213
栾川县城兴华西路,119
栾川县城兴华东路,87
栾川县城东河,70
栾川县合峪镇合峪村,208
栾川县冷水镇冷水村,79
栾川县三川镇三川街,63
栾川县三川镇三川村,54
柳江路柳江小区,72
柘城县马集乡马集大街,51
柘城县邵园乡高赵村委会高北,63
柘城县邵园乡高赵村委会赵东村,55
柘城县邵园乡高赵村委会后王村,57
柘城县远襄镇西街村,59
柘城县远襄镇西街,66
柘城县迎宾大道中段辣椒市场院内,95
柘城县迎宾大道中段辣椒大市场院内,92
柘城县申桥乡申桥大街,76
柘城县春水街道黄山路,100
柘城县春水街道长青社区,73
柘城县春水街道文庙社区,73
柘城县春水街道向阳社区,88
柘城县学苑路东段万洋商贸城,53
柘城县学苑东路万洋商贸城,107
柘城县大仵乡西街,55
柘城县大仵乡大仵西街,57
柘城县城关镇黄山路,116
柘城县城关镇黄山南路,60
柘城县城关镇黄山北路,134
柘城县城关镇步行街,52
柘城县城关镇正大旺街,108
柘城县城关镇春水西路,63
柘城县城关镇春水街道邵元,73
柘城县城关镇春水东路,106
柘城县城关镇文庙北街,83
柘城县城关镇康乐街,63
柘城县城关镇和平北街,88
柘城县城关镇华景路,103
柘城县城关镇中原西路,99
柘城县城关镇中原大街,122
柘城县凤凰街道办事处迎宾大道中段辣椒市场院内,69
柏庄新市场,278
柏庄新东市场,129
柏庄市场,72
林州市龙山街道,73
林州市黄华镇付水洼村,85
林州市横水镇中心大街,165
林州市桂园街道小菜园农副产品批发市场,72
林州市振林街道刘家街村,52
林州市振林街道,190
林州市开元街道瓦窑北街,58
林州市开元街道义乌商贸城,59
林州市开元区义乌商贸城,52
林州市城郊乡付水洼村,70
林州市合涧镇合涧村,78
林州市任村镇,275
林州市五龙镇景岗山,58
林州市临淇镇李家寨村,76
林州市临淇镇孔峪村,52
林州市临淇镇北大街,66
板桥镇板桥街,61
板桥街,65
杨集镇马庄村,51
杨集镇蛮子营村,67
杨集镇杨集村,59
杞县高阳镇高阳集,55
杞县高阳镇高阳村商贸城,83
杞县高阳镇高阳村,167
杞县阳堌镇阳堌集,86
杞县阳堌镇阳堌南村,141
杞县金城大道中段,93
杞县西寨乡西寨村,85
杞县葛岗镇葛岗集,111
杞县葛岗镇葛岗村,153
杞县苏木乡苏木村,140
杞县沙沃乡沙北村,128
杞县柿园乡柿园村,79
杞县平城乡平城西村,53
杞县官庄乡官庄村,57
杞县宗店乡麦庄村,52
杞县宗店乡宗店村,63
杞县宗店乡井陈村,56
杞县城关镇金城大道商贸城北区,67
杞县五里河镇五里河村,69
杞县于镇镇于北村,300
杞县中原万商城,158
李老庄乡中心街,169
李村镇李村街,225
李村镇新源嘉苑,147
李村镇吉庆嘉苑,85
李村镇兰台嘉苑,105
朱召市场,58
晋庄镇南阳路,60
方城县杨集乡亚龙国际商博城,59
方城县拐河镇西关村,53
方城县四里店乡四里店街,80
方城县亚龙国际商博城,80
新野县解放路中段,64
新野县西环路南段,61
新野县西环路中段,63
新野县王集镇王集街,171
新野县王集镇曹集村,54
新野县王庄镇闫庄村,99
新野县王庄镇赵庙村,55
新野县王庄镇西高营村,163
新野县王庄镇肖集村,85
新野县王庄镇王桥村,183
新野县王庄镇潘庄村,136
新野县王庄镇毛寨村,71
新野县王庄镇曹营村,79
新野县王庄镇乔湾村,94
新野县溧河铺镇溧河街,95
新野县沙堰镇沙堰街,93
新野县沙堰镇南村,60
新野县汉城路中段,72
新野县汉城路东段,86
新野县汉城街道朝阳路南段,71
新野县汉城街道健康路东段,79
新野县汉华街道孟营社区,96
新野县汉华街道办事处解放路北段西侧,58
新野县汉华街道办事处解放路北段东侧,55
新野县汉华街道办事处朝阳路北段西侧,59
新野县汉华街道办事处一品国际花园,54
新野县樊集乡樊集街,118
新野县朝阳路南段,161
新野县朝阳路北段,93
新野县朝阳路中段东侧,58
新野县朝阳路中段,114
新野县施庵镇施庵街,160
新野县大桥路东段,65
新野县城郊乡郭营村,51
新野县城郊乡李湖村,63
新野县城郊乡张楼村,54
新野县健康路中段,54
新野县健康路东段,93
新野县人民路南段,88
新野县人民路北段,68
新野县人民路中段东侧,53
新野县人民路中段,66
新野县上港乡香桥村,66
新野县上庄乡马集村,76
新野县上庄乡韩营村,54
新野县上庄乡陈家道村,83
新野县上庄乡邓庄村北寨,60
新野县上庄乡王寨村王寨,57
新野县上庄乡柳坡村,124
新野县上庄乡杨阁村,83
新野县上庄乡上庄街,129
新郑市龙湖镇高坡岩市场,116
新郑市龙湖镇菜市场,926
新郑市龙湖镇荆垌市场,97
新郑市龙湖镇王许村,69
新郑市龙湖镇泰山路菜市场,485
新郑市龙湖镇沙窝李市场,69
新郑市龙湖镇梅山村,53
新郑市龙湖镇柏树刘村,61
新郑市龙湖镇宝相寺市场,53
新郑市龙湖镇华南城,2348
新郑市龙湖镇侯庄村,79
新郑市龙湖镇三里岗市场,71
新郑市龙湖镇,755
新郑市阁老路,86
新郑市郭店镇五里口,151
新郑市辛店镇新密路南侧,75
新郑市辛店镇新密路北侧,66
新郑市辛店镇商贸城,77
新郑市轩辕路,82
新郑市观音寺镇商场街,63
新郑市薛店镇薛店大道中段西侧,57
新郑市玉前路,53
新郑市洧水路,71
新郑市新烟办解放路,53
新郑市新建南路,133
新郑市新建北路,73
新郑市新华路街道黄水路,52
新郑市新华路街道金城路,81
新郑市新华路街道玉前路,56
新郑市新华路街道洧水路,92
新郑市新华路街道新烟路,70
新郑市新华路街道新华路,52
新郑市新华路街道文化路,67
新郑市新华路街道人民路,52
新郑市新华路街道中华路,67
新郑市新华路,61
新郑市文化路,52
新郑市孟庄镇飞宇机电城,51
新郑市孟庄镇寺西王村,52
新郑市商业步行街东区,86
新郑市商业步行街,57
新郑市华南城,700
新郑市人民路,108
新店镇游庄村,56
新店镇新店村,106
新店镇前丁村,56
新店镇冯庄村,203
新店镇任庄村,65
新密市韩庄农贸市场,76
新密市青屏大街,67
新密市青屏办事处青屏大街,282
新密市青屏办事处雪花街,63
新密市青屏办事处长宁街,93
新密市青屏办事处长乐路,355
新密市青屏办事处诚信路,161
新密市青屏办事处西大街,203
新密市青屏办事处育才街,189
新密市青屏办事处祥云街,158
新密市青屏办事处溱水路,244
新密市青屏办事处气象街,74
新密市青屏办事处栖霞路,127
新密市青屏办事处文峰路,89
新密市青屏办事处开阳路,322
新密市青屏办事处平安路,115
新密市青屏办事处嵩山大道,220
新密市青屏办事处大鸿路,184
新密市青屏办事处周楼街,52
新密市青屏办事处农业路,100
新密市青屏办事处东大街,77
新密市超化镇超化街,115
新密市西大街办事处建材城,104
新密市西大街,65
新密市袁庄乡靳沟村,52
新密市苟堂镇苟堂街,211
新密市苟堂镇苟堂村,95
新密市苟堂镇关口村,71
新密市米村镇米村街路西,158
新密市米村镇米村街路东,89
新密市矿区西街,92
新密市矿区新化路,54
新密市牛店镇王庄街,135
新密市牛店镇牛店街,51
新密市牛店镇古角村,85
新密市牛店镇助泉寺村,55
新密市来集镇来集街,88
新密市曲梁镇庙朱村,54
新密市曲梁镇尚庄村,84
新密市曲梁镇下牛街,70
新密市曲梁镇下牛村,109
新密市曲梁镇下牛市场,57
新密市曲梁服装工业园区,58
新密市平陌镇平陌街,588
新密市平陌镇平陌村四组,63
新密市嵩山大道西段,57
新密市嵩山大道东段,89
新密市嵩山大道,59
新密市岳村镇芦沟街,95
新密市宏通市场,102
新密市大隗镇南湾,128
新密市大楼集贸市场,68
新密市南密新路,78
新密市北密新路,66
新密市刘寨镇刘寨街,117
新密市刘寨镇刘寨村,106
新密市东大街,96
新密市下庄河,57
新安县石寺镇石寺街,54
新安县正村镇白墙村,79
新安县正村镇正村街,64
新安县新城紫霞街,59
新安县北冶镇柿树岭村,136
新安县仓头镇仓头街,79
新县陡山河乡街道,86
新县苏河镇街道,102
新县浒湾乡街道,55
新县沙窝镇街道,71
新县新集镇潢河北路,85
新县新集镇京九路,130
新县新集京九路,96
新县城关首府路,63
新县城关航空路,110
新县城关红星城,62
新县城关步行街,67
新县城关京九路,124
新县吴陈河镇街道,117
新县千斤乡街道,173
新县八里畈镇街道,59
新华区开源商贸城,62
新华区天成果品批发市场,94
新华东路,61
新乡市高村五金电料批发市场,91
新乡市高新区,84
新乡市金穗大道,84
新乡市红旗区金穗大道,72
新乡市红旗区洪门大学城市场,93
新乡市红旗区文化路,59
新乡市红旗区平原路,119
新乡市新飞大道,66
新乡市怡园商城,64
新乡市开发区,62
新乡市平原路,225
新乡市平原示范区韩董庄镇韩董庄村,144
新乡市平原示范区桥北乡马井村,94
新乡市平原示范区恒大金碧天下,73
新乡市卫滨区平原路,63
新乡市卫滨区人民路,94
新乡市化工路,57
新乡市凤泉区大块镇陈堡村,52
新乡市凤泉区大块镇秀才庄村,53
新乡市凤泉区大块镇大块村,107
新乡市凤泉区大块镇块村营村,74
新乡市人民路,102
新乡县朗公庙镇西荆楼村,55
新乡县朗公庙镇永安村,84
新乡县朗公庙镇,97
新乡县新乡经济开发区金谷广场,72
新乡县小冀镇青年路北段,123
新乡县小冀镇菜市场E,91
新乡县小冀镇菜市场D,100
新乡县小冀镇菜市场C,95
新乡县小冀镇菜市场B,95
新乡县小冀镇菜市场A,98
新乡县小冀镇菜市场,105
新乡县小冀镇海伦大道,53
新乡县小冀镇振兴路,68
新乡县小冀镇商城,64
新乡县小冀镇冀中路中段,54
新乡县大召营镇大召营村,170
新乡县合河乡合河村,111
新乡县古固寨镇农贸市场,80
新乡县七里营镇苗庄村,93
新乡县七里营镇李台村,77
新乡县七里营镇南位庄村,51
新乡县七里营镇刘店村,88
新乡县七里营镇八柳树村,95
新乡县七里营镇七里营一村,65
新七大道府都花园,68
文留镇文留集,104
文渠乡文渠街,53
文峰区义乌商贸城,64
文化路,56
振林区振林路,85
振林区商业街,77
拼多多平台:https://shop.pinduoduo.com/,52
拼多多:https://shop.pinduoduo.com/,439
抖音:www.douyin.com;,57
扶沟县练寺镇南北街,76
扶沟县白潭镇白潭街,80
扶沟县汴岗镇汴岗街,61
扶沟县江村镇江村街,58
扶沟县桐丘南路,53
扶沟县曹里乡曹里街,69
扶沟县文化路,98
扶沟县文化东路,59
扶沟县扶亭路,77
扶沟县大新镇大新街,52
扶沟县城关镇花园南路,52
扶沟县城关镇新建东路,53
扶沟县城关镇新华路,52
扶沟县凤凰商业街,67
户部寨镇户部寨集,154
户部寨乡户部寨集,126
成功花园,51
惠济区信基调味食品城,105
息县杨店乡街,55
息县息州综合农贸市场,58
息县息州大道中段,129
息县岗李店乡街村,94
息县岗李店乡街,59
息县小茴店镇街,59
息县城关千佛庵西路,65
息县农贸市场,52
息县东岳镇街,71
思故台商业街南区,93
思故台商业街北区,85
思故台商业街中区,65
思故台南区,62
思故台北区,358
思故台二楼,57
思故台一楼,172
德隆街西段,52
微拍堂:https://w.weipaitang.com/shop/,76
微店电商:https://weidian.com/s/,51
微店平台:www.weidian.com/s/,140
微店平台:https://weidian.com/s/,409
微店:https://weidian.com/s/,396
徐庄村,289
开源商贸城,86
开封豪德贸易广场西区,489
开封豪德贸易广场东区,223
开封市鼓楼新天地,63
开封市鼓楼区解放路,133
开封市鼓楼区寺后街,187
开封市鼓楼区大纸坊街,557
开封市鼓楼区友谊商场,179
开封市鼓楼区五一街道魏都路,310
开封市鼓楼区中山路北段,78
开封市鼓楼区丁角街,59
开封市魏都路,64
开封市顺河回族区劳动路农贸市场,53
开封市顺河区汴京路,54
开封市顺河区明伦街,53
开封市顺河区宋都市场,66
开封市顺河区北门大街,51
开封市顺河区公园路,95
开封市金祥路帝湖世家,57
开封市金明大道豪德贸易广场西区,84
开封市金明大道,113
开封市金明东街,53
开封市金康苑,190
开封市郑开大道大宏城市广场,53
开封市豪德贸易广场西区,232
开封市豪德贸易广场东区,105
开封市西关北街,77
开封市禹王台区铁路北沿街,69
开封市禹王台区滨河路东段,100
开封市禹王台区新门关街,62
开封市禹王台区中大义乌商贸城,54
开封市祥符区陈留镇西街,105
开封市祥符区陈留镇南街,51
开封市祥符区袁坊乡袁坊村,89
开封市祥符区祥符市场,62
开封市祥符区祥符大道,57
开封市祥符区曲兴镇曲兴商业街,110
开封市祥符区城关镇青年路,219
开封市祥符区城关镇财源街,79
开封市祥符区城关镇纬三路,65
开封市祥符区城关镇科教大道,142
开封市祥符区城关镇祥符大道,84
开封市祥符区城关镇文化路,373
开封市祥符区城关镇开祥路,200
开封市祥符区城关镇开元街,66
开封市祥符区城关镇开元胡同,158
开封市祥符区城关镇宏达大道,200
开封市祥符区城关镇园区路,95
开封市祥符区城关镇园丁路,61
开封市祥符区城关镇县府南街,66
开封市祥符区城关镇人民路,282
开封市祥符区城关镇东京九里,104
开封市祥符区城关镇世纪大道,178
开封市祥符区城关镇上禾大道,320
开封市祥符区县府南街,127
开封市祥符区刘店乡刘店商业街,82
开封市祥符区仇楼镇仇楼村,110
开封市祥符区万隆乡万隆村,201
开封市示范区杏花营镇榆杏大道,59
开封市碧水蓝城,102
开封市汉兴路,88
开封市梁苑新村,66
开封市晋安路,79
开封市开元广场F,68
开封市小北岗新村,65
开封市宋城路,126
开封市大梁路,120
开封市中山路北段,57
开封市三大街新龙御都国际,51
开封市三大街大宏城市广场,76
开封县陈留镇西街,133
开封县陈留镇南街,118
开封县陈留镇东街,51
开封县祥符市场,70
开封县县府西街,57
开封县县府南街,199
开封县县府东街,65
开封县仇楼镇仇楼村,101
开封县万隆乡万隆村,59
开发区麒麟建材城,191
开发区,58
建设路中段,91
建设路东段,97
延津县魏邱乡中魏邱村,72
延津县胙城乡胙城村,77
延津县石婆固镇集北村,77
延津县榆林乡社区和谐路,84
延津县榆林乡榆林社区,95
延津县榆林乡榆林乡社区,72
延津县司寨乡高寨村,61
延津县千百惠总店,54
延津县亿品超市,67
延津县丰庄镇桑村,66
延津县丰庄镇南皮村,58
延津县丰庄镇丰庄社区北区,66
延津县丰庄镇丰庄社区,223
延津县丰庄镇丰庄村,165
延津县东屯镇东屯村,74
平顶山市高新区开发路与轻工路交叉口西南角,72
平顶山市高新区建设路东段,58
平顶山市湛河区杨西新村,182
平顶山市湛河区后城村,51
平顶山市湛河区北渡新村,363
平顶山市湛河区东风路市场,148
平顶山市新华区西高皇街道春晖路,111
平顶山市新华区春华国际,55
平顶山市新华区新新街刘庄市场,85
平顶山市新华区天成果水果批发市场,160
平顶山市新华区中兴路街道和平路西段负一层佳士客好H区,72
平顶山市姚电大道,65
平顶山市卫东区卫东区工人镇雅景湾一楼,77
平西社区五组,65
平舆县高杨店镇集市,99
平舆县陈蕃路北段,108
平舆县阳城镇胡岭村委,53
平舆县阳城镇后刘集,52
平舆县铁塔路,54
平舆县郭楼镇郭楼集,107
平舆县辛店乡辛店集,71
平舆县解放街西段,102
平舆县解放街中段,128
平舆县解放街东段,123
平舆县西洋店镇西洋店集,131
平舆县西塔寺街中段,52
平舆县老王岗乡老王岗集,159
平舆县玉皇庙集,116
平舆县洪河路中段,52
平舆县永乐大道中段,68
平舆县桥南市场,83
平舆县杨埠镇河南集市,116
平舆县杨埠镇河北集市,56
平舆县李屯集,136
平舆县文化路中段,68
平舆县文化路,87
平舆县挚地大道北段,64
平舆县挚地大道中段,98
平舆县建设街南段,154
平舆县建设街北段,77
平舆县建设街中段,102
平舆县庙湾镇庙湾集,107
平舆县射桥镇射桥集,65
平舆县射桥镇大孙村委,78
平舆县商业街,72
平舆县古槐商业步行街,126
平舆县双庙乡双庙集,67
平舆县十字路乡十字路集,76
平舆县健康路中段,87
平舆县健康路,76
平舆县东皇步行街,94
平舆县东和店镇,173
平舆县万金店镇万金店集,87
平舆县万冢镇万冢集,96
平桥区龙江路,81
平桥区龙井乡街,78
平桥区高梁店乡街,92
平桥区长台关乡街,86
平桥区邮电路,59
平桥区邢集镇街,163
平桥区胡店乡街,267
平桥区肖王乡街,75
平桥区肖店乡街,168
平桥区科教路,63
平桥区王岗乡街,91
平桥区洋河镇街,140
平桥区汽配城,68
平桥区査山乡街,53
平桥区查山乡街,165
平桥区彭家湾乡中心街,60
平桥区平西路,144
平桥区平桥大道,143
平桥区平昌关镇街,114
平桥区平安大道,120
平桥区大别山商场,54
平桥区团结路,56
平桥区名吃城,65
平桥区古井街,68
平桥区农林路,147
平桥区兴隆街,90
平桥区兰店乡街,79
平桥区光明路,80
平桥区人民路,66
平桥区亚兴民心街,72
平桥区中心大道,159
平原路,201
常村镇常村街,84
市宣化西街,51
市区光明路市场西,113
市区光明路市场东,120
市区人民路北段,58
市亿丰时代广场,63
市中盛建材城,51
市中盛商贸城,92
巩义市鲁庄镇鲁庄村,184
巩义市西村镇西村村,58
巩义市芝田镇芝田村,80
巩义市竹林镇长寿山风情古镇,105
巩义市涉村镇镇北路,78
巩义市涉村镇豫,57
巩义市杜甫路万洋国际商贸城,75
巩义市杜甫路万洋商贸城,108
巩义市杜甫路,88
巩义市新华路,68
巩义市新兴路,61
巩义市建设路,101
巩义市康店镇康南村,51
巩义市康店镇康北村,58
巩义市市区货场路,53
巩义市市区桐本路,58
巩义市市区新华路,87
巩义市市区新兴路,88
巩义市市区文化街,91
巩义市市区建设路,96
巩义市市区农副产品市场,95
巩义市市区交通路,56
巩义市小关镇小关村,94
巩义市小关镇口头村,112
巩义市孝义路,75
巩义市夹津口镇夹津口街,54
巩义市夹津口镇夹津口村,55
巩义市回郭镇柏峪村,55
巩义市回郭镇商贸城,80
巩义市回郭镇北罗村,58
巩义市回郭镇北寺村,60
巩义市回郭镇东庙村,66
巩义市北山口镇北山口村,65
川汇区黄河路中段,68
川汇区银珠路,77
川汇区金海路,99
川汇区汉阳路南段,55
川汇区汉阳路北段,106
川汇区汉阳路中段,63
川汇区新民街,58
川汇区新民社区,71
川汇区文昌社区居委会,237
川汇区德化街,170
川汇区建设路西段,58
川汇区建设路中段,72
川汇区建设路,178
川汇区山义街,107
川汇区复兴街,247
川汇区华耀城C-,198
川汇区华耀城C,133
川汇区华耀城B区,56
川汇区华耀城B-,269
川汇区华耀城B,162
川汇区华耀城A,114
川汇区兴业路,462
川汇区八一路中段,112
川汇区健康街,75
川汇区人和街,57
川汇区交通路西段,78
川汇区交通路中段,75
川汇区五一路北段,53
川汇区中州路北段关帝上城,85
川汇区中州路中州商城,54
川汇区中原国际商贸城B,51
川汇区中原国际商贸城A,96
川汇区七一路西段,121
川汇区七一路东段,68
嵩县黄庄乡黄庄街,245
嵩县饭坡镇饭坡街,97
嵩县饭坡乡饭坡街,124
嵩县闫庄镇闫庄街,125
嵩县车村镇铜河村,67
嵩县车村镇车村街,315
嵩县白河镇白河街,106
嵩县田湖镇田湖街,306
嵩县田湖镇毛庄村,54
嵩县木植街乡木植街,68
嵩县旧县镇旧县街,199
嵩县德亭镇德亭街,118
嵩县大章镇大章街,150
嵩县大章乡大章街,63
嵩县大坪乡大坪街,172
嵩县城金城路东段,82
嵩县城石磊街,76
嵩县城永安街,91
嵩县城水源街,83
嵩县城文化路西段,54
嵩县城文化路,65
嵩县城建设路西段,100
嵩县城建设路东段,54
嵩县城建设路,174
嵩县城广源街,63
嵩县城嵩州路东段,53
嵩县城嵩州路,119
嵩县城商业街,54
嵩县城关镇建设路,102
嵩县城关镇嵩州路,76
嵩县城人民路小商品城内,88
嵩县城人民路,143
嵩县城中心商场,51
嵩县九店乡九店街,199
崇法寺北关糖酒批发市场,134
峡西批发市场,87
山阳区解放东路豫通农贸市场,126
小陈营行政村,68
小陈营行政,111
尉氏县门楼任乡门楼任村,159
尉氏县邢庄乡豫东农贸市场,133
尉氏县邢庄乡蜜蜂赵村,89
尉氏县蔡庄镇北街村,110
尉氏县渔市街西段,52
尉氏县洧川镇南街村,58
尉氏县洧川镇东街村,205
尉氏县水坡镇水坡街,75
尉氏县朱曲镇西街,60
尉氏县新尉工业园区椅圈马村,67
尉氏县文化路西段,62
尉氏县张市镇郭家村,55
尉氏县庄头镇庄头村,103
尉氏县岗李乡韩佐村,101
尉氏县岗李乡岗李村,84
尉氏县小陈乡小陈街,77
尉氏县尉东市场,70
尉氏县大马乡大马村,155
尉氏县大营镇大营村,167
尉氏县大桥乡通院村,55
尉氏县大桥乡大桥村,160
尉氏县城铁路北街,51
尉氏县城西关北路,52
尉氏县城西关中路,55
尉氏县城文化路西段,53
尉氏县城文化路中段,106
尉氏县城建设路南段,57
尉氏县城尉东市场,191
尉氏县城人民路西段,51
尉氏县城人民路中段,104
尉氏县城人民路东段,97
尉氏县南曹乡南曹村,160
尉氏县十八里镇申庄村,143
尉氏县十八里镇十八里街,177
尉氏县十八里镇十八里村,60
尉氏县人民路西段,129
封丘县黄陵镇黄陵村,154
封丘县黄德镇黄德村,115
封丘县鲁岗镇鲁岗村,62
封丘县陈固镇陈固村,91
封丘县赵岗镇赵岗村,100
封丘县赵岗镇北常岗村,71
封丘县荆隆宫乡后桑园村,79
封丘县留光镇留光村,146
封丘县潘店镇潘店村,97
封丘县潘店镇巨岗村,60
封丘县曹岗乡曹岗村,67
封丘县应举镇东大村,73
封丘县城关乡石庄村,62
封丘县城关乡北崔村,74
封丘县冯村乡冯村,78
寺湾镇新大街,67
寺庄乡东寺庄,76
寇店镇李家村,71
寇店镇寇店村,72
宝丰县闹店镇闹店村,86
宝丰县石桥镇石桥村,239
宝丰县杨庄镇姜湾村,62
宝丰县杨庄镇农贸市场,67
宝丰县李庄乡杨庄村,67
宝丰县大市场,79
宝丰县城龙兴路,88
宝丰县城平宝路,59
宝丰县城南大街,93
宝丰县城人民路西段,52
宝丰县城人民路东段,57
宝丰县城万寿步行街,52
宝丰县商酒务镇春风市场,87
宝丰县商酒务镇商酒务村,145
宝丰县周庄镇西商农博园,115
宝丰县周庄镇周庄村,102
宝丰县周庄镇,58
宝丰县南大街,68
宝丰县亿联万洋商品博览城,71
宜阳县高村乡高村,101
宜阳县香鹿山镇段村,205
宜阳县香鹿山镇寻村,51
宜阳县韩城镇西关村,288
宜阳县韩城镇东关村,102
宜阳县锦屏镇高桥,238
宜阳县赵保镇东赵村,75
宜阳县董王庄乡董王庄村,94
宜阳县盐镇乡石陵村,154
宜阳县盐镇乡盐镇村,417
宜阳县白杨镇白杨市场,153
宜阳县白杨镇白杨五区,164
宜阳县柳泉镇鱼泉村,61
宜阳县柳泉镇水兑村,61
宜阳县柳泉镇柳泉村,217
宜阳县张坞镇凹里村,64
宜阳县张午镇凹里村,61
宜阳县城关镇锦花购物广场一楼A,77
宜阳县城关镇解放中路,68
宜阳县城关镇解放东路,74
宜阳县城关镇菜市街,53
宜阳县城关镇育新街,122
宜阳县城关镇红旗西路,140
宜阳县城关镇红旗中路,104
宜阳县城关镇红旗东路,92
宜阳县城关镇文明西路,92
宜阳县城关镇文明中路,75
宜阳县城关镇文明东路,80
宜阳县城关镇文化北路,80
宜阳县城关镇兴宜东路,76
宜阳县城关镇人民南路,64
宜阳县城关镇人民北路,52
宜阳县三乡镇西村,104
宜阳县三乡镇东村,153
宜沟镇安阳市新型制造产业园中原路,61
宛城区茶庵街,81
宛城区茶庵乡茶庵村,110
官道口镇官道口街,101
官庄工区中南路,51
宏远市场,195
宋河镇枣集行政村朱大寺,65
安阳市汤阴县韩庄镇升顺电商产业园,211
安阳市殷都区铁西路,62
安阳市殷都区邺城大道北蒙街道办事处,56
安阳市殷都区安钢大道,79
安阳市北关区灯塔路,56
安阳市北关区人民大道,72
安阳县韩陵镇韩陵大道,55
安阳县水冶镇新市场,51
安阳县柏庄新市场,86
安阳县崔家桥镇永康大道,55
安阳县安丰乡郭家屯村,53
安阳县吕村镇吕村集,55
安澜大道东侧,113
宁陵县黄岗镇幸福街,245
宁陵县阳驿乡阳一东村,227
宁陵县阳驿乡袁庄村,74
宁陵县阳驿乡汤林王村,76
宁陵县阳驿乡东村,115
宁陵县金秀商城,89
宁陵县逻岗镇清水河畔小区,159
宁陵县豫东建材市场,58
宁陵县西湖商城电商园,466
宁陵县西湖商城,183
宁陵县珠江路,73
宁陵县永乐路,93
宁陵县永乐北路科创电商产业园一楼,206
宁陵县永乐北路电商园,85
宁陵县柳河镇,580
宁陵县昆仑路（法姬娜商业街）,61
宁陵县新吾南路,75
宁陵县新吾北路,120
宁陵县张弓镇北街,61
宁陵县张弓南路,74
宁陵县张弓北路,58
宁陵县建设路,88
宁陵县建设西路,161
宁陵县建设东路,118
宁陵县城关镇骊山路,915
宁陵县城关镇长江路,392
宁陵县城关镇珠江路,1166
宁陵县城关镇汉江路,52
宁陵县城关镇永乐路,110
宁陵县城关镇永乐南路路西,1034
宁陵县城关镇永乐南路,96
宁陵县城关镇永乐北路,302
宁陵县城关镇新吾北路,911
宁陵县城关镇张弓北路,1290
宁陵县城关镇建设路,95
宁陵县城关镇建设西路,753
宁陵县城关镇信陵西路,271
宁陵县城关镇人民东路,494
宁陵县华堡镇幸福路,907
宁陵县信陵路,73
宁陵县信陵西路,133
宁陵县乔楼乡,245
季节性流动经营,107
孟津县麻屯镇麻屯街,248
孟津县麻屯镇阿新大道,93
孟津县麻屯街,82
孟津县白鹤镇白鹤街,81
孟津县朝阳镇朝阳街,80
孟津县平乐镇新庄村,63
孟津县平乐镇平乐村,57
孟津县常袋街,51
孟津县城关镇慧林西路,53
孟津县城关镇小浪底大道,84
孟津县城关镇大华商贸城,73
孟津县会盟镇雷河村,79
孟津县会盟镇陆村,141
孟庙镇杜李村,103
孟庙镇坡陈村,59
孟庙镇何庄村,98
孟州市赵和镇冶墙村,52
孟州市谷旦镇谷旦村,72
孟州市西虢镇西虢街,70
孟州市河阳市场,59
孟州市河阳大街中段,63
孟州市河阳农贸市场,60
孟州市汇丰步行街,100
孟州市建材商城,92
孟州市南庄镇桑坡村工业路,58
孟州市南庄镇桑坡村商贸大道,206
孟州市南庄镇桑坡村,157
孟州市南庄镇南庄大街,57
孟州市化工镇刘庄村,52
姜店乡姜西村,71
姜店乡姜店街,96
太康县龙曲镇龙城市场,87
太康县高贤乡高贤街,61
太康县马头镇商业街,74
太康县马厂镇马厂街,53
太康县马厂镇开发区,60
太康县逊母口镇逊母口东街,61
太康县逊母口镇逊东街,52
太康县逊母口镇北街,69
太康县逊母口镇东街,135
太康县返乡创业园,823
太康县转楼乡转楼街,60
太康县符草楼镇符西村,82
太康县电子产业园,101
太康县独塘乡独塘街,53
太康县毛庄镇黄河路北段,102
太康县毛庄镇黄河路中段恒大帝景,761
太康县毛庄镇黄河路中段,711
太康县毛庄镇黄河路,124
太康县毛庄镇银城南路与黄河路交叉口,495
太康县毛庄镇返乡创业园,570
太康县毛庄镇绿地紫台,66
太康县毛庄镇电子产业园,603
太康县毛庄镇灵运路,63
太康县毛庄镇淮河路中段上海花园,827
太康县毛庄镇淮河路,298
太康县毛庄镇楚庄村,72
太康县毛庄镇楚庄,104
太康县毛庄镇文体路万达金麟府,815
太康县毛庄镇文体路,142
太康县毛庄镇少康大道与灵运路交叉口,72
太康县毛庄镇少康大道与灵云路交叉口,548
太康县毛庄镇刘化匠村,112
太康县毛庄镇产业集聚区少康大道南段,383
太康县毛庄镇产业集聚区,78
太康县毛庄镇万达金麟府,68
太康县毛庄镇万达金鳞府,449
太康县毛庄镇万成商贸,106
太康县毛庄镇万城嘉年华,120
太康县毛庄镇万城商贸,158
太康县板桥镇板桥南街,72
太康县板桥镇南街,65
太康县杨庙乡西街,67
太康县杨庙乡杨庙街,56
太康县朱口镇西街,128
太康县朱口镇王大庙村,74
太康县朱口镇朱口西街,157
太康县张集镇北街,56
太康县建设路北段,77
太康县常营镇东街,73
太康县城关镇谢安路中段,90
太康县城关镇谢安路东段,53
太康县城关镇支农路西段,51
太康县城关镇支农路中段,99
太康县城关镇支农路东段,75
太康县城关镇德银商城院内,81
太康县城关镇建设路南段,85
太康县城关镇建设路北段,109
太康县城关镇光明路南段,65
太康县农贸市场院内,76
太康县万城商贸,55
大李庄乡大李庄街,81
大新街,94
大展宏图购物广场,59
大周镇赵庄村,60
大周镇王皮庙村,55
大周镇新尚庄村,63
大周镇小谢庄村,54
大华金商都,97
夏邑县骆集乡骆集街,53
夏邑县车站镇开发区,77
夏邑县罗庄镇新集开发区,82
夏邑县罗庄镇开发区（季节性流动经营）,129
夏邑县罗庄镇开发区,52
夏邑县罗庄镇中心社区,194
夏邑县济阳镇济西村,51
夏邑县济阳镇开发区,83
夏邑县桑固乡桑东村,78
夏邑县太平乡杨洼村高洼,66
夏邑县城关镇步行街中段路东,62
夏邑县城关镇昌盛路中段路东,72
夏邑县城关镇建设路南段路西,68
夏邑县城关镇建设路南段路东,106
夏邑县城关镇建设路中段路西,62
夏邑县城关镇建设路中段路东,69
夏邑县城关镇商贸港,57
夏邑县城关镇县府路中段路南,58
夏邑县城关镇县府路中段路北,53
夏邑县城关镇县府路东段,59
夏邑县城关镇人民路中段路南,59
夏邑县城关镇人民路中段路北,113
夏邑县城关镇中原商贸港,62
夏邑县城关镇一环路中段路北,59
夏邑县商贸港电商区,232
夏邑县县府路东段路南,75
夏邑县何营乡王营村,70
夏邑县何营乡何营村,62
夏邑县何营乡何营新街,166
夏邑县会亭镇王酒店村,55
夏邑县中峰乡开发区,100
夏邑县中峰乡中峰村,52
城郊乡张老庄,56
城郊乡乔园村,99
城关镇西干道,95
城关镇新华街,51
城关镇工业品市场,61
城关镇和平街,77
城关镇博浪沙街,57
城关镇南干道,109
城关镇北干道,94
城关镇农业路,87
城乡一体化示范区农产品批发市场瓜果区,164
圪垱店乡圪垱店村,112
固始县黎集镇交通街,78
固始县观堂乡街道,105
固始县蓼北路,78
固始县洪埠乡街道,186
固始县沙河铺乡街道,68
固始县段集镇街道,217
固始县杨集乡街道,177
固始县李店乡街道,57
固始县方集镇街道,261
固始县往流镇汇九大道,54
固始县张老埠乡街道,72
固始县城关黄河路中段,73
固始县城关黄河路东段,93
固始县城关镇黄河路中段,53
固始县城关镇中山大街,51
固始县城关蓼北路中段,62
固始县城关蓼北路东段,90
固始县城关红苏路北段,54
固始县城关红苏路中段,67
固始县城关王审知大道中段,74
固始县城关淮河路中段,104
固始县城关中山大街,51
固始县丰港乡桥沟街道,112
固始县中山大街,62
固始县中原路中段,54
固始县三河尖镇望岗街道,78
回车镇老庙岗村,288
商贸城,127
商水县黄寨镇市场,222
商水县魏集镇市场,216
商水县郝岗乡市场,228
商水县谭庄镇综合市场,100
商水县袁老市场,57
商水县袁老乡袁老市场,86
商水县袁老乡市场,62
商水县舒庄乡市场,174
商水县胡吉镇蒋桥工贸区,128
商水县胡吉镇市场,173
商水县练集镇综合市场,104
商水县练集镇市场,173
商水县白寺镇市场,233
商水县汤庄乡汤庄市场,98
商水县张明乡市场,144
商水县张庄乡李寨市场,107
商水县张庄乡张庄市场,160
商水县张庄乡市场,85
商水县平店乡平店市场,141
商水县巴村镇巴南市场,506
商水县姚集市场,66
商水县姚集乡市场,52
商水县姚集乡姚集市场,154
商水县大武乡贾庄村,63
商水县大武乡大武市场,178
商水县备战路北段（国际汽配城）,80
商水县城行政路,81
商水县城老城路北段,59
商水县城老城路,64
商水县城罗马广场,57
商水县城章华台路,119
商水县城步行街,66
商水县城新城路,107
商水县城文化路,69
商水县城公园路,59
商水县城健康路西段,52
商水县城健康路中段,61
商水县城健康路,163
商水县城五彩城南段,123
商水县城五彩城北段,128
商水县固墙镇市场,135
商水县固墙镇固墙市场,182
商水县固墙市场,65
商水县化河乡化河市场,111
商桥镇靳庄村,83
商桥镇李纪岗村,69
商桥镇大闫村,118
商桥镇大杨村,78
商桥镇商西村,161
商桥镇商南村,209
商桥镇商东村,73
商桥镇刘孟村,116
商桥镇党湾村,66
商城县汪桥镇汪桥街,89
商城县大别山综合市场,52
商城县城关镇长安市场,141
商城县城关镇金刚台大道东段,54
商城县城关镇赤城路中段,78
商城县城关镇花园路中段,140
商城县城关镇崇福大道东段,123
商城县城关镇北大街,93
商城县城关赤城路南段,63
商城县城关赤城路北段,72
商城县城关赤城路中段,67
商城县城关花园路南段,72
商城县城关崇福大道,66
商城县吴河乡吴河街道,59
商城县双椿铺镇街道,65
商城县上石桥镇街道,234
商业城,104
商丘经济开发区中意建材市场,91
商丘市虞城县郑集乡花红园,80
商丘市虞城县界沟镇朱桥口,184
商丘市虞城县界沟镇徐暗楼村,57
商丘市虞城县界沟镇徐孙庄村,71
商丘市示范区,54
商丘市睢阳区闫集乡西街,62
商丘市睢阳区闫集乡东街,133
商丘市睢阳区金桥路海通物流园,95
商丘市睢阳区郭村镇南街,211
商丘市睢阳区路河镇路河集,77
商丘市睢阳区文化西路师范学院院内,80
商丘市睢阳区府前社区,51
商丘市睢阳区宜兴路,59
商丘市睢阳区宁陈庄农贸市场内,56
商丘市睢阳区威海路,60
商丘市睢阳区商柘路路西农副产品市场,65
商丘市睢阳区商品大世界二期,61
商丘市睢阳区商品大世界一期,75
商丘市睢阳区华夏路中段,77
商丘市睢阳区北海路农贸市场内,54
商丘市睢阳区九州社区,89
商丘市睢阳区临河店乡北街,52
商丘市睢阳区临河店乡东街,67
商丘市睢阳区东方办事处凯旋路,84
商丘市睢阳区,60
商丘市梁园区高铁商业市场甲区,97
商丘市梁园区长征路,51
商丘市梁园区金鹰批发市场,111
商丘市梁园区白云街道团结东路,68
商丘市梁园区王楼乡王楼集,93
商丘市梁园区水池铺乡水池铺集,65
商丘市梁园区水池铺乡水池铺村,52
商丘市梁园区水池铺乡水池铺乡水池铺村,63
商丘市梁园区水池铺乡康城花园小区,85
商丘市梁园区民主路北电子城C区,58
商丘市梁园区民主西路,63
商丘市梁园区民主中路,78
商丘市梁园区梁园市场鞋区,128
商丘市梁园区梁园市场百货区,71
商丘市梁园区梁园市场北区,61
商丘市梁园区平原路创世钢材市场院内,66
商丘市梁园区平原路,58
商丘市梁园区刘口乡新街,55
商丘市梁园区凯旋商城,168
商丘市梁园区凯旋中路,67
商丘市梁园区光彩市场二区,73
商丘市梁园区光彩市场一区,107
商丘市梁园区京陇商贸城丙区,159
商丘市梁园区,137
商丘市城乡一体化示范区贾寨镇大街,76
商丘市城乡一体化示范区白云市场四区,66
商丘市城乡一体化示范区白云市场五区,72
商丘市城乡一体化示范区白云市场三区,73
商丘市城乡一体化示范区白云世贸,59
商丘市城乡一体化示范区农产品批发市场肉食区,165
商丘市城乡一体化示范区农产品批发市场综合区,67
商丘市城乡一体化示范区农产品批发市场粮油区,90
商丘市城乡一体化示范区农产品批发市场瓜果区凉台B,73
商丘市城乡一体化示范区农产品批发市场瓜果区,157
商丘市城乡一体化示范区农产品批发市场水产区,66
商丘市城乡一体化示范区农产品批发市场干鲜区,66
商丘市城乡一体化示范区农产品批发市场四季冷库,118
商丘市城乡一体化示范区农产品批发市场兽药区,86
商丘市城乡一体化示范区农产品中心批发市场蔬菜区,162
商丘市城乡一体化示范区农产品中心批发市场瓜果区,136
商丘市城乡一体化示范区光彩市场夜市摊位,62
商丘市城乡一体化示范区光彩市场二区,117
商丘市城乡一体化示范区光彩市场一区,341
商丘市城乡一体化示范区光彩市场,124
商丘市城乡一体化示范区亿丰国际商业博览城,93
商丘市城乡一体化示范区亿丰国际博览城二期,58
商丘市城乡一体化示范区亿丰国际博览城,172
商丘市城乡一体化示范区中州办事处红旗社区,51
商丘市城乡一体化示范区中原佳海商贸城二期,126
商丘市城乡一体化示范区中原佳海商贸城一期,143
商丘市城乡一体化示范区中原佳海商贸城,729
商丘市城乡一体化示范区万达广场室内步行街,52
商丘市城乡一体化示范区,99
唐河县龙潭镇龙潭街南段,119
唐河县黑龙镇黑龙镇街,80
唐河县马振抚镇马振抚街,146
唐河县马振抚镇双河街,84
唐河县马振抚乡马振抚街,100
唐河县马振抚乡双河街,91
唐河县郭滩镇郭滩街,208
唐河县苍台镇苍台街,261
唐河县祁仪镇祁仪街,93
唐河县祁仪乡祁仪街,234
唐河县王集乡王集街,174
唐河县滨河街道办事处舒心园市场,51
唐河县滨河街道办事处新春路中段,68
唐河县滨河街道办事处新华路南段,57
唐河县滨河街道办事处新华路中段,84
唐河县滨河街道办事处建设路西段,55
唐河县滨河街道办事处和美步行街,71
唐河县滨河街道办事处人民路南段,57
唐河县滨河街道办事处人民路中段,70
唐河县源潭镇源中街,241
唐河县源潭镇刘岗村,61
唐河县源潭镇仓库街,61
唐河县毕店镇毕店街,138
唐河县桐河乡桐河街,110
唐河县桐寨铺镇桐寨铺街,575
唐河县昝岗乡昝岗街,191
唐河县昝岗乡岗柳村,72
唐河县文峰街道解放路东段,151
唐河县文峰街道星江路中段,72
唐河县文峰街道新春路中段,138
唐河县文峰街道文峰路南段,75
唐河县文峰街道文峰路北段,110
唐河县文峰街道文峰路中段,219
唐河县文峰街道建设路中段,62
唐河县文峰街道建设路东段,210
唐河县文峰街道友兰大道东段,110
唐河县文峰街道农贸市场,108
唐河县张店镇白秋村,67
唐河县张店镇张店街,108
唐河县张店镇张店南北街,72
唐河县少拜寺镇涧岭店街,129
唐河县少拜寺镇少拜寺街,247
唐河县少拜寺乡少拜寺街,118
唐河县大河屯镇大河屯街,375
唐河县城郊乡牛园村,52
唐河县城郊乡油田基地,68
唐河县城郊乡小罗湾村,52
唐河县城郊乡刘岗村,56
唐河县古城乡古城街,211
唐河县古城乡井楼街,228
唐河县兴唐街道谢岗村,52
唐河县兴唐街道新春路南段,81
唐河县兴唐街道新春南路,85
唐河县兴唐街道宛东建材城,73
唐河县上屯镇上屯街,56
唐河县上屯镇丁岗街,325
周堂镇周一村,71
周口市黄淮市场西区,111
周口市黄淮市场东区,164
周口市麒麟建材城,148
周口市莲花路与中州路交叉口向北,66
周口市淮阳区城关回族镇新华大街,110
周口市沈丘县,526
周口市开发区黄淮市场东区,185
周口市开发区麒麟建材城,59
周口市开发区太昊路东,133
周口市市辖区黄淮市场东区,75
周口市川汇区金海办事处康楼,73
周口市川汇区蔬菜乡闫庄村六组白庄,105
周口市川汇区蔬菜乡西杨庄村八组北提根,60
周口市川汇区新民街北段,70
周口市川汇区建设路西段,100
周口市川汇区建设路,68
周口市川汇区复兴街,89
周口市川汇区华耀城文昌二组,90
周口市川汇区华耀城文昌一组,94
周口市川汇区华耀城A区,2468
周口市川汇区健康街北段,83
周口市太昊路,169
周口市太康县黄河路绿地上境,59
周口市太康县淮河路双创基地,67
周口市太康县未来路合发利创业园区,152
周口市太康县城关镇程庄社区,54
周口市太康县城关镇建设路北段,53
周口市太康县城关镇北大街,167
周口市商水县黄寨镇郑埠口村一组,79
周口市商水县黄寨镇程王营村一组,90
周口市商水县黄寨镇后王村一组,56
周口市商水县胡吉镇尚庄,81
周口市商水县胡吉镇北康庄一组,197
周口市商水县胡吉镇北康庄,64
周口市商水县张明乡沟西村,116
周口市商水县张明乡何渡口村,70
周口市商水县张明乡东老门潭村,173
周口市商水县姚集镇骆庄村,110
周口市商水县大武乡雷庄村,57
周口市商水县固墙镇郁庄村,89
周口市交通路东段,68
周口市五一路与莲花路交叉口麒麟建材城,126
周口市中原路黄淮市场东区,141
君凤煌:https://wap.jfhzfsn.com/#/pages/shopping/storeid,53
吕潭乡尚村岗,57
后河镇后河村,69
吉利区里村市场,51
吉利区中原路中段,57
叶县邓李乡邓李街,51
叶县辛店镇辛店村,89
叶县昆阳商城,283
叶县文化路东段,58
叶县常村镇常村街,108
叶县夏李乡夏李街,101
叶县叶邑镇常庄村,69
叶县保安镇,52
台前县金水路北段,51
台前县金水路中段,54
台前县孙口镇金水南路,55
台前县孙口镇南孟社区,58
台前县侯庙镇苗口东村,58
台前县人民路西段,58
台前县人民路东段,113
召陵区阳山路东城办电子产业园,131
召陵区邓襄镇王庄村,66
召陵区老窝镇五七街,167
召陵区召陵镇黄庄村,65
召陵区召陵镇黄庄,61
召陵区东城电商园,79
召陵区东兴电商园阳山路西侧,61
县城金泰盛世步行街,57
县城解放路北段,61
县城解放路,52
县城红旗路,59
县城灌河路南段,153
县城灌河路,182
县城朝阳路南段,75
县城新建路,83
县城商贸城,69
县城健康路,65
县城人民路西段,59
县城人民路南段,63
县城人民路中段,52
县城人民路,86
县城丹江大道,144
原阳县齐街镇西街村,71
原阳县齐街镇北街村和平北路,51
原阳县齐街镇北街村,118
原阳县靳堂乡靳堂村,54
原阳县靳堂乡包北村,51
原阳县陡门乡郭庄村,69
原阳县路寨乡许南村,56
原阳县葛埠口乡尹圪垱村,56
原阳县福宁集镇西寨村,91
原阳县福宁集镇新建村,90
原阳县福宁集镇后堤村,96
原阳县福宁集镇东庄村,144
原阳县福宁集镇东寨村,134
原阳县官厂乡小庄村,62
原阳县官厂乡官厂村,115
原阳县官厂乡商业街,159
原阳县官厂乡刘固村,54
原阳县太平镇太南村,76
原阳县太平镇太南,57
原阳县太平镇太北,51
原阳县大宾乡大宾村,82
原阳县城关镇顺城街,51
原阳县城关镇西干道,140
原阳县城关镇衙前街,60
原阳县城关镇胜利街,133
原阳县城关镇新华街,104
原阳县城关镇文岩街,114
原阳县城关镇建设街,94
原阳县城关镇府君庙街,114
原阳县城关镇小北街,101
原阳县城关镇和平街,59
原阳县城关镇博浪沙街,111
原阳县城关镇南街,68
原阳县城关镇南干道,148
原阳县城关镇北干道,202
原阳县城关镇东街,96
原阳县原兴北东,71
原康镇原康村,100
卫辉市李源屯镇车站,102
卫辉市唐庄镇唐庄村,54
卫辉市后河镇后河村,81
卫辉市上乐村镇上乐一村,65
卫东区工人镇雅景湾一楼,783
卫东区光华路蒲城办事处吉祥电子厂,376
卫东区光华路平安大道辛北村,116
卫东区东环路综合市场二期,54
卧龙区青华镇青华街,93
卧龙区英庄镇英庄街,58
卧龙区光武街道百里奚路光彩大市场,218
卢氏县沙河乡沙河街,51
卞路口中心街,268
博爱县金城乡西金城村,56
博爱县金城乡张茹集村,74
博爱县孝敬镇南水屯村,60
南阳高新区中关村科技产业园南新路东侧赵营,59
南阳市麒麟路,64
南阳市高新区北建材市场,97
南阳市长江路,96
南阳市车站路永诚商厦,191
南阳市车站路,109
南阳市车站南路,95
南阳市示范区华耀城轻纺针织区,65
南阳市示范区华耀城副食百货区,115
南阳市百里奚路光彩大市场,64
南阳市百里奚路,93
南阳市永诚商厦,83
南阳市武侯路,68
南阳市梅溪路,72
南阳市新店乡新店街,62
南阳市新华西路,178
南阳市新华城市广场C,73
南阳市新华城市广场A,52
南阳市文化路,151
南阳市文化宫西街,52
南阳市建设路,60
南阳市工业路,205
南阳市工业北路,70
南阳市宛城区解放路,63
南阳市宛城区联合街,65
南阳市宛城区汉冢街,87
南阳市宛城区桑园路,79
南阳市宛城区新华东路,68
南阳市宛城区建设东路明珠商城,69
南阳市宛城区建设东路宇信凯旋城,66
南阳市宛城区工农路,119
南阳市宛城区孔明路建业凯旋广场,122
南阳市宛城区两相路老庄农贸市场,78
南阳市官庄工区胜利路东头,1047
南阳市唐河县郭滩镇郭滩街,53
南阳市唐河县郭滩镇解放路,52
南阳市唐河县滨河街道福州路,57
南阳市唐河县泗洲街道银花路,66
南阳市唐河县泗洲街道舒心园,54
南阳市唐河县泗洲街道澄源路,62
南阳市唐河县泗洲街道新春路,92
南阳市唐河县泗洲街道新华路,127
南阳市唐河县泗洲街道和美步行街,54
南阳市唐河县泗洲街道友兰大道,54
南阳市唐河县泗洲街道人民路,107
南阳市唐河县文峰街道解放路东段,87
南阳市唐河县文峰街道星江路中段,54
南阳市唐河县文峰街道新春路中段,66
南阳市唐河县文峰街道文峰路南段,53
南阳市唐河县文峰街道文峰路北段,68
南阳市唐河县文峰街道文峰路中段,115
南阳市唐河县文峰街道文峰路,133
南阳市唐河县文峰街道建设路中段,51
南阳市唐河县文峰街道建设路东段,145
南阳市唐河县文峰街道友兰大道东段,94
南阳市唐河县文峰街道北京大道东段,67
南阳市唐河县文峰街道农贸市场,91
南阳市唐河县临港街道福州路,81
南阳市卧龙路,109
南阳市卧龙区靳岗办事处靳岗街,64
南阳市卧龙区陆营镇陆营街,62
南阳市卧龙区车站街道办事处车站路,127
南阳市卧龙区车站南路,59
南阳市卧龙区王村乡王村街,61
南阳市卧龙区工业路,128
南阳市卧龙区工业南路,52
南阳市卧龙区安皋镇安皋街,66
南阳市卧龙区卧龙路,119
南阳市卧龙区八一路,68
南阳市卧龙区光武街道光彩社区百里奚路光彩大市场,131
南阳市卧龙区光彩大市场,52
南阳市卧龙区七一路,84
南阳市医圣祠街,194
南阳市兴隆路,71
南阳市八一路,158
南阳市光彩大市场,177
南阳市仲景北路,59
南阳市人民路,84
南阳市人民北路,53
南阳市中州路,102
南阳市中州西路,89
南阳市中商农产品批发市场,130
南阳市七一路,137
南阳市,58
南阳光彩大市场,55
南街集贸市场,102
南召县黄洋路南段,52
南召县石门乡老街,150
南召县石门乡吉祥街,100
南召县皇后乡北召店街,53
南召县崔庄乡崔庄街,159
南召县城关镇东北村青峰山,53
南召县南河店镇新街,57
南召县人民路南段,116
南召县产业集聚区,71
南召县云阳镇建设路南段,54
南召县云阳镇人民路中段,148
南召县云阳镇人民路东段,56
南京路,51
南乐县谷金楼乡谷金楼集,74
南乐县寺庄乡东寺庄,65
华龙区文明路农贸市场,58
华夏大道,265
北环水产大世界,78
北关区月星欧蓓莎环球港,91
北关区安漳大道与东风路交叉口向东,114
北关区人民大道华隆国际小商品城二层B区,52
北关区,117
北京口袋时尚科技有限公司:https://weidian.com/s/,57
包屯镇包屯街,108
刘楼乡郑和路,110
刘庄店镇中心街,77
出租汽车流动经营,51
凤泉区大块镇大块村,61
凤城大道,163
内黄县高堤乡北公路,56
内黄县果蔬城S,57
内黄县二安镇前安村,81
内黄县万洋国际广场,125
内乡县瓦亭镇人民路,59
内乡县师岗镇文化路,58
内乡县七里坪乡七里坪街,61
关林皂角树村第二市场,187
关林市场,334
兰考县闫楼乡闫南村,67
兰考县许河乡许河村,57
兰考县葡萄架乡葡萄架村,65
兰考县胜利路南段,52
兰考县胜利路北段,133
兰考县考城镇城南村,51
兰考县红庙镇双杨树村,96
兰考县红庙镇东村,66
兰考县爪营乡一村,51
兰考县温州商贸城,87
兰考县张君墓镇张南村,139
兰考县小宋乡小宋村,96
兰考县孟寨乡孟寨村,221
兰考县堌阳镇西关村,52
兰考县南彰镇南彰村,207
兰考县仪封乡仪封村,82
兰考县人民路中段,67
兰考县中山西街,81
兰考县中山南街,61
兰考县中山北街,72
兰考县中山东街,83
六村乡穆六村,83
光彩市场C区,64
光彩市场B区,128
光山县马畈镇街道,87
光山县罗陈乡街道,108
光山县泼陂河街,144
光山县晏河乡晏河街,80
光山县寨河镇街道,141
光山县宝相寺市场,138
光山县城新时代花园广场,62
光山县城弦山南路,119
光山县城弦山北路,85
光山县城宝相寺市场,241
光山县城司马光西路,72
光山县城兴隆路,98
光山县南向店街,78
光山县十里镇街道,77
光山县北向店街,65
光山县仙居乡街道,73
偃师市高龙镇石牛村,68
偃师市高龙镇火神凹,274
偃师市高龙镇左村,59
偃师市首阳山镇市场,60
偃师市顾县镇顾县村,257
偃师市顾县镇营防口村,89
偃师市顾县镇史家湾村,52
偃师市诸葛镇诸葛街,75
偃师市翟镇翟西村,127
偃师市翟镇翟东村,119
偃师市翟镇王七村,54
偃师市缑氏镇缑氏村,253
偃师市槐新街道办事处民主路,63
偃师市李村镇李村街,114
偃师市府店镇西口孜村,60
偃师市府店镇府西村,249
偃师市府店镇府南村,287
偃师市岳滩镇寇圪垱村,65
偃师市山化镇东屯村,52
偃师市大口乡马村,73
偃师市大口乡焦村,51
偃师市大口乡张村,57
偃师市大口乡大口村,79
偃师区府店镇车李村,83
偃师区府店镇来定村,52
偃师区府店镇府西村,182
偃师区府店镇府南村,143
修武县城关镇为民路,70
修武县城关镇七贤大道,59
修武县云台山镇古洞爻村,82
修武县七贤镇沙墙村,76
信阳市羊山新区青龙街,61
信阳市羊山新区新七大道恒大名都,68
信阳市羊山新区政和花园C区,59
信阳市羊山新区恒大名都,51
信阳市羊山新区建材港,94
信阳市羊山新区府都花园,78
信阳市羊山新区居然之家,89
信阳市羊山新区国际商城,227
信阳市羊山新区南京路,150
信阳市羊山新区京汉街,54
信阳市浉河区金牛山街道金鼎社区(流动货摊),60
信阳市浉河区金牛山街道金牛社区(流动货摊),59
信阳市浉河区金牛山街道和孝营社区,57
信阳市浉河区胜利南路,72
信阳市浉河区申碑路金杯花园,73
信阳市浉河区浉河市场,51
信阳市浉河区民权路,69
信阳市浉河区新马路,63
信阳市浉河区新建街,53
信阳市浉河区新华西路,90
信阳市浉河区新华市场,158
信阳市浉河区新华东路,124
信阳市浉河区成功花园,73
信阳市浉河区工区路,416
信阳市浉河区北京路,80
信阳市浉河区人民路,96
信阳市浉河区东方红大道,186
信阳市浉河区万家灯火城市广场,62
信阳市浉河区万家灯火,196
信阳市浉河区,56
信阳市明港胜利街,56
信阳市明港红卫街,61
信阳市明港工人街,57
信阳市明港商贸城,102
信阳市明港农工路,67
信阳市明港军民路东,83
信阳市明港中山街,169
信阳市明港,134
信阳市平桥区建材港,118
信阳市工区路,72
信阳市国际商城,197
信阳国际商城,65
伊滨区李村镇,294
伊川县鸣皋镇鸣皋村,58
伊川县高山镇高山市场,69
伊川县白沙镇白沙村,74
伊川县江左镇江左村,116
伊川县水寨镇水寨村,99
伊川县水寨镇姬磨村,97
伊川县彭婆镇彭婆村北,100
伊川县平等乡,111
伊川县城关镇酒城路,57
伊川县城关镇八一路,81
伊川县城关镇人民西路,62
伊川县吕店镇吕店村,87
仓库路,66
人民路西段,54
人民路,147
人民大道东段路北,111
人民东路闽豫建材城,80
亳城乡西亳城村,119
交通路中段天龙市场,264
五里桥镇走马岗村,104
五里桥镇葛营村,117
五里桥镇封店村,105
五里桥镇土槽村,51
五里桥镇北堂村,96
五星乡大拱桥村,134
五星乡五星集,107
习城乡甘露集,110
九重镇交通路,95
义马市珠江路西段,58
义马市珠江路中段,70
义马市滨河路,124
义马市振兴路,57
义马市东区毛沟,53
义乌国际商贸城一楼,56
义乌商贸城一楼,78
丹江大道,53
临颍县陈庄乡陈庄村,66
临颍县窝城镇窝城村,103
临颍县皇帝庙乡皇帝庙村,119
临颍县皇帝庙乡商桥村,55
临颍县瓦店镇瓦店村,139
临颍县瓦店镇后徐村,56
临颍县瓦店镇刘庄村,62
临颍县瓦店镇,65
临颍县王岗镇谢庄村,103
临颍县王岗镇袁庄村,61
临颍县王岗镇水牛宋村,109
临颍县王岗镇梁岗村,146
临颍县王岗镇墩台李村,56
临颍县王岗镇南村,195
临颍县王岗镇北村,229
临颍县王孟镇潩民路工业区,142
临颍县杜曲镇龙堂村,89
临颍县杜曲镇朱集村,104
临颍县杜曲镇岗张村,72
临颍县新城区文化路中段,65
临颍县新城区农产品批发市场,97
临颍县新城区,153
临颍县巨陵镇巨陵街,69
临颍县巨陵镇商业街,55
临颍县城关镇,56
临颍县城关西大街路南,64
临颍县城关,87
临颍县三家店镇三家店村,74
临颍县,140
丰庄镇丰庄村,78
中牟县黄店镇黄店村,131
中牟县韩寺镇小韩村,89
中牟县韩寺镇古城村,91
中牟县雁鸣湖镇西村,84
中牟县郑庵镇鑫泰汽车产业园,103
中牟县郑庵镇福山社区,53
中牟县郑庵镇宏达车业广场,100
中牟县贸易区,77
中牟县狼城岗镇西狼村,93
中牟县广惠街占杨新村,62
中牟县官渡镇板桥村,78
中牟县官渡市场,69
中牟县官渡大街西段北侧,61
中牟县姚家镇新市场,51
中牟县姚家镇姚家村,57
中牟县刁家乡刁家村,80
中牟县万邦调味品市场A,80
中牟县万邦粮油市场B,165
中牟县万邦物流园冻品区D,144
中牟县万邦物流园B,132
中牟县万邦物流园A,252
中牟县万邦物流园,139
中牟县万邦干果市场B,160
中国（河南）自由贸易试验区洛阳片区（高新）河洛路,61
中国（河南）自由贸易试验区洛阳片区（高新）春城路,61
中国（河南）自由贸易试验区洛阳片区高新区河洛路,71
中国(河南)自由贸易试验区洛阳片区高新区滨河北路,67
中国(河南)自由贸易试验区洛阳片区高新区河洛路,175
中国(河南)自由贸易试验区洛阳片区高新区春城路,75
中国(河南)自由贸易试验区洛阳片区高新区丰华路,89
中国(河南)自由贸易试验区洛阳片区涧西区蓬莱路,71
中原国际商贸城A,144
中原区颖河路,114
中原区陇海西路,125
中原区秦岭路,200
中原区百花路,53
中原区煤仓北路,53
中原区煤仓北街,66
中原区棉纺路锦艺三期,62
中原区棉纺西路,248
中原区桐柏路,70
中原区桐柏北路,109
中原区建设西路,131
中原区工人路,101
中原区友爱路,96
中原区伏牛路,138
中原区伊河路,230
中原区中原西路,166
中原区中原中路,584
东方红大道,60
东方文化商业步行街,115
东姚镇东姚村,133
东城区雪枫路,144
东城区铁南路中段,55
东城区贺寨市场,68
东城区贺寨农贸市场,51
东城区芒山路中段,102
东城区百花路,100
东城区永兴路,66
东城区永兴街中段,97
东城区永兴街东段,55
东城区欧蓓莎国际商城,62
东城区欧亚商贸城,69
东城区曹楼市场,133
东城区文化路南段,58
东城区文化路,52
东城区开源路西段,54
东城区名牌一条街,60
东城区华兴步行街,58
东城区光明路东段,98
上蔡县黄埠镇黄埠集,51
上蔡县麦仁村,77
上蔡县韩寨乡韩寨集,93
上蔡县重阳办事处蔡明路,92
上蔡县重阳办事处看花楼村,96
上蔡县西洪乡西洪集,59
上蔡县蔡沟乡蔡沟集,94
上蔡县百尺乡百尺集,85
上蔡县白云观市场内,74
上蔡县白云观市场,134
上蔡县白云大道北段路西,90
上蔡县杨集镇杨集集,56
上蔡县朱里镇朱里集,59
上蔡县无量寺集,119
上蔡县无量寺乡无量寺集,64
上蔡县崇礼乡崇礼集,228
上蔡县大路李集,105
上蔡县大路李乡大路李集,62
上蔡县和店镇和店集,110
上蔡县和店乡和店集,84
上蔡县党店镇党店集,110
上蔡县五龙乡五龙集,107
上蔡县东岸乡东岸集,132
上官镇孟庄村,80
上官镇上官村,127
三门峡西批发市场,63
三门峡市陕州区西张村镇张村街,67
三门峡市陕州区菜园乡菜园街,67
三门峡市湖滨区和平路嘉亿广场,52
三门峡市义乌国际商贸城B座二层女装区,64
三桥安置小区,68
丁河镇邪地村,86
丁河镇简村村,74
丁河镇北峪村,71
丁河镇丁河街,76
x新野县上庄乡上庄街,73
,908
